Workbook

Sheet 首页
C4: NGFW V6R01C01 日志中心特性测试用例
C15: 拟定 | D15: 赵海波 | F15: 日期 | G15: 45575
C17: 审核 | F17: 日期 | G17: XXXX/XX/XX
C19: 批准 | F19: 日期
E23: 修订记录
C25: 日期 | D25: 修订版本 | E25: 修改记录 | I25: 修改人
C26: 44764 | D26: V1.0 | E26: 初稿输出 | I26: 赵海波

Sheet 测试点分析
A1: 四级目录 | B1: 五级目录 | C1: 测试点 | D1: 测试设计方法 | E1: 适用场景 | F1: 用例规模（个） | G1: 测试数据
A2: 配置管理
B3: 日志服务器配置
B4: 日志过滤配置
B5: 日志备份配置
B6: 日志归并配置
B7: 调试日志配置
B8: 信息收集配置
B9: 异常信息导出配置
B10: 防火墙日志管理配置
A11: 日志管理
B12: 防火墙日志
C13: 验证日志查询功能 | D13: 等价类划分&数据组合 | F13: 17 | G13: 1、系统日志、操作日志、入侵防御日志、防病毒日志、内容过滤日志、文件过滤日志、URL过滤日志、WEB防护日志、防暴力破解日志、弱密码日志、控制策略阻断日志、单包防护日志、Flood攻击日志、黑白名单日志、EDR推广日志、IPSecVPN日志的模糊查询和高级查询功能（清除条件、刷新）
C14: 验证日志高级精确过滤功能 | D14: 等价类划分&数据组合 | F14: 17 | G14: 1、系统日志、操作日志、入侵防御日志、防病毒日志、内容过滤日志、文件过滤日志、URL过滤日志、WEB防护日志、防暴力破解日志、弱密码日志、控制策略阻断日志、单包防护日志、Flood攻击日志、黑白名单日志、EDR推广日志、IPSecVPN日志的模糊查询和高级查询功能（清除条件、刷新）
C15: 验证日志查询模糊过滤功能 | D15: 等价类划分&数据组合 | F15: 17 | G15: 1、系统日志、操作日志、入侵防御日志、防病毒日志、内容过滤日志、文件过滤日志、URL过滤日志、WEB防护日志、防暴力破解日志、弱密码日志、控制策略阻断日志、单包防护日志、Flood攻击日志、黑白名单日志、EDR推广日志、IPSecVPN日志的模糊查询和高级查询功能（清除条件、刷新）
C16: 日志查询时间测试 | D16: 等价类划分&数据组合 | F16: 2 | G16: 时间,修改系统时间
C17: 日志管理功能 | D17: 直接分析 | F17: 16 | G17: 日志清除
B18: 日志归并
C19: 日志归并功能测试 | D19: 直接分析 | F19: 9 | G19: 日志归并开启（入侵防御、防病毒、内容过滤、文件过滤、URL过滤、Web防护、防暴力破解、弱密码）、关闭。
C20: 日志归并周期测试 | D20: 等价类划分&数据组合 | F20: 3 | G20: 最大值，最小值，典型值
C21: 验证多种日志的归并相互不影响 | D21: 直接分析 | F21: 1
C22: 日志归并是修改配置测试 | D22: 直接分析 | F22: 1
B23: 日志清理
C24: 日志容量清理功能 | D24: 直接分析 | F24: 16 | G24: 系统日志、操作日志、入侵防御日志、防病毒日志、内容过滤日志、文件过滤日志、URL过滤日志、WEB防护日志、防暴力破解日志、弱密码日志、控制策略阻断日志、单包防护日志、Flood攻击日志、黑白名单日志、EDR推广日志、IPSecVPN日志
C25: 日志清除功能 | D25: 直接分析 | F25: 16 | G25: 支持的日志：系统日志、入侵防御日志、防病毒日志、内容过滤日志、文件过滤日志、URL过滤日志、WEB防护日志、防暴力破解日志、弱密码日志、控制策略阻断日志、单包防护日志、Flood攻击日志、黑白名单日志、EDR推广日志、IPSecVPN日志 不支持的日志:操作日志
C26: 日志容量清理时的归并功能测试 | D26: 直接分析 | F26: 1 | G26: 不需要设计用例，没有影响
B27: 日志备份
C28: 日志备份文件前端管理功能 | D28: 直接分析 | F28: 3 | G28: 前端查看，条件筛选、下载
C29: 日志备份文件后台管理功能 | D29: 直接分析 | F29: 2 | G29: 有盘设备、无盘设备
C30: 日志自动备份功能测试 | D30: 直接分析 | F30: 2 | G30: 有备份文件，无备份文件 系统日志、操作日志、入侵防御日志、防病毒日志、内容过滤日志、文件过滤日志、URL过滤日志、WEB防护日志、防暴力破解日志、弱密码日志、控制策略阻断日志、单包防护日志、Flood攻击日志、黑白名单日志、EDR推广日志、IPSecVPN日志按天备份功能和超规格备份功能，观察备份文件名称和时间
C31: 日志超规格备份功能测试 | D31: 直接分析 | F31: 17 | G31: 有备份文件，无备份文件？ 系统日志、操作日志、入侵防御日志、防病毒日志、内容过滤日志、文件过滤日志、URL过滤日志、WEB防护日志、防暴力破解日志、弱密码日志、控制策略阻断日志、单包防护日志、Flood攻击日志、黑白名单日志、EDR推广日志、IPSecVPN日志按天备份功能和超规格备份功能，观察备份文件名称和时间
C32: 日志备份文件清理功能测试 | D32: 直接分析 | F32: 3 | G32: 备份周期（最大值、最小值、典型值）、备份周内的文件不删除，超过周期的文件会删除
C33: 日志备份周期修改测试 | D33: 直接分析 | F33: 1 | G33: 备份周期凌晨2点生效测试
C34: 日志归并时的日志备份测试 | D34: 直接分析 | F34: 1
C35: 日志清理后的日志备份测试 | D35: 直接分析 | F35: 1
C36: 磁盘空间满时的日志备份测试 | D36: 直接分析 | F36: 1
B37: 日志导入导出
C38: 日志导出功能测试 | D38: 直接分析 | F38: 16 | G38: 系统日志、操作日志、入侵防御日志、防病毒日志、内容过滤日志、文件过滤日志、URL过滤日志、WEB防护日志、防暴力破解日志、弱密码日志、控制策略阻断日志、单包防护日志、Flood攻击日志、黑白名单日志、EDR推广日志、IPSecVPN日志导出日志的字段正确，文件名称正确
C39: 最大数量的日志导出功能测试 | D39: 直接分析 | F39: 1
C40: 修改系统时间对日志导出的影响 | D40: 直接分析 | F40: 1
A41: 日志服务器
B42: 日志外发
C43: 日志外发协议测试 | D43: 等价类划分&数据组合 | F43: 5 | G43: syslog（支持tcp和udp，支持加密和不加密），restAPI（加密且只支持tcp格式），tcp和udp端口边界，源IP测试
C44: 日志外发并发测试 | D44: 直接分析 | F44: 1
C45: 日志服务器连接可靠性测试 | D45: 直接分析 | F45: 5 | G45: 日志服务器地址变化（地址，端口、协议方式）、路由状态变化（策略路由、静态路由）、链路震荡，区分UDP和TCP断链
C46: 日志外发接口IP地址变化测试 | D46: 直接分析 | F46: 1 | G46: 接口IP地址变化
B47: 外发过滤 | G47: 标准格式的日志过滤，电网格式，s6000_fw,s6000_ips
C48: 验证安全日志过滤功能 | D48: 直接分析 | F48: 16 | G48: 入侵防御日志、防病毒日志、内容过滤日志、文件过滤、URL过滤日志、WEB防护日志、防暴力破解日志、弱密码日志。日志级别支持信息、低危、中危、高危、严重。
C49: 验证系统日志过滤功能 | D49: 直接分析 | F49: 4 | G49: 系统日志、操作日志。日志级别支持调试、信息、警告、错误、致命、严重错误
C50: 验证流量日志过滤功能 | D50: 直接分析 | F50: 6 | G50: 控制策略阻断日志、允许日志，流日志，NAT日志
C51: 在线修改配置后的日志外发功能 | D51: 直接分析 | G51: 1、日志服务器、日志过滤（类型和级别）
C52: s6000和电力格式日志过滤功能 | D52: 直接分析 | F52: 4 | G52: 标准格式、电力格式，s6000_ips，s6000_fw，配置值和默认值
B53: 日志外发格式 | G53: 非标格式下的日志外发和日志过滤
C54: 日志外发格式修改测试 | D54: 直接分析 | F54: 3 | G54: 不同日志外发格式修改配置测试、日志服务器、日志过滤
C55: 日志外发格式切换测试 | D55: 直接分析 | F55: 4 | G55: 标准格式、电力格式，s6000_ips，s6000_fw
C56: 验证标准格式和其他非标格式日志外发功能 | D56: 直接分析 | F56: 12 | G56: 电力格式，s6000_ips，s6000_fw，基本信息、安全策略、告警信息、心跳日志
C57: s6000_fw格式时IPv4策略内容外发功能 | D57: 等价类划分&数据组合 | F57: 20 | G57: 地址对象、服务对象、地区对象、时间对象
C58: s6000_fw格式时IPv6策略内容外发功能 | D58: 等价类划分&数据组合 | F58: 20 | G58: 地址对象、服务对象、地区对象、时间对象
B59: S6000格式外发
A60: 设备日志管理
B61: 调试日志管理
C62: 日志每分钟轮转测试 | D62: 直接分析 | F62: 2 | G62: 1、如果/trace目录占用率大于90%时，删除/trace/coredump/*，执行每小时任务 2、每分钟任务：如果/var/log目录占用大于90%时，则将/var/log目录清空truncate -s 0 /var/log/*
C63: die日志生成测试 | D63: 直接分析 | F63: 10
C64: 日志每小时轮转测试 | D64: 直接分析 | F64: 6 | G64: trace/log/*.log，/trace/log/secure，/var/log/messages，/var/log/syslog，/var/log/auth.log，/var/log/syslog进行轮转处理
C65: 调试日志开启和关闭测试 | D65: 直接分析 | F65: 3 | G65: 关闭调试日志的时候会打包/trace/log全收集起来打tar存放/userdata/userfile/gatherinfo 开启调试日志时会开启/appdata/etc/agentcfg/supervisor.conf中所有守护进程的日志，重启防火墙后该开关失效
B66: 信息收集
C67: 异常信息收集功能 | D67: 直接分析 | F67: 2 | G67: 密码系统信息的密码是ngfw123!@#
C68: 信息收集限制测试 | D68: 直接分析 | F68: 2 | G68: etcd的配置量小于2k条
A69: 管理维护
B70: DFX
C71: 日志容量测试 | D71: 直接分析 | F71: 3 | G71: 整机容量测试，规格测试，满规格时的增删改查测试
C72: 日志速率测试 | D72: 直接分析 | F72: 2 | G72: 日志写入速率、日志外发速率
C73: 反复操作时日志功能测试 | D73: 直接分析 | F73: 9 | G73: 反复修改日志格式，日志服务器，日志过滤，日志归并，信息收集、调试日志，反复收集日志、日志导出、查看日志
C74: 日志文件容量测试 | D74: 直接分析 | F74: 3 | G74: 日志备份文件、日志收集文件、异常信息收集
C75: 日志已配置存库测试 | D75: 直接分析 | F75: 3 | G75: 日志服务器、日志备份、日志归并，日志过滤、日志格式、信息收集配置存库测试，导入测试。
C76: 日志格式配置重置测试 | D76: 直接分析 | F76: 1 | G76: 日志格式配置重置测试
C77: 日志主备同步功能 | D77: 直接分析 | F77: 5 | G77: 日志配置主备同步功能（日志服务器、日志备份、日志归并，日志过滤、日志格式、信息收集配置），双主和主备
B78: 日志进程管理
C79: 进程守护功能测试 | D79: 直接分析 | F79: 4 | G79: kill influxd和dbtask观察日志功能syslogd，logserver
C80: 进程启动 | D80: 直接分析 | F80: 2 | G80: 有盘，无盘

Sheet 测试组网设计
A1: 名称 | B1: NE1_link0
A2: 组网图
A23: 名称 | B23: NE1_ins
A24: 组网图
A45: 名称 | B45: NE1_link4_ins
A46: 组网图
A67: 名称 | B67: NE4_link5_ins
A68: 组网图

Sheet 防火墙日志管理
A1: 测试点汇总 | B1: 测试点 | C1: 测试设计方法 | D1: 适用场景 | E1: 用例规模（个） | F1: 测试数据
B2: 验证日志查询功能 | C2: 等价类划分&数据组合 | E2: 17 | F2: 1、系统日志、操作日志、入侵防御日志、防病毒日志、内容过滤日志、文件过滤日志、URL过滤日志、WEB防护日志、防暴力破解日志、弱密码日志、控制策略阻断日志、单包防护日志、Flood攻击日志、黑白名单日志、EDR推广日志、IPSecVPN日志的模糊查询和高级查询功能（清除条件、刷新）
B3: 验证日志高级精确过滤功能 | C3: 等价类划分&数据组合 | E3: 17 | F3: 1、系统日志、操作日志、入侵防御日志、防病毒日志、内容过滤日志、文件过滤日志、URL过滤日志、WEB防护日志、防暴力破解日志、弱密码日志、控制策略阻断日志、单包防护日志、Flood攻击日志、黑白名单日志、EDR推广日志、IPSecVPN日志的模糊查询和高级查询功能（清除条件、刷新）
B4: 验证日志查询模糊过滤功能 | C4: 等价类划分&数据组合 | E4: 17 | F4: 1、系统日志、操作日志、入侵防御日志、防病毒日志、内容过滤日志、文件过滤日志、URL过滤日志、WEB防护日志、防暴力破解日志、弱密码日志、控制策略阻断日志、单包防护日志、Flood攻击日志、黑白名单日志、EDR推广日志、IPSecVPN日志的模糊查询和高级查询功能（清除条件、刷新）
B5: 日志查询时间测试 | C5: 直接分析 | E5: 2 | F5: 时间,修改系统时间
B6: 日志清理功能 | C6: 直接分析 | E6: 16 | F6: 日志清除（放到日志清理中）
A7: 验证日志查询功能 | B7: 【设计方法】等价类划分&数据组合
B8: 步骤1:等价类划分
B9: 等价类划分 | C9: 测试数据 | D9: 有效类 | E9: 无效类 | F9: 选取策略 | G9: 选取结果
C10: 系统日志 | D10: 时间 | F10: 数据名称和分类独立 | G10: 数据名称=系统日志;有效值=时间,日志级别,日志描述
D11: 日志级别
D12: 日志描述
C13: 操作日志 | D13: 时间 | F13: 数据名称和分类独立 | G13: 数据名称=操作日志;有效值=时间,日志级别,管理员,管理员角色,管理员IP,日志描述
D14: 日志级别
D15: 管理员
D16: 管理员角色
D17: 管理员IP
D18: 日志描述
C19: 入侵防御日志 | D19: 时间 | F19: 数据名称和分类独立 | G19: 数据名称=入侵防御日志;有效值=时间,日志级别,源地址,源端口,目的地址,目的端口,协议,策略ID,规则名称,规则类型,攻击次数,命中配置,告警周期,动作
D20: 日志级别
D21: 源地址
D22: 源端口
D23: 目的地址
D24: 目的端口
D25: 协议
D26: 策略ID
D27: 规则名称
D28: 规则类型
D29: 攻击次数
D30: 命中配置
D31: 告警周期
D32: 动作
C33: 防病毒日志 | D33: 时间 | F33: 数据名称和分类独立 | G33: 数据名称=防病毒日志;有效值=时间,日志级别,源地址,源端口,目的地址,目的端口,协议,策略ID,攻击次数,应用类型,文件名,文件大小,病毒类型,动作,来源
D34: 日志级别
D35: 源地址
D36: 源端口
D37: 目的地址
D38: 目的端口
D39: 协议
D40: 策略ID
D41: 攻击次数
D42: 应用类型
D43: 文件名
D44: 文件大小
D45: 病毒类型
... D47: 来源
C48: 内容过滤日志 | D48: 时间 | F48: 数据名称和分类独立 | G48: 数据名称=内容过滤日志;有效值=时间,日志级别,源地址,源端口,目的地址,目的端口,协议,策略ID,动作,过滤类型,攻击次数,关键字
D49: 日志级别
D50: 源地址
D51: 源端口
D52: 目的地址
D53: 目的端口
D54: 协议
D55: 策略ID
D56: 动作
D57: 过滤类型
D58: 攻击次数
D59: 关键字
C60: 文件过滤日志 | D60: 时间 | F60: 数据名称和分类独立 | G60: 数据名称=文件过滤日志;有效值=时间,日志级别,源地址,源端口,目的地址,目的端口,策略ID,应用类型,攻击次数,文件名,动作,日志描述
D61: 日志级别
D62: 源地址
D63: 源端口
D64: 目的地址
D65: 目的端口
D66: 策略ID
D67: 应用类型
D68: 攻击次数
D69: 文件名
D70: 动作
D71: 日志描述
C72: URL过滤日志 | D72: 时间 | F72: 数据名称和分类独立 | G72: 数据名称=URL过滤日志;有效值=时间,日志级别,源地址,源端口,目的地址,目的端口,协议,策略ID,攻击次数,动作,配置名称,匹配对象,URL,过滤类型
D73: 日志级别
D74: 源地址
D75: 源端口
D76: 目的地址
D77: 目的端口
D78: 协议
D79: 策略ID
D80: 攻击次数
D81: 动作
D82: 配置名称
D83: 匹配对象
D84: URL
D85: 过滤类型
C86: WEB防护日志 | D86: 时间 | F86: 数据名称和分类独立 | G86: 数据名称=WEB防护日志;有效值=时间,日志级别,源地址,源端口,目的地址,目的端口,协议,命中配置,防护类型,规则编号,漏洞名称,攻击次数,动作
D87: 日志级别
D88: 源地址
D89: 源端口
D90: 目的地址
D91: 目的端口
D92: 协议
D93: 命中配置
D94: 防护类型
D95: 规则编号
D96: 漏洞名称
D97: 攻击次数
D98: 动作
C99: 防暴力破解日志 | D99: 时间 | F99: 数据名称和分类独立 | G99: 数据名称=防暴力破解日志;有效值=时间,日志级别,源地址,源端口,目的地址,目的端口,协议,命中配置,防护类型,规则编号,漏洞名称,攻击次数,动作
D100: 日志级别
D101: 源地址
...

Sheet 日志归并
A1: 测试点汇总 | B1: 测试点 | C1: 测试设计方法 | D1: 适用场景 | E1: 用例规模（个） | F1: 测试数据
B2: 日志归并功能测试 | C2: 等价类划分&数据组合 | E2: 9 | F2: 日志归并开启（入侵防御、防病毒、内容过滤、文件过滤、URL过滤、Web防护、防暴力破解、弱密码）、关闭。
B3: 日志归并周期测试 | C3: 等价类划分&数据组合 | E3: 3 | F3: 最大值，最小值，典型值
B4: 修改系统时间后的日志归并 | C4: 直接分析 | E4: 1 | F4: 入侵防御日志,防病毒日志,内容过滤日志,URL过滤日志,文件过滤日志,WEB防护日志,弱密码日志,防暴力破解日志,单包防护日志,Flood攻击日志
B5: 多种日志的归并相互不影响 | C5: 直接分析 | E5: 1 | F5: 入侵防御日志,防病毒日志,内容过滤日志,URL过滤日志,文件过滤日志,WEB防护日志,弱密码日志,防暴力破解日志,单包防护日志,Flood攻击日志
B6: 日志归并开关关闭功能 | C6: 直接分析 | E6: 1 | F6: 入侵防御日志,防病毒日志,内容过滤日志,URL过滤日志,文件过滤日志,WEB防护日志,弱密码日志,防暴力破解日志,单包防护日志,Flood攻击日志
B7: 日志归并是修改配置疲劳测试 | C7: 直接分析 | E7: 1 | F7: 反复修改
A8: 验证日志查询功能 | B8: 【设计方法】等价类划分&数据组合
B9: 步骤1:等价类划分
B10: 等价类划分 | C10: 测试数据 | D10: 有效类 | E10: 无效类 | F10: 选取策略 | G10: 选取结果
C11: 日志类型 | D11: 入侵防御日志 | F11: 数据名称和分类合并 | G11: 有效日志类型=入侵防御日志,防病毒日志,内容过滤日志,URL过滤日志,文件过滤日志,WEB防护日志,弱密码日志,防暴力破解日志,单包防护日志,Flood攻击日志
D12: 防病毒日志
D13: 内容过滤日志
D14: URL过滤日志
D15: 文件过滤日志
D16: WEB防护日志
D17: 弱密码日志
D18: 防暴力破解日志
D19: 单包防护日志
D20: Flood攻击日志
B21: 步骤2:数据组合
B22: 数据组合 | C22: 测试数据 | D22: 数据取值 | E22: 组合数据分析 | F22: 约束条件和组合策略 | G22: 组合结果
C23: 所有数据不组合 | D23: 每种日志一个用例
B24: 步骤3:逻辑用例设计
B25: 逻辑用例编号 | C25: 测试用例描述 | F25: 覆盖的测试数据 | G25: 测试数据选取结果
B26: log.logmng.merge | C26: 验证${有效日志类型}写入时的日志归并功能 | F26: 数据名称 | G26: 有效日志类型=入侵防御日志,防病毒日志,内容过滤日志,URL过滤日志,文件过滤日志,WEB防护日志,弱密码日志,防暴力破解日志,单包防护日志,Flood攻击日志
B27: 步骤4:物理用例设计
B28: 逻辑用例编号 | C28: 用例标题 | D28: 测试数据 | E28: 预置条件 | F28: 测试步骤 | G28: 预期结果 | H28: 优先级 | I28: 测试类型 | J28: 自动化
B29: log.logmng.merge | C29: 验证${有效日志类型}写入时的日志归并功能 | D29: 有效日志类型=入侵防御日志,防病毒日志,内容过滤日志,URL过滤日志,文件过滤日志,WEB防护日志,弱密码日志,防暴力破解日志,单包防护日志,Flood攻击日志 | E29: 1、网元正常启动 | F29: 1、开启日志归并，配置日志归并时间为10~60之间的随机值t秒 2、清空${有效日志类型}，并查询日志。【check1】 3、在t秒时间内向防火墙的日志侦听端口写入2~200之间任意值n条${有效日志类型}，日志除了时间其他内容完全相同 4、使用接口查询${有效日志类型}【check2】 | G29: 1、【check1】查询到的日志为空 2、【check2】仅查询到1条${有效日志类型}，该日志的攻击次数或者出现次数为n | H29: P2 | I29: 功能测试 | J29: 待实现
A30: 日志归并周期测试 | B30: 【设计方法】等价类划分&数据组合
B31: 步骤1:等价类划分
B32: 等价类划分 | C32: 测试数据 | D32: 有效类 | E32: 无效类 | F32: 选取策略 | G32: 选取结果
C33: 日志类型 | D33: 入侵防御日志 | F33: 数据名称和分类合并 | G33: 有效日志类型=入侵防御日志,防病毒日志,内容过滤日志,URL过滤日志,文件过滤日志,WEB防护日志,弱密码日志,防暴力破解日志,单包防护日志,Flood攻击日志
D34: 防病毒日志
D35: 内容过滤日志
D36: URL过滤日志
D37: 文件过滤日志
D38: WEB防护日志
D39: 弱密码日志
D40: 防暴力破解日志
D41: 单包防护日志
D42: Flood攻击日志
C43: 归并周期 | D43: 最小值（10s） | F43: 数据名称和分类合并
D44: 默认值（60s）
D45: 最大值（300s）
D46: 随机值（11~299s）
B47: 步骤2:数据组合
B48: 数据组合 | C48: 测试数据 | D48: 数据取值 | E48: 组合数据分析 | F48: 约束条件和组合策略 | G48: 组合结果
C49: 日志类型 | D49: 入侵防御日志 | F49: 归并有ngfwlogserver实现，对与不同的日志的归并处理事一致的，选取最常用的4中日志即可 | G49: 日志类型=入侵防御日志;归并周期=最小值（10s） 日志类型=防病毒日志;归并周期=默认值（60s） 日志类型=单包防护日志;归并周期=最大值（300s） 日志类型=WEB防护日志;归并周期=随机值（11~299s）
D50: 防病毒日志
D51: 单包防护日志
D52: WEB防护日志
C53: 归并周期 | D53: 最小值（10s） | F53: 全选
D54: 默认值（60s）
D55: 最大值（300s）
D56: 随机值（11~299s）
B57: 步骤3:逻辑用例设计
B58: 逻辑用例编号 | C58: 测试用例描述 | F58: 覆盖的测试数据 | G58: 测试数据选取结果
B59: log.logmng.merge.porid | C59: 验证${日志类型}归并周期为${归并周期}时的日志归并功能 | F59: 数据名称 | G59: 日志类型=入侵防御日志;归并周期=最小值（10s） 日志类型=防病毒日志;归并周期=默认值（60s） 日志类型=单包防护日志;归并周期=最大值（300s） 日志类型=WEB防护日志;归并周期=随机值（11~299s）
B60: 步骤4:物理用例设计
B61: 逻辑用例编号 | C61: 用例标题 | D61: 测试数据 | E61: 预置条件 | F61: 测试步骤 | G61: 预期结果 | H61: 优先级 | I61: 测试类型 | J61: 自动化
B62: log.logmng.merge.porid.min | C62: 验证${日志类型}归并周期为${归并周期}时的日志归并功能 | D62: 日志类型=入侵防御日志;归并周期=最小值（10s） 日志类型=防病毒日志;归并周期=默认值（60s） | E62: 1、网元正常启动 | F62: 1、开启日志归并，配置日志归并时间为${归并周期} 2、清空${有效日志类型}，并查询日志。【check1】 3、在${归并周期}内向防火墙的日志侦听端口写入2~200之间任意值n1条${日志类型}，日志的除了时间，其他内容完全相同。 4、使用接口查询${日志类型}【check2】 5、等待1~3之间非整数倍的归并周期，后再${归并周期}内向向防火墙的日志侦听端口写入2~200之间任意值n2条${日志类型}，日志的除了时间，其他内容完全相同。【check3】 | G62: 1、【check1】查询到的日志为空 2、【check2】仅查询到1条${有效日志类型}，该日志的攻击次数或者出现次数为n1 3、【check3】仅查询到2条${有效日志类型}，第二条日志的攻击次数或者出现次数为n2 | H62: P2 | I62: 功能测试 | J62: 待实现
B63: log.logmng.merge.porid.max | C63: 验证${日志类型}归并周期为${归并周期}时的日志归并功能 | D63: 日志类型=单包防护日志;归并周期=最大值（300s） 日志类型=WEB防护日志;归并周期=随机值（11~299s） | E63: 1、网元正常启动 | F63: 1、开启日志归并，配置日志归并时间为${归并周期} 2、清空${有效日志类型}，并查询日志。【check1】 3、在${归并周期}内向防火墙的日志侦听端口写入2~200之间任意值n1条${日志类型}，日志的除了时间，其他内容完全相同。 4、使用接口查询${日志类型}【check2】 5、等待1~3之间非整数倍的归并周期，后再${归并周期}内向向防火墙的日志侦听端口写入2~200之间任意值n2条${日志类型}，日志的除了时间，其他内容完全相同。【check3】 | G63: 1、【check1】查询到的日志为空 2、【check2】仅查询到1条${有效日志类型}，该日志的攻击次数或者出现次数为n1 3、【check3】仅查询到2条${有效日志类型}，第二条日志的攻击次数或者出现次数为n2 | H63: P4 | I63: 功能测试 | J63: 不实现
A64: 修改系统时间后的日志归并 | B64: 【设计方法】直接设计法
B65: 步骤1:逻辑用例设计
B66: 逻辑用例编号 | C66: 测试用例描述 | F66: 覆盖的测试数据 | G66: 测试数据选取结果
B67: log.logmng.merge.systime | C67: 验证多种日志归并相互不影响 | F67: 有效日志类型=入侵防御日志,防病毒日志,内容过滤日志,URL过滤日志,文件过滤日志,WEB防护日志,弱密码日志,防暴力破解日志,单包防护日志,Flood攻击日志 | G67: 有效日志类型=入侵防御日志,防病毒日志,内容过滤日志,URL过滤日志,文件过滤日志,WEB防护日志,弱密码日志,防暴力破解日志,单包防护日志,Flood攻击日志
B68: 步骤2:物理用例设计
B69: 逻辑用例编号 | C69: 用例标题 | D69: 测试数据 | E69: 预置条件 | F69: 测试步骤 | G69: 预期结果 | H69: 优先级 | I69: 测试类型 | J69: 自动化
B70: log.logmng.merge.systime | C70: 验证修改系统时间后的日志归并 | D70: 有效日志类型=入侵防御日志,防病毒日志,内容过滤日志,URL过滤日志,文件过滤日志,WEB防护日志,弱密码日志,防暴力破解日志,单包防护日志,Flood攻击日志 | E70: 1、网元正常启动 | F70: 1、开启日志归并，配置日志归并周期为120~300之间任意值t 2、选择${有效日志类型}中任意日志，向日志侦听端口写入选择的日志，时间为当前系统时间，日志条数1~100之间任意值n1，除了时间其他字段全部相同。 3、在日志归并周期到期前修改系统时间 4、向日志侦听端口写入步骤2的日志，除了系统时间为修改系统时间后的当前时间之外，其他内容都相同，日志条数为1~100之间任意值n2。 5、等待日志归并周期后，使用接口查询所有的该日志。【check1】 | G70: 1、【check1】产生两条日志，其中条产生时间为修改前的系统时间，攻击次数或者出现次数为n1。其中一条为修改后的系统时间，攻击次数为n2 | H70: P3 | I70: 功能测试 | J70: 待实现
A71: 验证多种日志的归并相互不影响 | B71: 【设计方法】直接设计法
B72: 步骤1:逻辑用例设计
B73: 逻辑用例编号 | C73: 测试用例描述 | F73: 覆盖的测试数据 | G73: 测试数据选取结果
B74: log.logmng.merge.multi.logs | C74: 验证多种日志归并相互不影响 | F74: 有效日志类型=入侵防御日志,防病毒日志,内容过滤日志,URL过滤日志,文件过滤日志,WEB防护日志,弱密码日志,防暴力破解日志,单包防护日志,Flood攻击日志 | G74: 有效日志类型=入侵防御日志,防病毒日志,内容过滤日志,URL过滤日志,文件过滤日志,WEB防护日志,弱密码日志,防暴力破解日志,单包防护日志,Flood攻击日志
B75: 步骤2:物理用例设计
B76: 逻辑用例编号 | C76: 用例标题 | D76: 测试数据 | E76: 预置条件 | F76: 测试步骤 | G76: 预期结果 | H76: 优先级 | I76: 测试类型 | J76: 自动化
B77: log.logmng.merge.multi.records | C77: 验证同种日志不同日志间的归并相互不影响 | D77: 有效日志类型=入侵防御日志,防病毒日志,内容过滤日志,URL过滤日志,文件过滤日志,WEB防护日志,弱密码日志,防暴力破解日志,单包防护日志,Flood攻击日志 | E77: 1、网元正常启动 | F77: 1、开启日志归并，配置日志归并周期为10~15s任意值t 2、选择${有效日志类型}中任意日志，除了时间和攻击次数（出现次数）以外，为每个字段构造一条日志，该日志仅该字段不相同以外，其他字段均相同。 3、在t秒内，向防火墙日志侦听端口同时写入选出的日志类型和日志种类，每种日志类型的条数为1~100的随机值且都不相同。 4、在t秒之后查询选取的日志类型【check2】 | G77: 1、【check1】所的在t秒内只有一条日志，每种日志只生成了一条日志。日志的内容全部正确 2、【check2】每种日志的攻击次数或者出现次数与写入的该种日志的数量相同 | H77: P3 | I77: 功能测试 | J77: 待实现
B78: log.logmng.merge.multi.logs | C78: 验证多种日志归并相互不影响 | D78: 有效日志类型=入侵防御日志,防病毒日志,内容过滤日志,URL过滤日志,文件过滤日志,WEB防护日志,弱密码日志,防暴力破解日志,单包防护日志,Flood攻击日志 | E78: 1、网元正常启动 | F78: 1、开启日志归并，配置日志归并周期为10~15s任意值t 2、清空${有效日志类型}，并查询日志。【check1】 3、在t秒内，向防火墙日志侦听端口同时写入${有效日志类型}，每种日志类型的条数为1~100的随机值且都不相同，同一日志的内容除了时间，其他内容完全相同。 4、在t秒之后查询${有效日志类型}【check2】 | G78: 1、【check1】查询到的日志为空 2、【check2】${有效日志类型}的在t秒内只有一条日志，日志的攻击或者出现次数与写入日志条数相同 | H78: P3 | I78: 功能测试 | J78: 待实现
A79: 日志归并关闭功能测试 | B79: 【设计方法】直接设计法
B80: 步骤1:逻辑用例设计
B81: 逻辑用例编号 | C81: 测试用例描述 | F81: 覆盖的测试数据 | G81: 测试数据选取结果
B82: log.logmng.merge.close | C82: 验证反复修改日志归并周期后的日志归并功能 | F82: 有效日志类型=入侵防御日志,防病毒日志,内容过滤日志,URL过滤日志,文件过滤日志,WEB防护日志,弱密码日志,防暴力破解日志,单包防护日志,Flood攻击日志 | G82: 有效日志类型=入侵防御日志,防病毒日志,内容过滤日志,URL过滤日志,文件过滤日志,WEB防护日志,弱密码日志,防暴力破解日志,单包防护日志,Flood攻击日志
B83: 步骤2:物理用例设计
B84: 逻辑用例编号 | C84: 用例标题 | D84: 测试数据 | E84: 预置条件 | F84: 测试步骤 | G84: 预期结果 | H84: 优先级 | I84: 测试类型 | J84: 自动化
B85: log.logmng.merge.close | C85: 验证关闭日志归并后日志记录功能 | D85: 有效日志类型=入侵防御日志,防病毒日志,内容过滤日志,URL过滤日志,文件过滤日志,WEB防护日志,弱密码日志,防暴力破解日志,单包防护日志,Flood攻击日志 | E85: 1、网元正常启动 | F85: 1、关闭日志归并 2、向防火墙日志侦听端口写入${有效日志类型}，每种日志1~100条，除了时间其他内容完全相同。 3、使用接口查看${有效日志类型}。【check1】【check2】 | G85: 1、【check1】所有写入的日志都记录正确，日志数量正确。首尾和随机条日志的内容完全正确 2、【check2】所有日志的攻击次数或者出现次数都为1 | H85: P4 | I85: 可靠性测试 | J85: 不实现
A86: 日志归并是修改配置疲劳测试 | B86: 【设计方法】直接设计法
B87: 步骤1:逻辑用例设计
B88: 逻辑用例编号 | C88: 测试用例描述 | F88: 覆盖的测试数据 | G88: 测试数据选取结果
B89: log.logmng.merge.fatigue | C89: 验证反复修改日志归并周期后的日志归并功能 | F89: 有效日志类型=入侵防御日志,防病毒日志,内容过滤日志,URL过滤日志,文件过滤日志,WEB防护日志,弱密码日志,防暴力破解日志,单包防护日志,Flood攻击日志 | G89: 有效日志类型=入侵防御日志,防病毒日志,内容过滤日志,URL过滤日志,文件过滤日志,WEB防护日志,弱密码日志,防暴力破解日志,单包防护日志,Flood攻击日志
B90: 步骤2:物理用例设计
B91: 逻辑用例编号 | C91: 用例标题 | D91: 测试数据 | E91: 预置条件 | F91: 测试步骤 | G91: 预期结果 | H91: 优先级 | I91: 测试类型 | J91: 自动化
B92: log.logmng.merge.fatigue.switch | C92: 验证反复修改日志归并开关后的日志归并功能 | D92: 有效日志类型=入侵防御日志,防病毒日志,内容过滤日志,URL过滤日志,文件过滤日志,WEB防护日志,弱密码日志,防暴力破解日志,单包防护日志,Flood攻击日志 | E92: 1、网元正常启动 | F92: 1、向防火墙日志侦听端口持续写入${有效日志类型} 2、不修改日志归并周期，反复修改开启关闭日志归并 200次以上， 3、停止持续写入日志，等待日志归并周期时间，后查看${有效日志类型}【check1】 4、在日志归并周期内向防火墙日志侦听端口同时写入${有效日志类型}，日志数量为1~10的随机值。 5、等待日志归并周期后，查看${有效日志类型}。【check2】 | G92: 1、【check1】所有日志正确记录 2、【check2】${有效日志类型}的在日志归并周期内只有一条日志，日志的攻击或者出现次数与写入日志条数相同 | H92: P4 | I92: 可靠性测试 | J92: 不实现
B93: log.logmng.merge.fatigue.porid | C93: 验证反复修改日志归并周期后的日志归并功能 | D93: 有效日志类型=入侵防御日志,防病毒日志,内容过滤日志,URL过滤日志,文件过滤日志,WEB防护日志,弱密码日志,防暴力破解日志,单包防护日志,Flood攻击日志 | E93: 1、网元正常启动 | F93: 1、向防火墙日志侦听端口持续写入${有效日志类型} 2、保持日志归并开启，反复修改日志归并周期200次以上， 3、停止持续写入日志，等待日志归并周期时间，后查看${有效日志类型}【check1】 4、在日志归并周期内向防火墙日志侦听端口同时写入${有效日志类型}，日志数量为1~10的随机值。 5、等待日志归并周期后，查看${有效日志类型}。【check2】 | G93: 1、【check1】所有日志正确记录 2、【check2】${有效日志类型}的在日志归并周期内只有一条日志，日志的攻击或者出现次数与写入日志条数相同 | H93: P4 | I93: 可靠性测试 | J93: 不实现

Sheet 日志清理
A1: 测试点汇总 | B1: 测试点 | C1: 测试设计方法 | D1: 适用场景 | E1: 用例规模（个） | F1: 测试数据
B2: 日志容量清理功能 | C2: 等价类划分&数据组合 | E2: 16 | F2: 系统日志、操作日志、入侵防御日志、防病毒日志、内容过滤日志、文件过滤日志、URL过滤日志、WEB防护日志、防暴力破解日志、弱密码日志、控制策略阻断日志、单包防护日志、Flood攻击日志、黑白名单日志、EDR推广日志、IPSecVPN日志
B3: 日志清除功能 | C3: 直接分析 | E3: 16 | F3: /deletelog?logtype=filefilterlog,operationlog,systemlog 支持的日志：系统日志、入侵防御日志、防病毒日志、内容过滤日志、文件过滤日志、URL过滤日志、WEB防护日志、防暴力破解日志、弱密码日志、控制策略阻断日志、单包防护日志、Flood攻击日志、黑白名单日志、EDR推广日志、IPSecVPN日志 不支持的日志:操作日志
B4: 日志容量清理时的归并功能测试 | C4: 直接分析 | E4: 1 | F4: 不需要设计用例，没有影响
A5: 日志容量清理功能 | B5: 【设计方法】等价类划分&数据组合
B6: 步骤1:等价类划分
B7: 等价类划分 | C7: 测试数据 | D7: 有效类 | E7: 无效类 | F7: 选取策略 | G7: 选取结果
C8: 日志类型 | D8: 系统日志 | F8: 数据名称和分类合并 | G8: 有效日志类型=系统日志,操作日志,入侵防御日志,防病毒日志,内容过滤日志,文件过滤日志,URL过滤日志,WEB防护日志,防暴力破解日志,弱密码日志,控制策略阻断日志,本地控制策略日志,单包防护日志,Flood攻击日志,黑白名单日志,EDR推广日志,IPSecVPN日志
D9: 操作日志
D10: 入侵防御日志
D11: 防病毒日志
D12: 内容过滤日志
D13: 文件过滤日志
D14: URL过滤日志
D15: WEB防护日志
D16: 防暴力破解日志
D17: 弱密码日志
D18: 控制策略阻断日志
D19: 本地控制策略日志
D20: 单包防护日志
... D24: IPSecVPN日志
C25: 清理动作 | D25: 清理日志 | F25: 数据名称和分类合并
D26: 清理且备份日志
D27: 清理且追加日志
B28: 步骤2:数据组合
B29: 数据组合 | C29: 测试数据 | D29: 数据取值 | E29: 组合数据分析 | F29: 约束条件和组合策略 | G29: 组合结果
C30: 日志类型 | D30: 系统日志 | E30: 清理日志 | F30: 日志类型与清理动作交叉覆盖 | G30: 日志类型=系统日志;清理动作=清理日志 日志类型=防病毒日志;清理动作=清理日志 日志类型=URL过滤日志;清理动作=清理日志 日志类型=弱密码日志;清理动作=清理日志 日志类型=单包防护日志;清理动作=清理日志 日志类型=EDR推广日志;清理动作=清理日志 日志类型=操作日志;清理动作=清理且备份日志 日志类型=内容过滤日志;清理动作=清理且备份日志 日志类型=WEB防护日志;清理动作=清理且备份日志 日志类型=Flood攻击日志;清理动作=清理且备份日志 日志类型=控制策略阻断日志;清理动作=清理且备份日志 日志类型=IPSecVPN日志;清理动作=清理且备份日志 日志类型=入侵防御日志;清理动作=清理且追加日志 日志类型=文件过滤日志;清理动作=清理且追加日志 日志类型=防暴力破解日志;清理动作=清理且追加日志 日志类型=本地控制策略日志;清理动作=清理且追加日志 日志类型=黑白名单日志;清理动作=清理且追加日志
D31: 操作日志 | E31: 清理且备份日志
D32: 入侵防御日志 | E32: 清理日志
D33: 防病毒日志 | E33: 清理且备份日志
D34: 内容过滤日志 | E34: 清理且追加日志
D35: 文件过滤日志 | E35: 清理日志
D36: URL过滤日志 | E36: 清理且备份日志
D37: WEB防护日志 | E37: 清理且追加日志
D38: 防暴力破解日志 | E38: 清理日志
D39: 弱密码日志 | E39: 清理且备份日志
D40: 控制策略阻断日志 | E40: 清理且追加日志
D41: 本地控制策略日志 | E41: 清理日志
D42: 单包防护日志 | E42: 清理且备份日志
... D46: IPSecVPN日志 | E46: 清理且追加日志
C47: 清理动作 | D47: 清理日志 | F47: 日志类型与清理动作交叉覆盖 | G47: 日志类型=系统日志;清理动作=清理日志 日志类型=防病毒日志;清理动作=清理日志 日志类型=URL过滤日志;清理动作=清理日志 日志类型=弱密码日志;清理动作=清理日志 日志类型=单包防护日志;清理动作=清理日志 日志类型=EDR推广日志;清理动作=清理日志
D48: 清理且备份日志 | G48: 日志类型=操作日志;清理动作=清理且备份日志 日志类型=内容过滤日志;清理动作=清理且备份日志 日志类型=WEB防护日志;清理动作=清理且备份日志 日志类型=Flood攻击日志;清理动作=清理且备份日志 日志类型=控制策略阻断日志;清理动作=清理且备份日志 日志类型=IPSecVPN日志;清理动作=清理且备份日志
D49: 清理且追加日志 | G49: 日志类型=入侵防御日志;清理动作=清理且追加日志 日志类型=文件过滤日志;清理动作=清理且追加日志 日志类型=防暴力破解日志;清理动作=清理且追加日志 日志类型=本地控制策略日志;清理动作=清理且追加日志 日志类型=黑白名单日志;清理动作=清理且追加日志
B50: 步骤3:逻辑用例设计
B51: 逻辑用例编号 | C51: 测试用例描述 | F51: 覆盖的测试数据 | G51: 测试数据选取结果
B52: log.logmng.capacity.clear | C52: 验证${日志类型}满规格时${清理动作}功能 | F52: 清理动作,日志类型 | G52: 日志类型=系统日志;清理动作=清理日志 日志类型=防病毒日志;清理动作=清理日志 日志类型=URL过滤日志;清理动作=清理日志 日志类型=弱密码日志;清理动作=清理日志 日志类型=单包防护日志;清理动作=清理日志 日志类型=EDR推广日志;清理动作=清理日志
B53: log.logmng.capacity.clear.backup | C53: 验证${日志类型}满规格时${清理动作}功能 | F53: 清理动作,日志类型 | G53: 日志类型=操作日志;清理动作=清理且备份日志 日志类型=内容过滤日志;清理动作=清理且备份日志 日志类型=WEB防护日志;清理动作=清理且备份日志 日志类型=Flood攻击日志;清理动作=清理且备份日志 日志类型=控制策略阻断日志;清理动作=清理且备份日志 日志类型=IPSecVPN日志;清理动作=清理且备份日志
B54: log.logmng.capacity.clear.append | C54: 验证${日志类型}满规格时${清理动作}功能 | F54: 清理动作,日志类型 | G54: 日志类型=入侵防御日志;清理动作=清理且追加日志 日志类型=文件过滤日志;清理动作=清理且追加日志 日志类型=防暴力破解日志;清理动作=清理且追加日志 日志类型=本地控制策略日志;清理动作=清理且追加日志 日志类型=黑白名单日志;清理动作=清理且追加日志
B55: log.logmng.capacity.clear.backup.2day | C55: 验证${日志类型}满规格时${清理动作}功能 | F55: 清理动作,日志类型 | G55: 清理动作=清理且备份两天日志;日志类型=防病毒日志 清理动作=清理且备份两天日志;日志类型=WEB防护日志 清理动作=清理且备份两天日志;日志类型=本地控制策略日志 清理动作=清理且备份两天日志;日志类型=EDR推广日志
B56: 步骤4:物理用例设计
B57: 逻辑用例编号 | C57: 用例标题 | D57: 测试数据 | E57: 预置条件 | F57: 测试步骤 | G57: 预期结果 | H57: 优先级 | I57: 测试类型 | J57: 自动化
B58: log.logmng.capacity.clear | C58: 验证${日志类型}满规格时${清理动作}功能 | D58: 日志类型=系统日志;清理动作=清理日志 日志类型=防病毒日志;清理动作=清理日志 日志类型=URL过滤日志;清理动作=清理日志 日志类型=弱密码日志;清理动作=清理日志 日志类型=单包防护日志;清理动作=清理日志 日志类型=EDR推广日志;清理动作=清理日志 | E58: 1、网元正常启动 | F58: 1、向防火墙的日志侦听端口持续${日志类型}，日志的产生时间为当前日期0点之前，日志数量大于日志规格的20% 2、下载最新的日志备份文件 3、向防火墙的日志侦听端口持续写入${日志类型}，日志的产生时间为当天，直到日志数量达到防火墙${日志类型}的规格。（该时间段的日志数量小于日志容量的80%） 5、使用日志接口查询${日志类型}，观察日志。【check1】 6、下载最新的日志备份文件，并与步骤3下载的文件对比。【check2】【check3】 | G58: 1、【check1】日志产生时间最早的20%的日志被清理掉。 2、【check2】日志备份文件没有任何变化 3、【check3】不会生成时间戳为系统时间后一天的日志备份文件 | H58: P4 | I58: 可靠性测试 | J58: 不实现
B59: log.logmng.capacity.clear.backup | C59: 验证${日志类型}满规格时${清理动作}功能 | D59: 日志类型=操作日志;清理动作=清理且备份日志 日志类型=内容过滤日志;清理动作=清理且备份日志 日志类型=WEB防护日志;清理动作=清理且备份日志 日志类型=Flood攻击日志;清理动作=清理且备份日志 日志类型=控制策略阻断日志;清理动作=清理且备份日志 日志类型=IPSecVPN日志;清理动作=清理且备份日志 | E59: 1、网元正常启动 | F59: 1、向防火墙的日志侦听端口持续${日志类型}，日志的产生时间为当前日期0点之前，日志数量小于日志规格的20% 2、向防火墙的日志侦听端口持续写入${日志类型}，日志的产生时间为当天，直到日志数量达到防火墙${日志类型}的规格。（该时间段的日志数量大于日志容量的80%） 3、使用日志接口查询${日志类型}，观察日志。【check1】 4、使用接口和后台查看${日志类型}备份文件列表【check2】 5、下载时戳为当前日志后一天的日志文件，查看日志文件内容【check3】 | G59: 1、【check1】日志产生时间最早的20%的日志被清理掉。 2、【check2】接口查看和后台查询存在一个时戳为当前日志后一天的日志备份文件 3、【check3】被清理掉的所有产生日志为当前日期的日志被记录在备份文件中。文件中的日志数量正确。日志内容的首尾和随机条内容正确。 | H59: P4 | I59: 可靠性测试 | J59: 不实现
B60: log.logmng.capacity.clear.append | C60: 验证${日志类型}满规格时${清理动作}功能 | D60: 日志类型=入侵防御日志;清理动作=清理且追加日志 日志类型=文件过滤日志;清理动作=清理且追加日志 日志类型=防暴力破解日志;清理动作=清理且追加日志 日志类型=本地控制策略日志;清理动作=清理且追加日志 日志类型=黑白名单日志;清理动作=清理且追加日志 | E60: 1、网元正常启动 | F60: 1、构造${日志类型}备份日志文件中，时戳为当前日期后一天的日志文件存在（在当天日志大于80%时触发超规格备份或者手工创建） 2、下载时戳为当前日志后一天的日志文件 3、向防火墙的日志侦听端口持续写入${日志类型}，日志的产生时间为当天，直到日志数量达到防火墙${日志类型}的规格。（需保证该时间段的日志数量大于日志容量的80%） 4、使用日志接口查询${日志类型}，观察日志。【check1】 5、使用接口和后台查看${日志类型}备份文件列表【check2】 6、下载时戳为当前日志后一天的日志文件，查看日志文件内容【check3】【check4】 | G60: 1、【check1】日志产生时间最早的20%的日志被清理掉。 2、【check2】接口查看和后台查询仅存在一个时戳为当前日志后一天的日志备份文件 3、【check3】被清理掉的所有产生日志为当前日期的日志被记录在备份文件中 4、【check4】步骤2中下载的日志备份文件中的内容仍然存在，仅追加了check3中的内容。文件中的日志数量正确。日志内容的首尾和随机条内容正确。 | H60: P4 | I60: 可靠性测试 | J60: 不实现
A61: 日志清除功能 | B61: 【设计方法】等价类划分&数据组合
B62: 步骤1:等价类划分
B63: 等价类划分 | C63: 测试数据 | D63: 有效类 | E63: 无效类 | F63: 选取策略 | G63: 选取结果
C64: 日志类型 | D64: 系统日志 | E64: 操作日志 | F64: 数据名称和分类合并 | G64: 有效日志类型=系统日志,入侵防御日志,防病毒日志,内容过滤日志,文件过滤日志,URL过滤日志,WEB防护日志,防暴力破解日志,弱密码日志,控制策略阻断日志,本地控制策略日志,单包防护日志,Flood攻击日志,黑白名单日志,EDR推广日志,IPSecVPN日志 无效日志类型=操作日志
D65: 入侵防御日志
D66: 防病毒日志
D67: 内容过滤日志
D68: 文件过滤日志
D69: URL过滤日志
D70: WEB防护日志
D71: 防暴力破解日志
D72: 弱密码日志
D73: 控制策略阻断日志
D74: 本地控制策略日志
D75: 单包防护日志
D76: Flood攻击日志
... D79: IPSecVPN日志
B80: 步骤2:数据组合
B81: 数据组合 | C81: 测试数据 | D81: 数据取值 | E81: 组合数据分析 | F81: 约束条件和组合策略 | G81: 组合结果
C82: 所有数据不组合 | D82: 每种日志一个用例
B83: 步骤3:逻辑用例设计
B84: 逻辑用例编号 | C84: 测试用例描述 | F84: 覆盖的测试数据 | G84: 测试数据选取结果
B85: log.logmng.clear.valid | C85: 验证${日志类型}的清理功能 | F85: 日志类型 | G85: 日志类型=系统日志,入侵防御日志,防病毒日志,内容过滤日志,文件过滤日志,URL过滤日志,WEB防护日志,防暴力破解日志,弱密码日志,控制策略阻断日志,本地控制策略日志,单包防护日志,Flood攻击日志,黑白名单日志,EDR推广日志,IPSecVPN日志
B86: log.logmng.clear.invalid | C86: 验证${日志类型}的清理功能 | F86: 日志类型 | G86: 日志类型=操作日志
B87: 步骤4:物理用例设计
B88: 逻辑用例编号 | C88: 用例标题 | D88: 测试数据 | E88: 预置条件 | F88: 测试步骤 | G88: 预期结果 | H88: 优先级 | I88: 测试类型 | J88: 自动化
B89: log.logmng.clear.valid | C89: 验证${日志类型}的清理功能 | D89: 日志类型=系统日志,入侵防御日志,防病毒日志,内容过滤日志,文件过滤日志,URL过滤日志,WEB防护日志,防暴力破解日志,弱密码日志,控制策略阻断日志,本地控制策略日志,单包防护日志,Flood攻击日志,黑白名单日志,EDR推广日志,IPSecVPN日志 | E89: 1、网元正常启动 | F89: 1、向防火墙的日志侦听端口写入${日志类型}，数量为1~200条随机数n 2、使用日志查询接口查询${日志类型}，时间过滤条件为all。【check1】 3、使用接口清空全部${日志类型} 4、使用日志查询接口查询${日志类型}，时间过滤条件为all。【check2】 | G89: 1、【check1】查询到的日志数量大于等于n。 2、【check2】查询到的${日志类型}为空。 | H89: P3 | I89: 功能测试 | J89: 待实现
B90: log.logmng.clear.invalid | C90: 验证${日志类型}的清理功能 | D90: 日志类型=操作日志 | E90: 1、网元正常启动 | F90: 1、向防火墙的日志侦听端口写入${日志类型}，数量为1~200条随机数n 2、使用日志查询接口查询${日志类型}，时间过滤条件为all。【check1】 3、使用接口清空全部${日志类型}，接口为/deletelog?logtype=operationlog。【check3】 4、使用日志查询接口查询${日志类型}，时间过滤条件为all。【check2】 | G90: 1、【check1】查询到的日志数量大于等于n。 2、【check2】查询到的日志数量大于等于n，且与步骤2查询到的日志条数相同。日志内容的首尾和随机条内容正确。 3、【check3】接口下发失败，返回的错误信息正确。 | H90: P3 | I90: 功能测试 | J90: 待实现

Sheet 日志备份
A1: 测试点汇总 | B1: 测试点 | C1: 测试设计方法 | D1: 适用场景 | E1: 用例规模（个） | F1: 测试数据
B3: 日志自动备份功能测试 | C3: 等价类划分&数据组合 | E3: 17 | F3: 有备份文件，无备份文件 系统日志、操作日志、入侵防御日志、防病毒日志、内容过滤日志、文件过滤日志、URL过滤日志、WEB防护日志、防暴力破解日志、弱密码日志、控制策略阻断日志、单包防护日志、Flood攻击日志、黑白名单日志、EDR推广日志、IPSecVPN日志按天备份功能和超规格备份功能，观察备份文件名称和时间
B4: 日志备份支持设备形态测试 | C4: 直接分析 | E4: 2 | F4: 有盘设备、无盘设备
B5: 日志超规格备份功能测试 | C5: 直接分析 | E5: 17 | F5: 有备份文件，无备份文件？在日志超规格清理已设计 系统日志、操作日志、入侵防御日志、防病毒日志、内容过滤日志、文件过滤日志、URL过滤日志、WEB防护日志、防暴力破解日志、弱密码日志、控制策略阻断日志、单包防护日志、Flood攻击日志、黑白名单日志、EDR推广日志、IPSecVPN日志按天备份功能和超规格备份功能，观察备份文件名称和时间
B6: 日志备份文件管理 | C6: 直接分析 | E6: 1
B7: 日志备份有效期测试 | C7: 直接分析 | E7: 3 | F7: 备份周期（最大值、最小值、典型值）、备份周内的文件不删除，超过周期的文件会删除
B8: 日志备份周期修改测试 | C8: 直接分析 | E8: 1 | F8: 备份周期凌晨2点生效测试在日志自动备份中已覆盖
B9: 日志归并时的日志备份测试 | C9: 直接分析 | E9: 1 | F9: 不需要测试
B10: 日志清理后的日志备份测试 | C10: 直接分析 | E10: 1 | F10: 不需要测试
B11: 最大数量的日志备份功能 | C11: 直接分析 | E11: 1
B12: 磁盘空间满时的日志备份测试 | C12: 直接分析 | E12: 1
A13: 日志自动备份功能测试 | B13: 【设计方法】等价类划分&数据组合
B14: 步骤1:等价类划分
B15: 等价类划分 | C15: 测试数据 | D15: 有效类 | E15: 无效类 | F15: 选取策略 | G15: 选取结果
C16: 日志类型 | D16: 系统日志 | F16: 数据名称和分类合并 | G16: 有效日志类型=系统日志,操作日志,入侵防御日志,防病毒日志,内容过滤日志,文件过滤日志,URL过滤日志,WEB防护日志,防暴力破解日志,弱密码日志,控制策略阻断日志,本地控制策略日志,单包防护日志,Flood攻击日志,黑白名单日志,EDR推广日志,IPSecVPN日志
D17: 操作日志
D18: 入侵防御日志
D19: 防病毒日志
D20: 内容过滤日志
D21: 文件过滤日志
D22: URL过滤日志
D23: WEB防护日志
D24: 防暴力破解日志
D25: 弱密码日志
D26: 控制策略阻断日志
D27: 本地控制策略日志
D28: 单包防护日志
... D32: IPSecVPN日志
C33: 清理动作 | D33: 追加 | F33: 数据名称和分类合并 | G33: 有效清理动作=追加,备份
D34: 备份
B35: 步骤2:数据组合
B36: 数据组合 | C36: 测试数据 | D36: 数据取值 | E36: 组合数据分析 | F36: 约束条件和组合策略 | G36: 组合结果
C37: 日志类型 | D37: 系统日志 | F37: 日志类型与清理动作交叉覆盖 | G37: 日志类型=系统日志;动作=追加 日志类型=入侵防御日志;动作=追加 日志类型=内容过滤日志;动作=追加 日志类型=URL过滤日志;动作=追加 日志类型=防暴力破解日志;动作=追加 日志类型=控制策略阻断日志;动作=追加 日志类型=单包防护日志;动作=追加 日志类型=黑白名单日志;动作=追加 日志类型=IPSecVPN日志;动作=追加
D38: 操作日志
D39: 入侵防御日志
D40: 防病毒日志
D41: 内容过滤日志
D42: 文件过滤日志
D43: URL过滤日志
D44: WEB防护日志
D45: 防暴力破解日志
D46: 弱密码日志
D47: 控制策略阻断日志
D48: 本地控制策略日志
D49: 单包防护日志
... D53: IPSecVPN日志
C54: 动作 | D54: 追加 | F54: 日志类型与清理动作交叉覆盖 | G54: 日志类型=系统日志;动作=追加 日志类型=入侵防御日志;动作=追加 日志类型=内容过滤日志;动作=追加 日志类型=URL过滤日志;动作=追加 日志类型=防暴力破解日志;动作=追加 日志类型=控制策略阻断日志;动作=追加 日志类型=单包防护日志;动作=追加 日志类型=黑白名单日志;动作=追加 日志类型=IPSecVPN日志;动作=追加
D55: 备份 | G55: 日志类型=操作日志;动作=备份 日志类型=防病毒日志;动作=备份 日志类型=文件过滤日志;动作=备份 日志类型=WEB防护日志;动作=备份 日志类型=弱密码日志;动作=备份 日志类型=本地控制策略日志;动作=备份 日志类型=Flood攻击日志;动作=备份 日志类型=EDR推广日志;动作=备份
B56: 步骤3:逻辑用例设计
B57: 逻辑用例编号 | C57: 测试用例描述 | F57: 覆盖的测试数据 | G57: 测试数据选取结果
B58: log.logmng.backup.new | C58: 验证${日志类型}每日备份时${动作}功能 | F58: 动作,日志类型 | G58: 日志类型=系统日志;动作=追加 日志类型=入侵防御日志;动作=追加 日志类型=内容过滤日志;动作=追加 日志类型=URL过滤日志;动作=追加 日志类型=防暴力破解日志;动作=追加 日志类型=控制策略阻断日志;动作=追加 日志类型=单包防护日志;动作=追加 日志类型=黑白名单日志;动作=追加 日志类型=IPSecVPN日志;动作=追加
B59: log.logmng.backup.append | C59: 验证${日志类型}每日备份时${动作}功能 | F59: 动作,日志类型 | G59: 日志类型=操作日志;动作=备份 日志类型=防病毒日志;动作=备份 日志类型=文件过滤日志;动作=备份 日志类型=WEB防护日志;动作=备份 日志类型=弱密码日志;动作=备份 日志类型=本地控制策略日志;动作=备份 日志类型=Flood攻击日志;动作=备份 日志类型=EDR推广日志;动作=备份
B60: 步骤4:物理用例设计
B61: 逻辑用例编号 | C61: 用例标题 | D61: 测试数据 | E61: 预置条件 | F61: 测试步骤 | G61: 预期结果 | H61: 优先级 | I61: 测试类型 | J61: 自动化
B62: log.logmng.backup.new | C62: 验证${日志类型}每日备份时${动作}功能 | D62: 日志类型=系统日志;动作=追加 日志类型=入侵防御日志;动作=追加 日志类型=内容过滤日志;动作=追加 日志类型=URL过滤日志;动作=追加 日志类型=防暴力破解日志;动作=追加 日志类型=控制策略阻断日志;动作=追加 日志类型=单包防护日志;动作=追加 日志类型=黑白名单日志;动作=追加 日志类型=IPSecVPN日志;动作=追加 | E62: 1、网元正常启动 | F62: 1、构造${日志类型}备份日志文件中，时戳为当前日期的日志文件存在（在当天日志大于80%时触发超规格备份或者当前已触发自动备份或者手工创建）【check3】 2、下载当前日期的日志备份文件 3、向防火墙的日志侦听端口写入${日志类型}，日志的产生时间为当前日期的前一天0点到24点的日志，日志条数大100条。 4、向防火墙的日志侦听端口写入${日志类型}，日志的产生时间为当前日期的日志，日志条数大10条。 4、确认或者修改系统时间为凌晨3:29:59分，并且后台持续ll查看${日志类型}当天的日志备份文件大小有变化后 6、下载${日志类型}当天的日志备份文件，并与步骤2下载的文件对比。【check1】【check2】 | G62: 1、【check1】当前日志前一天产生的日志全部追加到日志备份文件中，所有字段填写正确。原备份文件中的日志记录仍然存在且不被篡改 2、【check2】日志备份文件中不添加在其他日志和其他类型的日志。 3、【check3】检查日志备份文件的名称正确，不存在词义错误和拼写错误 | H62: P3 | I62: 可靠性测试 | J62: 待实现
B63: log.logmng.backup.append | C63: 验证${日志类型}每日备份时${动作}功能 | D63: 日志类型=操作日志;动作=备份 日志类型=防病毒日志;动作=备份 日志类型=文件过滤日志;动作=备份 日志类型=WEB防护日志;动作=备份 日志类型=弱密码日志;动作=备份 日志类型=本地控制策略日志;动作=备份 日志类型=Flood攻击日志;动作=备份 日志类型=EDR推广日志;动作=备份 | E63: 1、网元正常启动 | F63: 1、查看日志文件备份文件中不存在${日志类型}当天的日志备份文件（如果存在则删除）。 2、向防火墙的日志侦听端口写入${日志类型}，日志的产生时间为当前日期的前一天0点到24点的日志，日志条数大100条。 3、向防火墙的日志侦听端口写入${日志类型}，日志的产生时间为当前日期的日志，日志条数大10条。 4、修改系统时间为凌晨3:29:59分，并且后台持续ll查看${日志类型}当天的日志备份文件大小有变化后 5、下载${日志类型}当天的日志备份文件，并与步骤2下载的文件对比。【check1】【check2】 | G63: 1、【check1】系统系统会创建一个当前日期的日志备份文件，文件的名称正确，不存在词义错误和拼写错误。 2、【check2】系统会创建一个当前日志前一天产生的日志全部追加到日志备份文件中。且日志文件中不会存在其他日志和其他类型的日志。 | H63: P3 | I63: 可靠性测试 | J63: 待实现
A64: 日志备份文件管理 | B64: 【设计方法】直接设计法
B65: 步骤1:逻辑用例设计
B66: 逻辑用例编号 | C66: 测试用例描述 | F66: 覆盖的测试数据 | G66: 测试数据选取结果
B67: log.logmng.backup.flies | C67: 验证日志备份文件过滤功能 | F67: 类型 | G67: 日志类型=all
B68: 步骤2:物理用例设计
B69: 逻辑用例编号 | C69: 用例标题 | D69: 测试数据 | E69: 预置条件 | F69: 测试步骤 | G69: 预期结果 | H69: 优先级 | I69: 测试类型 | J69: 自动化
B70: log.logmng.backup.flies | C70: 验证日志备份文件过滤功能 | D70: 日志类型=all | E70: 1、网元正常启动 | F70: 1、后台构造多个时戳不同的如下文件antiddoslog20241016.csv,antiddospktlog20241016.csv,contentsec20241016.csv,explosionproofsec20241016.csv,filesec20241016.csv,ipssec20241016.csv,operationlog20241016.csv,systemlog20241016.csv,urlsec20241016.csv,virussec20241016.csv,vppPolicyPluginLog20241016.csv,wblistlog20241016.csv,weakpwchecksec20241016.csv,websec20241016.csv,edrlog20241016.csv,ipseclog20241016.csv和本地策略日志 2、查看日志备份文件列表【check1】 3、使用名称中的关键字，查询日志文件。【check2】 4、使用日期中的关键字，查询日志文件。【check3】 5、使用类型中的关键字，查询日志文件。【check4】 | G70: 1、【check1】所有日志备份文件的名称为文件名，生成时间为时戳，日志类型正确日志名与日志类型对应关系如下：antiddoslog-flood攻击日志,antiddospktlog-单包防护日志,contentsec-内容过滤日志,explosionproofsec-防暴力破解日志,filesec-文件过滤日志,ipssec-入侵防御日志,operationlog-操作日志,systemlog-系统日志,urlsec-url过滤日志,virussec-防病毒日志,vppPolicyPluginLog-应用控制日志,wblistlog-黑白名单日志,weakpwchecksec-弱密码防护日志,websec-web防护日志,edrlog-EDR推广日志,ipseclog-ipsec日志,本地策略日志 2、【check2】名称中包含关键字的日志备份文件全部在反馈列表中，其他字段包含该关键字的文件也会在列表中 3、【check3】日期中包含关键字的日志备份文件全部在反馈列表中，其他字段包含该关键字的文件也会在列表中 4、【check4】日志类型中包含关键字的日志备份文件全部在反馈列表中，其他字段包含该关键字的文件也会在列表中 | H70: P2 | I70: 配置相关 | J70: 待实现
A71: 日志备份支持设备形态测试 | B71: 【设计方法】直接设计法
B72: 步骤1:逻辑用例设计
B73: 逻辑用例编号 | C73: 测试用例描述 | F73: 覆盖的测试数据 | G73: 测试数据选取结果
B74: log.logmng.backup.support | C74: 验证${设备类型}${支持情况}日志备份功能 | F74: 设备类型,支持情况 | G74: 设备类型=有存储设备;支持情况=支持;检查点=下发成功，返回信息正确;检查点2=存在日志备份文件 设备类型=无存储设备;支持情况=不支持;检查点=下发失败，返回信息正确，设备无异常;检查点2=不存在任何日志备份文件
B75: 步骤2:物理用例设计
B76: 逻辑用例编号 | C76: 用例标题 | D76: 测试数据 | E76: 预置条件 | F76: 测试步骤 | G76: 预期结果 | H76: 优先级 | I76: 测试类型 | J76: 自动化
B77: log.logmng.backup.support | C77: 验证${设备类型}${支持情况}日志备份功能 | D77: 设备类型=有存储设备;支持情况=支持;检查点=下发成功 设备类型=无存储设备;支持情况=不支持;检查点=下发失败 | E77: 1、网元正常启动 | F77: 1、查看设备为${设备类型} 2、使用/api/v1/logsetting/logtimesetting接口下发日志备份。【check1】 3、使用/api/v1/logsetting/logbackcsv?page=1&size=10&keywords=GET接口查询备份文件。【check1】 4、修改系统时间为凌晨3:29:59分，等待1分钟后为后台查询/userdata/userfile/influxTask。【cehck2】 | G77: 1、【check1】${检查点}。 2、【check2】${检查点2} | H77: P1 | I77: 配置相关 | J77: 待实现
A78: 日志备份有效期测试 | B78: 【设计方法】等价类划分&数据组合
B79: 步骤1:等价类划分
B80: 等价类划分 | C80: 测试数据 | D80: 有效类 | E80: 无效类 | F80: 选取策略 | G80: 选取结果
C81: 有效期 | D81: 最小值(90天) | F81: 数据名称和分类合并 | G81: 有效期=最小值(90天),最大值(360天),默认值(180天),随机值n(91~359天)
D82: 最大值(360天)
D83: 默认值(180天)
D84: 随机值n(91~359天)
B85: 步骤2:数据组合
B86: 数据组合 | C86: 测试数据 | D86: 数据取值 | E86: 组合数据分析 | F86: 约束条件和组合策略 | G86: 组合结果
C87: 有效期 | D87: 不组合 | F87: 不组合 | G87: 有效期=最小值(90天),最大值(360天),默认值(180天),随机值n(91~359天)
B88: 步骤3:逻辑用例设计
B89: 逻辑用例编号 | C89: 测试用例描述 | F89: 覆盖的测试数据 | G89: 测试数据选取结果
B90: log.logmng.backup.valid.period | C90: 验证日志备份文件有效期为${有效期}的备份功能 | F90: 有效期 | G90: 有效期=最小值(90天),最大值(360天),默认值(180天),随机值n(91~359天)
B91: 步骤4:物理用例设计
B92: 逻辑用例编号 | C92: 用例标题 | D92: 测试数据 | E92: 预置条件 | F92: 测试步骤 | G92: 预期结果 | H92: 优先级 | I92: 测试类型 | J92: 自动化
B93: log.logmng.backup.valid.period | C93: 验证日志每日备份有效期为${有效期}时的日志备份功能 | D93: 有效期=最小值(90天),最大值(360天),默认值(180天),随机值n(91~359天) | E93: 1、网元正常启动 | F93: 1、配置日志备份的有效期为${有效期} 2、构造所有日志文件（包括系统日志,操作日志,入侵防御日志,防病毒日志,内容过滤日志,文件过滤日志,URL过滤日志,WEB防护日志,防暴力破解日志,弱密码日志,控制策略阻断日志,本地控制策略日志,单包防护日志,Flood攻击日志,黑白名单日志,EDR推广日志,IPSecVPN日志）存在时间戳为当前日志之前有效期和有效期前一天的日志备份文件。 3、调整系统时间为凌晨2:59:59描述，等待1分钟 4、持续查看后台文件 5、使用接口查询和下载备份文件【check1】 | G93: 1、【check1】所有时间戳为有效期内的日志备份文件保留，所有时间戳为有效期前一天的日志备份文件被删除 | H93: P3 | I93: 功能测试 | J93: 待实现
A94: 最大数量的日志备份功能测试 | B94: 【设计方法】直接设计法
B95: 步骤1:逻辑用例设计
B96: 逻辑用例编号 | C96: 测试用例描述 | F96: 覆盖的测试数据 | G96: 测试数据选取结果
B97: log.logmng.backup.capcity | C97: 验证最大数量的日志导出功能 | F97: 日志规格 | G97: 日志规格=最大数量
B98: 步骤2:物理用例设计
B99: 逻辑用例编号 | C99: 用例标题 | D99: 测试数据 | E99: 预置条件 | F99: 测试步骤 | G99: 预期结果 | H99: 优先级 | I99: 测试类型 | J99: 自动化
B100: log.logmng.backup.capcity | C100: 验证最大数量的日志备份功能 | D100: 日志规格=最大数量 | E100: 1、网元正常启动 | F100: 1、随机选取系统日志,操作日志,入侵防御日志,防病毒日志,内容过滤日志,文件过滤日志,URL过滤日志,WEB防护日志,防暴力破解日志,弱密码日志,控制策略阻断日志,本地控制策略日志,单包防护日志,Flood攻击日志,黑白名单日志,EDR推广日志,IPSecVPN日志中的两种日志 2、向日志侦听接口写入步骤1中选取两种日志，两种日志都写到最大数量，其他所有日志写入少量即可。 3、调整系统时间为凌晨2:59:59 4、后台查看持续查看系统备份文件【check1】 5、使用接口查看日志备份文件【check2】 6、依次下载所有的当天日志备份文件【check3】 | G100: 1、【check1】所有时戳为当天的日志备份文件在5分钟内生成，检查日志备份文件生成的数量和名称全部正确 2、【check2】当天生成的日志备份文件可以查询到 3、【check3】当天生成日志备份文件全部下载成功，文件内容正确（抽取收尾和中间任意条查看） | H100: P4 | I100: 可靠性测试 | J100: 待实现
A101: 磁盘空间满时的日志备份测试 | B101: 【设计方法】直接设计法
B102: 步骤1:逻辑用例设计
B103: 逻辑用例编号 | C103: 测试用例描述 | F103: 覆盖的测试数据 | G103: 测试数据选取结果
B104: log.logmng.backup.storage | C104: 验证磁盘占用满时的日志备份功能 | F104: 磁盘占用率 | G104: 磁盘占用率=99%
B105: 步骤2:物理用例设计
B106: 逻辑用例编号 | C106: 用例标题 | D106: 测试数据 | E106: 预置条件 | F106: 测试步骤 | G106: 预期结果 | H106: 优先级 | I106: 测试类型 | J106: 自动化
B107: log.logmng.backup.storage | C107: 验证磁盘占用满时的日志备份功能 | D107: 磁盘占用率=99% | E107: 1、网元正常启动 | F107: 1、使用dd命令构造/userdata所在的分区磁盘占用率大于99%，接近100%是 2、修改系统时间为凌晨3:29:59分 3、间隔10s查询连续查询日志备份文件超过10次。【check1】【check2】 4、像日志监听接口写入任意日志 5、查询写入的日志。【check3】 | G107: 1、【check1】日志备份文件中，最新备份的80%仍然存在不受影响 2、【check2】系统正常运行 3、【check3】新写入的日志正常被查询到 | H107: P4 | I107: 可靠性测试 | J107: 待实现

Sheet 日志导入导出
A1: 测试点汇总 | B1: 测试点 | C1: 测试设计方法 | D1: 适用场景 | E1: 用例规模（个） | F1: 测试数据
B3: 日志导出功能测试 | C3: 直接分析 | E3: 16 | F3: 系统日志、操作日志、入侵防御日志、防病毒日志、内容过滤日志、文件过滤日志、URL过滤日志、WEB防护日志、防暴力破解日志、弱密码日志、控制策略阻断日志、单包防护日志、Flood攻击日志、黑白名单日志、EDR推广日志、IPSecVPN日志导出日志的字段正确，文件名称正确
B4: 最大数量的日志导出功能测试 | C4: 直接分析 | E4: 1
B5: 日志导出时间测试 | C5: 直接分析 | E5: 6 | F5: 近1小时,近24小时,近一周,近一月，自定义，修改系统时间
A6: 日志导出功能测试 | B6: 【设计方法】等价类划分&数据组合
B7: 步骤1:等价类划分
B8: 等价类划分 | C8: 测试数据 | D8: 有效类 | E8: 无效类 | F8: 选取策略 | G8: 选取结果
C9: 日志类型 | D9: 系统日志 | F9: 数据名称和分类合并 | G9: 有效日志类型=系统日志,操作日志,入侵防御日志,防病毒日志,内容过滤日志,文件过滤日志,URL过滤日志,WEB防护日志,防暴力破解日志,弱密码日志,控制策略阻断日志,本地控制策略日志,单包防护日志,Flood攻击日志,黑白名单日志,EDR推广日志,IPSecVPN日志
D10: 操作日志
D11: 入侵防御日志
D12: 防病毒日志
D13: 内容过滤日志
D14: 文件过滤日志
D15: URL过滤日志
D16: WEB防护日志
D17: 防暴力破解日志
D18: 弱密码日志
D19: 控制策略阻断日志
D20: 本地控制策略日志
D21: 单包防护日志
... D25: IPSecVPN日志
B26: 步骤2:数据组合
B27: 数据组合 | C27: 测试数据 | D27: 数据取值 | E27: 组合数据分析 | F27: 约束条件和组合策略 | G27: 组合结果
C28: 日志类型 | D28: 所有数据不组合，一条数据一个用例 | G28: 日志类型=系统日志,操作日志,入侵防御日志,防病毒日志,内容过滤日志,文件过滤日志,URL过滤日志,WEB防护日志,防暴力破解日志,弱密码日志,控制策略阻断日志,本地控制策略日志,单包防护日志,Flood攻击日志,黑白名单日志,EDR推广日志,IPSecVPN日志
B29: 步骤3:逻辑用例设计
B30: 逻辑用例编号 | C30: 测试用例描述 | F30: 覆盖的测试数据 | G30: 测试数据选取结果
B31: log.logmng.outport | C31: 验证${日志类型}导出功能 | F31: 日志类型 | G31: 日志类型=系统日志,操作日志,入侵防御日志,防病毒日志,内容过滤日志,文件过滤日志,URL过滤日志,WEB防护日志,防暴力破解日志,弱密码日志,控制策略阻断日志,本地控制策略日志,单包防护日志,Flood攻击日志,黑白名单日志,EDR推广日志,IPSecVPN日志
B32: 步骤4:物理用例设计
B33: 逻辑用例编号 | C33: 用例标题 | D33: 测试数据 | E33: 预置条件 | F33: 测试步骤 | G33: 预期结果 | H33: 优先级 | I33: 测试类型 | J33: 自动化
B34: log.logmng.outport | C34: 验证${日志类型}导出功能 | D34: 日志类型=系统日志,操作日志,入侵防御日志,防病毒日志,内容过滤日志,文件过滤日志,URL过滤日志,WEB防护日志,防暴力破解日志,弱密码日志,控制策略阻断日志,本地控制策略日志,单包防护日志,Flood攻击日志,黑白名单日志,EDR推广日志,IPSecVPN日志 | E34: 1、网元正常启动 | F34: 1、在选择任意的一个时间范围精确到秒 2、向防火墙的日志侦听端口写入${日志类型}100条,时间任意的格式为"2024-10-17 02:00:00",级别字段为中文,IP地址包含ipv4和ipv6地址，tcpudp端口为0-65535随机数，其他没有明确要求的字段包含中文数字和特殊字符点(.)中横杠(-)和空格 3、向防火墙的日志侦听端口写入至少1条${日志类型}，时间为步骤1中选取的开始时间前1s 4、向防火墙的日志侦听端口写入至少1条${日志类型}，时间为步骤1中选取的结束时间后1s 5、导出${日志类型}，时间范围为步骤1选择的时间范围。【check1】【check2】 | G34: 1、【check1】下载的日志中包含步骤2中写入的所有日志，抽查首尾和中间任意一条日志的字段全部正确，日志的数量正确。 2、【check2】步骤3和步骤4中写入的日志不在导出的日志中 | H34: P3 | I34: 功能测试 | J34: 待实现
A35: 最大数量的日志导出功能测试 | B35: 【设计方法】直接设计法
B36: 步骤1:逻辑用例设计
B37: 逻辑用例编号 | C37: 测试用例描述 | F37: 覆盖的测试数据 | G37: 测试数据选取结果
B38: log.logmng.outport.capcity | C38: 验证最大数量的日志导出功能 | F38: 日志规格 | G38: 日志规格=最大数量
B39: 步骤2:物理用例设计
B40: 逻辑用例编号 | C40: 用例标题 | D40: 测试数据 | E40: 预置条件 | F40: 测试步骤 | G40: 预期结果 | H40: 优先级 | I40: 测试类型 | J40: 自动化
B41: log.logmng.outport.capcity | C41: 验证最大数量的日志导出功能 | D41: 日志规格=最大数量 | E41: 1、网元正常启动 | F41: 1、随机选取系统日志,操作日志,入侵防御日志,防病毒日志,内容过滤日志,文件过滤日志,URL过滤日志,WEB防护日志,防暴力破解日志,弱密码日志,控制策略阻断日志,本地控制策略日志,单包防护日志,Flood攻击日志,黑白名单日志,EDR推广日志,IPSecVPN日志中的一种日志 2、向日志侦听接口写入步骤1中选取的最大数量的日志，时间范围超出1个月。 3、导出日志，自定义时间时间范围包含所有步骤2中写入的日志。【check1】 4、检查导出的日志文件数量和内容。【check2】 | G41: 1、【check1】日志导出成功 2、【check2】导出日志的数量为正确，导出日志内容正确（检查收尾日志和中间任意一条日志） | H41: P4 | I41: 可靠性测试 | J41: 不实现
A42: 修改系统时间对日志导出的影响 | B42: 【设计方法】直接设计法
B43: 步骤1:逻辑用例设计
B44: 逻辑用例编号 | C44: 测试用例描述 | F44: 覆盖的测试数据 | G44: 测试数据选取结果
B45: log.logmng.outport.time | C45: 验证${日志类型}导出时间范围为${时间范围}计算正确 | F45: 时间范围=近1小时,近24小时,近一周,近一月,自定义,全部 | G45: 时间范围=近1小时,近24小时,近一周,近一月,自定义,全部
B46: log.logmng.outport.time.moidfy | C46: 验证修改系统时间的日志导出功能 | F46: 日志规格 | G46: 时间范围=修改系统时间
B47: 步骤2:物理用例设计
B48: 逻辑用例编号 | C48: 用例标题 | D48: 测试数据 | E48: 预置条件 | F48: 测试步骤 | G48: 预期结果 | H48: 优先级 | I48: 测试类型 | J48: 自动化
B49: log.logmng.outport.time | C49: 验证${日志类型}导出时间范围为${时间范围}计算正确 | D49: 时间范围=近1小时;日志类型=操作日志 时间范围=近24小时;日志类型=安全日志 时间范围=近一周;日志类型=Flood攻击日志 时间范围=近一月;日志类型=EDR推广日志 时间范围=自定义;日志类型=本地策略日志 | E49: 1、网元正常启动 | F49: 1、向防火墙日志侦听端口写入至少3条${日志类型}，日志的时间在${时间范围}内 2、向防火墙日志侦听端口写入至少3条${日志类型}，日志的时间早于${时间范围}开始时间，至少3条晚于${时间范围}结束时间（可以晚于当前防火墙的系统时间）。 3、使用接口导出${日志类型}，过滤时间范围为${时间范围}内。【check1】【check2】 4、使用接口导出${日志类型}，过滤时间范围为all。【check1】 | G49: 1、【check1】日志导出成功 2、【check2】仅导出${时间范围}的日志，导出日志的数量为正确，导出日志内容正确（检查收尾日志和中间任意一条日志） 3、【check3】会导出所有写入的日志，导出日志的数量为正确，导出日志内容正确（检查收尾日志和中间任意一条日志） | H49: P4 | I49: 功能测试 | J49: 待实现
B50: log.logmng.outport.time.moidfy | C50: 验证修改系统时间的日志导出功能 | D50: 时间范围=修改系统时间 | E50: 1、网元正常启动 | F50: 1、在近1小时、近24小时、近一周、近一月中选取任意一个有效周期记为t。在系统日志,操作日志,入侵防御日志,防病毒日志,内容过滤日志,文件过滤日志,URL过滤日志,WEB防护日志,防暴力破解日志,弱密码日志,控制策略阻断日志,本地控制策略日志,单包防护日志,Flood攻击日志,黑白名单日志,EDR推广日志,IPSecVPN日志中选取任意一种日志类型 2、向防火墙的日志侦听端口写入选取的日志类型的日志，在选取的有效期内有n1条日志，有效期前一个周期有n2，有效期后一周期（日志时间晚于防火墙系统时间）有n3条，n1、n2和n3数量都不相同。 2、导出选取的日志类型，时间范围为选取的有效期【check1】【check2】 2、防火墙系统时间向前调整一个有效期，导出选取的日志类型，时间范围为选取的有效期【check1】【check3】 2、防火墙系统时间向后调整两个有效期，导出选取的日志类型，时间范围为选取的有效期【check1】【check4】 | G50: 1、【check1】日志导出成功 2、【check2】导出日志的数量为n1，导出日志内容正确（检查收尾日志和中间任意一条日志） 3、【check3】导出日志的数量为n2，导出日志内容正确（检查收尾日志和中间任意一条日志） 4、【check4】导出日志的数量为n3，导出日志内容正确（检查收尾日志和中间任意一条日志） | H50: P4 | I50: 可靠性测试 | J50: 待实现

Sheet 日志外发
A1: 测试点汇总 | B1: 测试点 | C1: 测试设计方法 | D1: 适用场景 | E1: 用例规模（个） | F1: 测试数据
B2: 日志外发协议测试 | C2: 等价类划分&数据组合 | E2: 5 | F2: syslog（支持tcp和udp，支持加密和不加密），restAPI（加密且只支持tcp格式），tcp和udp端口边界，源IP测试
B3: 日志外发并发测试 | C3: 直接分析 | E3: 2 | F3: 多种日志，多个服务器
B4: 日志服务器连接可靠性测试 | C4: 直接分析 | E4: 5 | F4: 日志服务器地址变化（地址，端口、协议方式）、路由状态变化（策略路由、静态路由）、链路震荡，区分UDP和TCP断链
B5: 日志外发接口IP地址变化测 | C5: 直接分析 | E5: 1 | F5: 接口IP地址变化
A6: 日志外发协议测试 | B6: 【设计方法】等价类划分&数据组合
B7: 步骤1:等价类划分
B8: 等价类划分 | C8: 测试数据 | D8: 有效类 | E8: 无效类 | F8: 选取策略 | G8: 选取结果
C9: 端口 | D9: 常用端口514
D10: 常用端口1468
D11: 知名端口80
D12: 随机端口1~65535
C13: 发送方式 | D13: syslog
D14: restapi
C15: 加密 | D15: 加密
D16: 不加密
C17: 发送协议 | D17: tcp
D18: upd
D19: 默认
B20: 步骤2:数据组合
B21: 数据组合 | C21: 测试数据 | D21: 数据取值 | E21: 组合数据分析 | F21: 约束条件和组合策略 | G21: 组合结果
C22: 发送方式&发送协议 | D22: syslog | E22: tcp,udp | F22: 发送方式为syslog,发送协议可以为tcp和udp | G22: 发送方式=syslog;发送协议=tcp 发送方式=syslog;发送协议=udp
D23: restapi | E23: 默认 | F23: 发送方式为restapi,发送协议不可配为空，实际处理为tcp | G23: 发送方式=restapi;发送协议=默认
C24: 发送方式&发送协议&加密 | D24: 发送方式=syslog;发送协议=tcp | E24: 加密,不加密 | F24: 加密方式为加密和不加密 | G24: 发送方式=syslog;发送协议=tcp;加密=加密 发送方式=syslog;发送协议=tcp;加密=不加密
D25: 发送方式=syslog;发送协议=udp | E25: 不加密 | F25: 必为不加密 | G25: 发送方式=syslog;发送协议=udp;加密=不加密
D26: 发送方式=restapi;发送协议=空 | E26: 加密 | F26: 必为加密 | G26: 发送方式=restapi;发送协议=空;加密=加密
C27: 发送方式&发送协议&加密&端口 | D27: 发送方式=syslog;发送协议=tcp;加密=加密 | E27: 随机端口1~65535 | F27: 其他端口都有组合，这里选择随机端口 | G27: 发送方式=syslog;发送协议=tcp;加密=加密;端口=随机端口1~65535
D28: 发送方式=syslog;发送协议=tcp;加密=不加密 | E28: 常用端口514 | F28: tcp方式的常用端口为514 | G28: 发送方式=syslog;发送协议=tcp;加密=不加密;端口=常用端口514
D29: 发送方式=syslog;发送协议=udp;加密=不加密 | E29: 常用端口1468 | F29: udp方式的常用端口为1468 | G29: 发送方式=syslog;发送协议=udp;加密=不加密;端口=常用端口1468
D30: 发送方式=restapi;发送协议=空;加密=加密 | E30: 知名端口80 | F30: resapi常与知名端口80组合 | G30: 发送方式=restapi;发送协议=默认;加密=加密;端口=知名端口80
B31: 步骤3:逻辑用例设计
B32: 逻辑用例编号 | C32: 测试用例描述 | F32: 覆盖的测试数据 | G32: 测试数据选取结果
B33: log.logserver.send | C33: 验证日志以${发送方式}方式${发送协议}协议${加密}发送到日志服务器 | F33: 日志类型 | G33: 发送方式=syslog;发送协议=tcp;加密=加密;端口=随机端口1~65535 发送方式=syslog;发送协议=tcp;加密=不加密;端口=常用端口514 发送方式=syslog;发送协议=udp;加密=不加密;端口=常用端口1468 发送方式=restapi;发送协议=默认;加密=加密;端口=知名端口80
B34: 步骤4:物理用例设计
B35: 逻辑用例编号 | C35: 用例标题 | D35: 测试数据 | E35: 预置条件 | F35: 测试步骤 | G35: 预期结果 | H35: 优先级 | I35: 测试类型 | J35: 自动化
B36: log.logserver.send | C36: 验证日志以${发送方式}方式${发送协议}协议${加密}发送到日志服务器 | D36: 发送方式=syslog;发送协议=tcp;加密=加密;端口=随机端口1~65535 发送方式=syslog;发送协议=tcp;加密=不加密;端口=常用端口514 发送方式=syslog;发送协议=udp;加密=不加密;端口=常用端口1468 发送方式=restapi;发送协议=默认;加密=加密;端口=知名端口80 | E36: 1、网元正常启动 2、配置静态路由保证日志服务器网络可达 | F36: 1、配置开启日志服务器，配置日志服务器IP地址，端口为${端口}，发送方式为${发送方式},加密方式为${加密}，发送协议为${发送协议}。 2、配置日式过滤为发送所有日志 3、向日志侦听端口写入至少3条系统日志,操作日志,入侵防御日志,防病毒日志,内容过滤日志,文件过滤日志,URL过滤日志,WEB防护日志,防暴力破解日志,弱密码日志,控制策略阻断日志,本地控制策略日志,单包防护日志,Flood攻击日志,黑白名单日志,EDR推广日志,IPSecVPN日志中的任意日志 4、观察日志服务器上接收到的日志的数量和内容。【check1】【check2】【check3】 | G36: 1、【check1】日志服务器上接收到的日志数量和内容正确 2、【check2】日志接受到的源IP、协议、源目的端口、加密信息正确 3、【check3】接收到的日志发送方式正确 | H36: P2 | I36: 功能测试 | J36: 待实现
A37: 日志外发并发测试 | B37: 【设计方法】直接设计法
B38: 步骤1:逻辑用例设计
B39: 逻辑用例编号 | C39: 测试用例描述 | F39: 覆盖的测试数据 | G39: 测试数据选取结果
B40: log.logserver.send.concurrency | C40: 验证多种日志并行外发功能 | F40: 日志类型 | G40: 日志类型=系统日志,操作日志,入侵防御日志,防病毒日志,内容过滤日志,文件过滤日志,URL过滤日志,WEB防护日志,防暴力破解日志,弱密码日志,控制策略阻断日志,本地控制策略日志,单包防护日志,Flood攻击日志,黑白名单日志,EDR推广日志,IPSecVPN日志
B41: 步骤2:物理用例设计
B42: 逻辑用例编号 | C42: 用例标题 | D42: 测试数据 | E42: 预置条件 | F42: 测试步骤 | G42: 预期结果 | H42: 优先级 | I42: 测试类型 | J42: 自动化
B43: log.logserver.send.concurrency | C43: 验证多种日志并行外发功能 | D43: 日志类型=系统日志,操作日志,入侵防御日志,防病毒日志,内容过滤日志,文件过滤日志,URL过滤日志,WEB防护日志,防暴力破解日志,弱密码日志,控制策略阻断日志,本地控制策略日志,单包防护日志,Flood攻击日志,黑白名单日志,EDR推广日志,IPSecVPN日志 | E43: 1、网元正常启动 2、配置静态路由保证日志服务器网络可达 | F43: 1、配置开启日志服务器 2、配置日式过滤为发送所有日志 3、向日志侦听端口写入至少3条所有类型的日志（包括系统日志,操作日志,入侵防御日志,防病毒日志,内容过滤日志,文件过滤日志,URL过滤日志,WEB防护日志,防暴力破解日志,弱密码日志,控制策略阻断日志,本地控制策略日志,单包防护日志,Flood攻击日志,黑白名单日志,EDR推广日志,IPSecVPN日志） 4、观察日志服务器上接收到的日志的数量和内容。【check1】 | G43: 1、【check1】日志服务器上接收到的日志数量和内容正确 | H43: P3 | I43: 功能测试 | J43: 不实现
B44: log.logserver.send.concurrency.servers | C44: 验证多种日志并行外发到多个服务器功能 | D44: 日志类型=系统日志,操作日志,入侵防御日志,防病毒日志,内容过滤日志,文件过滤日志,URL过滤日志,WEB防护日志,防暴力破解日志,弱密码日志,控制策略阻断日志,本地控制策略日志,单包防护日志,Flood攻击日志,黑白名单日志,EDR推广日志,IPSecVPN日志 | E44: 1、网元正常启动 2、配置静态路由保证日志服务器网络可达 | F44: 1、配置开启日志服务器，配置三个服务器，三个服务器路由均可达，3个日志服务器发送的一个发送方式为restAPI，一个为syslog的TCP，一个为syslog的UDP方式 2、配置日式过滤为发送所有日志 3、向日志侦听端口写入至少3条所有类型的日志（包括系统日志,操作日志,入侵防御日志,防病毒日志,内容过滤日志,文件过滤日志,URL过滤日志,WEB防护日志,防暴力破解日志,弱密码日志,控制策略阻断日志,本地控制策略日志,单包防护日志,Flood攻击日志,黑白名单日志,EDR推广日志,IPSecVPN日志） 4、观察日志服务器上接收到的日志的数量和内容。【check1】【check2】 | G44: 1、【check1】三个日志服务器上接收到的日志数量和内容正确 2、【check2】三个日志服务器上接收到日志的发送方式和协议正确 | H44: P3 | I44: 功能测试 | J44: 不实现
A45: 日志服务器连接可靠性测试 | B45: 【设计方法】直接设计法
B46: 步骤1:逻辑用例设计
B47: 逻辑用例编号 | C47: 测试用例描述 | F47: 覆盖的测试数据 | G47: 测试数据选取结果
B48: log.logserver.send.reliability | C48: 验证日志外发时${连接}时的可靠性 | F48: 连接变化=服务器地址变化,路由震荡,接口禁用启用,tcp连接状态震荡,udp端口变化 | G48: 连接变化=服务器地址变化,路由震荡,接口禁用启用,tcp连接状态震荡,udp端口变化
B49: 步骤2:物理用例设计
B50: 逻辑用例编号 | C50: 用例标题 | D50: 测试数据 | E50: 预置条件 | F50: 测试步骤 | G50: 预期结果 | H50: 优先级 | I50: 测试类型 | J50: 自动化
B51: log.logserver.send.reliability | C51: 验证日志外发${连接变化}时的可靠性 | D51: 连接变化=服务器地址变化,路由震荡,接口禁用启用,tcp连接状态震荡,udp端口变化 | E51: 1、网元正常启动 2、配置静态路由保证日志服务器网络可达 | F51: 1、配置开启日志服务器 2、配置日式过滤为发送所有日志 3、持续向日志侦听端口写入多种类型的日志 4、构造${连接}大于200次，在日志服务器上观察日志接收。【check1】 | G51: 1、【check1】日志服务器上接收到的日志数量和内容正确 | H51: P4 | I51: 可靠性测试 | J51: 不实现
A52: 日志外发接口IP地址变化测 | B52: 【设计方法】直接设计法
B53: 步骤1:逻辑用例设计
B54: 逻辑用例编号 | C54: 测试用例描述 | F54: 覆盖的测试数据 | G54: 测试数据选取结果
B55: log.logserver.send.sip | C55: 验证日志外发时${变化}时的源IP正确 | F55: 连接变化=接口地址变化,接口变化 | G55: 连接变化=接口地址变化,接口变化
B56: 步骤2:物理用例设计
B57: 逻辑用例编号 | C57: 用例标题 | D57: 测试数据 | E57: 预置条件 | F57: 测试步骤 | G57: 预期结果 | H57: 优先级 | I57: 测试类型 | J57: 自动化
B58: log.logserver.send.sip | C58: 验证日志外发使用${连接}时的源IP正确 | D58: 连接=业务口,管理口 | E58: 1、网元正常启动 2、配置开启日志服务器 | F58: 1、配置日志服务器，配置静态路由通过${连接}发送到日志服务器 2、配置日式过滤为发送所有日志 3、持续向日志侦听端口写入多种类型的日志 4、修改日志外发对应的${连接}的IP地址【check1】【check2】 5、在接口上添加多个IP地址【check1】【check3】 | G58: 1、【check1】日志服务器上接收到的日志数量和内容正确 2、【check2】日志服务器上接收到的报文的IP地址与接口的IP地址相同 3、【check3】日志服务器仍然以第一个IP地址发送日志 | H58: P4 | I58: 可靠性测试 | J58: 不实现
B59: log.logserver.send.sip.intf | C59: 验证日志外发${连接}时的源IP正确 | D59: 连接=接口变化 | E59: 1、网元正常启动 2、配置开启日志服务器 | F59: 1、配置冗余路由通过两条不同的接口发送到日志服务器，一条高优先级的路由通过接口1发送到日志服务器，一条低优先级的路由通过接口2发送到日志服务器。 2、持续向日志侦听端口写入多种类型的日志，观察日志服务器上接收到的日志和日志报文【check1】【check2】 3、构造接口1故障，观察日志服务器上接收到的日志和日志报文【check1】【check3】 | G59: 1、【check1】日志服务器上接收到的日志数量和内容正确 2、【check2】日志服务器上接收到日志报文的源IP为接口1的IP地址 3、【check3】日志服务器上接收到日志报文的源IP为接口2的IP地址 | H59: P4 | I59: 可靠性测试 | J59: 不实现

Sheet 日志过滤
A1: 测试点汇总 | B1: 测试点 | C1: 测试设计方法 | D1: 适用场景 | E1: 用例规模（个） | F1: 测试数据
B2: 验证安全日志过滤功能 | C2: 等价类划分&数据组合 | E2: 16 | F2: 入侵防御日志、防病毒日志、内容过滤日志、文件过滤、URL过滤日志、WEB防护日志、防暴力破解日志、弱密码日志。日志级别支持信息、低危、中危、高危、严重。
B3: 验证系统日志过滤功能 | C3: 等价类划分&数据组合 | E3: 4 | F3: 系统日志、操作日志。日志级别支持调试、信息、警告、错误、致命、严重错误
B4: 验证流量日志过滤功能 | C4: 直接分析 | E4: 6 | F4: 控制策略阻断日志、允许日志，流日志，NAT日志，分解到其他特性
B5: 验证监控中心-安全日志过滤功能 | C5: 等价类划分&数据组合 | F5: 单包防护日志,Flood攻击日志,黑白名单日志,EDR推广日志,IPSecVpn日志
B6: 在线修改配置后的日志外发功能 | C6: 直接分析 | F6: 1、日志服务器、日志过滤（类型和级别），日志过滤在测试步骤中已覆盖，日志服务器修改在日志外发中已覆盖
B7: s6000和电力格式日志过滤功能 | C7: 直接分析 | E7: 4 | F7: 标准格式、电力格式，s6000_ips，s6000_fw，配置值和默认值放到日志格式中覆盖
A8: 验证安全日志过滤功能 | B8: 【设计方法】等价类划分&数据组合
B9: 步骤1:等价类划分
B10: 等价类划分 | C10: 测试数据 | D10: 有效类 | E10: 无效类 | F10: 选取策略 | G10: 选取结果
C11: 日志类型 | D11: 入侵防御日志 | F11: 数据名称和分类合并 | G11: 日志类型=入侵防御日志,防病毒日志,内容过滤日志,URL过滤日志,文件过滤日志,WEB防护日志,弱密码日志,防暴力破解日志
D12: 防病毒日志
D13: 内容过滤日志
D14: URL过滤日志
D15: 文件过滤日志
D16: WEB防护日志
D17: 弱密码日志
D18: 防暴力破解日志
C19: 过滤级别 | D19: 信息 | F19: 数据名称和分类合并 | G19: 过滤级别=信息,低危,中危,高危,严重
D20: 低危
D21: 中危
D22: 高危
D23: 严重
B24: 步骤2:数据组合
B25: 数据组合 | C25: 测试数据 | D25: 数据取值 | E25: 组合数据分析 | F25: 约束条件和组合策略 | G25: 组合结果
C26: 日志类型&过滤级别 | D26: 入侵防御日志 | E26: 过滤级别=信息,低危,中危,高危,严重 | F26: 全组合 | G26: 日志类型=入侵防御日志;过滤级别=信息,低危,中危,高危,严重 日志类型=防病毒日志;过滤级别=信息,低危,中危,高危,严重 日志类型=内容过滤日志;过滤级别=信息,低危,中危,高危,严重 日志类型=URL过滤日志;过滤级别=信息,低危,中危,高危,严重 日志类型=文件过滤日志;过滤级别=信息,低危,中危,高危,严重 日志类型=WEB防护日志;过滤级别=信息,低危,中危,高危,严重 日志类型=弱密码日志;过滤级别=信息,低危,中危,高危,严重 日志类型=防暴力破解日志;过滤级别=信息,低危,中危,高危,严重
D27: 防病毒日志 | E27: 过滤级别=信息,低危,中危,高危,严重 | F27: 全组合
D28: 内容过滤日志 | E28: 过滤级别=信息,低危,中危,高危,严重 | F28: 全组合
D29: URL过滤日志 | E29: 过滤级别=信息,低危,中危,高危,严重 | F29: 全组合
D30: 文件过滤日志 | E30: 过滤级别=信息,低危,中危,高危,严重 | F30: 全组合
D31: WEB防护日志 | E31: 过滤级别=信息,低危,中危,高危,严重 | F31: 全组合
D32: 弱密码日志 | E32: 过滤级别=信息,低危,中危,高危,严重 | F32: 全组合
D33: 防暴力破解日志 | E33: 过滤级别=信息,低危,中危,高危,严重 | F33: 全组合
B34: 步骤3:物理用例设计
B35: 逻辑用例编号 | C35: 用例标题 | D35: 测试数据 | E35: 预置条件 | F35: 测试步骤 | G35: 预期结果 | H35: 优先级 | I35: 测试类型 | J35: 自动化
B36: log.logserver.filter.sec | C36: 验证标准格式${日志类型}过滤功能 | D36: 日志类型=入侵防御日志;过滤级别=信息,低危,中危,高危,严重 日志类型=防病毒日志;过滤级别=信息,低危,中危,高危,严重 日志类型=内容过滤日志;过滤级别=信息,低危,中危,高危,严重 日志类型=URL过滤日志;过滤级别=信息,低危,中危,高危,严重 日志类型=文件过滤日志;过滤级别=信息,低危,中危,高危,严重 日志类型=WEB防护日志;过滤级别=信息,低危,中危,高危,严重 日志类型=弱密码日志;过滤级别=信息,低危,中危,高危,严重 日志类型=防暴力破解日志;过滤级别=信息,低危,中危,高危,严重 | E36: 1、网元正常启动 2、配置静态路由保证日志服务器网络可达 3、开启日志服务器 4、配置开启${日志类型}的日志过滤开关为不发送 | F36: 1、持续向日志侦听端口写入${日志类型}的日志，日志级别包含${过滤级别}所有级别，观察日志服务器的日志接收。【check1】 2、配置开启${日志类型}的日志过滤开关为发送，发送日志级别仅发送$[过滤级别]的日志，观察日志服务器接收情况。【check2】 3、配置开启${日志类型}的日志过滤开关为发送，发送日志级别仅发送所有级别的日志，观察日志服务器接收情况。【check3】 | G36: 1、【check1】日志服务器不能接收到任何${日志类型}的日志 2、【check2】日志服务器仅可以接收到该过滤级别的${日志类型}，接收到日志的所有字段与写入的字段完全相同 3、【check3】日志服务器可以接收到所有级别的${日志类型}，接收到日志的所有字段与写入的字段完全相同 | H36: P2 | I36: 功能测试 | J36: 待实现
A37: 验证系统日志过滤功能 | B37: 【设计方法】等价类划分&数据组合
B38: 步骤1:等价类划分
B39: 等价类划分 | C39: 测试数据 | D39: 有效类 | E39: 无效类 | F39: 选取策略 | G39: 选取结果
C40: 日志类型 | D40: 操作日志 | F40: 数据名称和分类合并 | G40: 日志类型=操作日志,系统日志
D41: 系统日志
C42: 过滤级别 | D42: 调试 | F42: 数据名称和分类合并 | G42: 过滤级别=调试,信息,警告,错误,致命错误,严重错误
D43: 信息
D44: 警告
D45: 错误
D46: 致命错误
D47: 严重错误
B48: 步骤2:数据组合
B49: 数据组合 | C49: 测试数据 | D49: 数据取值 | E49: 组合数据分析 | F49: 约束条件和组合策略 | G49: 组合结果
C50: 日志类型&过滤级别 | D50: 操作日志 | E50: 过滤级别=调试,信息,警告,错误,致命错误,严重错误 | F50: 全组合 | G50: 日志类型=系统日志;过滤级别=调试,信息,警告,错误,致命错误,严重错误 日志类型=操作日志;过滤级别=调试,信息,警告,错误,致命错误,严重错误
D51: 系统日志 | E51: 过滤级别=调试,信息,警告,错误,致命错误,严重错误 | F51: 全组合
B52: 步骤3:物理用例设计
B53: 逻辑用例编号 | C53: 用例标题 | D53: 测试数据 | E53: 预置条件 | F53: 测试步骤 | G53: 预期结果 | H53: 优先级 | I53: 测试类型 | J53: 自动化
B54: log.logserver.filter.system | C54: 验证标准格式${日志类型}过滤功能 | D54: 日志类型=系统日志;过滤级别=调试,信息,警告,错误,致命错误,严重错误 日志类型=操作日志;过滤级别=调试,信息,警告,错误,致命错误,严重错误 | E54: 1、网元正常启动 2、配置静态路由保证日志服务器网络可达 3、开启日志服务器 4、配置开启${日志类型}的日志过滤开关为不发送 | F54: 1、持续向日志侦听端口写入${日志类型}的日志，日志级别包含${过滤级别}所有级别，观察日志服务器的日志接收。【check1】 2、配置开启${日志类型}的日志过滤开关为发送，发送日志级别仅发送$[过滤级别]的日志，观察日志服务器接收情况。【check2】 3、配置开启${日志类型}的日志过滤开关为发送，发送日志级别仅发送所有级别的日志，观察日志服务器接收情况。【check3】 | G54: 1、【check1】日志服务器不能接收到任何${日志类型}的日志 2、【check2】日志服务器仅可以接收到该过滤级别的${日志类型}，接收到日志的所有字段与写入的字段完全相同 3、【check3】日志服务器可以接收到所有级别的${日志类型}，接收到日志的所有字段与写入的字段完全相同 | H54: P2 | I54: 功能测试 | J54: 待实现
A55: 验证监控中心-安全日志过滤功能 | B55: 【设计方法】等价类划分&数据组合
B56: 步骤1:等价类划分
B57: 等价类划分 | C57: 测试数据 | D57: 有效类 | E57: 无效类 | F57: 选取策略 | G57: 选取结果
C58: 日志类型 | D58: 单包防护日志 | F58: 数据名称和分类合并 | G58: 日志类型=单包防护日志,Flood攻击日志,黑白名单日志,EDR推广日志,IPSecVpn日志
D59: Flood攻击日志
D60: 黑白名单日志 | F60: 数据名称和分类合并 | G60: 有效过滤级别=调试,信息,警告,错误,致命错误,严重错误
D61: EDR推广日志
D62: IPSecVpn日志
B63: 步骤2:数据组合
B64: 数据组合 | C64: 测试数据 | D64: 数据取值 | E64: 组合数据分析 | F64: 约束条件和组合策略 | G64: 组合结果
C65: 日志类型 | D65: 不组合 | E65: 不组合 | F65: 全组合 | G65: 日志类型=单包防护日志,Flood攻击日志,黑白名单日志,EDR推广日志,IPSecVpn日志
B66: 步骤3:物理用例设计
B67: 逻辑用例编号 | C67: 用例标题 | D67: 测试数据 | E67: 预置条件 | F67: 测试步骤 | G67: 预期结果 | H67: 优先级 | I67: 测试类型 | J67: 自动化
B68: log.logserver.filter.center.sec | C68: 验证标准格式${日志类型}过滤功能 | D68: 日志类型=单包防护日志,Flood攻击日志,黑白名单日志,EDR推广日志,IPSecVpn日志 | E68: 1、网元正常启动 2、配置静态路由保证日志服务器网络可达 3、开启日志服务器 | F68: 1、持续向日志侦听端口写入${日志类型}的日志 2、配置开启${日志类型}的日志过滤开关为不发送，发送日志级别仅发送$[过滤级别]的日志，观察日志服务器接收情况。【check1】 3、配置开启${日志类型}的日志过滤开关为发送，观察日志服务器接收情况。【check3】 | G68: 1、【check1】日志服务器不能接收到任何${日志类型}的日志 2、【check2】日志服务器可以接收到${日志类型}的日志，接收到日志的所有字段与写入的字段完全相同 | H68: P2 | I68: 功能测试 | J68: 待实现

Sheet 日志格式
A1: 测试点汇总 | B1: 测试点 | C1: 测试设计方法 | D1: 适用场景 | E1: 用例规模（个） | F1: 测试数据
B2: 日志外发格式修改测试 | C2: 直接分析 | E2: 3 | F2: 不同日志外发格式修改配置测试、日志服务器、日志过滤
B3: 日志外发格式切换测试 | C3: 直接分析 | E3: 4 | F3: 标准格式、电力格式，s6000_ips，s6000_fw
B4: 验证标准格式和其他非标格式日志外发功能 | C4: 直接分析 | E4: 12 | F4: 电力格式，s6000_ips，s6000_fw，基本信息、安全策略、告警信息、心跳日志
B5: s6000_fw格式时IPv4策略内容外发功能 | C5: 等价类划分&数据组合 | E5: 20 | F5: 地址对象、服务对象、地区对象、时间对象
B6: s6000_fw格式时IPv6策略内容外发功能 | C6: 等价类划分&数据组合 | E6: 20 | F6: 地址对象、服务对象、地区对象、时间对象
B7: 该部分用例在SPC500和SPC600已重构，C01不重构

Sheet 调试日志管理
A1: 测试点汇总 | B1: 测试点 | C1: 测试设计方法 | D1: 适用场景 | E1: 用例规模（个） | F1: 测试数据
B2: 日志每分钟轮转测试 | C2: 直接分析 | E2: 2 | F2: 1、如果/trace目录占用率大于90%时，删除/trace/coredump/*，执行每小时任务 2、每分钟任务：如果/var/log目录占用大于90%时，则将/var/log目录清空truncate -s 0 /var/log/*
B3: die日志生成测试 | C3: 直接分析 | E3: 10
B4: 日志每小时轮转测试 | C4: 直接分析 | E4: 6 | F4: trace/log/*.log，/trace/log/secure，/var/log/messages，/var/log/syslog，/var/log/auth.log，/var/log/syslog进行轮转处理
B5: 调试日志开启和关闭测试 | C5: 直接分析 | E5: 3
A6: 日志每分钟轮转测试 | B6: 【设计方法】直接设计法
B7: 步骤1:逻辑用例设计
B8: 逻辑用例编号 | C8: 测试用例描述 | F8: 覆盖的测试数据 | G8: 测试数据选取结果
B9: log.devlog.debug.minute.trace | C9: 验证/trace目录每分钟清理功能 | F9: 清理目录=/trace | G9: 清理目录=/trace
B10: log.devlog.debug.minute.varlog | C10: 验证/var/log目录每分钟清理功能 | F10: 清理目录=/var/log | G10: 清理目录=/var/log
B11: 步骤2:物理用例设计
B12: 逻辑用例编号 | C12: 用例标题 | D12: 测试数据 | E12: 预置条件 | F12: 测试步骤 | G12: 预期结果
B13: log.devlog.debug.minute.trace | C13: 验证/trace目录每分钟清理功能 | D13: 清理目录=/trace | E13: 1、网元正常启动 2、在/trace目录下创建至少两个.log结尾的文件，并在/trace/coredump目录下创建至少两个文件，并保证/trace目录占用率低于90% | F13: 1、静置观察/trace和/trace/coredump目录超过1分钟【check1】 2、使用dd命令在/trace/目录下构造文件使得构造/trace目录占用率大于90%，命令参考dd if=[任意源文件] of=/trace/test.log count=任意数量 bs=xxxM 3、观察/trace目录和/trace/coredump目录【check2】【check3】 4、使用dd命令在/trace/coredump目录下构造文件使得构造/trace目录占用率大于90%，命令参考dd if=[任意源文件] of=/trace/coredump count=任意数量 bs=xxxM 5、在/trace目录下创建质量两个.log结尾的文件 6、观察/trace目录和/trace/coredump目录【check2】【check3】 | G13: 1、【check1】/trace/coredump目录不会被清空 2、【check2】/trace/coredump在1分钟内被清空 3、【check3】/trace目录下所有以.log结尾的文件全部被轮转。
B14: log.devlog.debug.minute.varlog | C14: 验证/var/log目录每分钟清理功能 | D14: 清理目录=/var/log | E14: 1、网元正常启动 2、保证/var/log目录中存在文件，且/var/log占用率低于90% | F14: 1、静置观察/var/log目录超过1分钟【check1】 2、使用dd命令在/var/log目录下构造文件使得构造/var/log目录占用率大于90%，命令参考dd if=[任意源文件] of=/var/log/test.log count=任意数量 bs=xxxM 3、观察/var/log目录【check2】 | G14: 1、【check1】/var/log目录不会被清空 2、【check1】/var/log在1分钟内被清空
A15: 日志每小时轮转测试 | B15: 【设计方法】直接设计法
B16: 步骤1:逻辑用例设计
B17: 逻辑用例编号 | C17: 测试用例描述 | F17: 覆盖的测试数据 | G17: 测试数据选取结果
B18: log.devlog.debug.hour.truncate | C18: 验证${日志类型}日志每小时轮转功能 | F18: 日志类型=trace;数量=2;磁盘容量=10M 日志类型=secure,syslog;数量=2;磁盘容量=10M 日志类型=messages,auth;数量=4;磁盘容量=30M | G18: 日志类型=trace;数量=2;磁盘容量=10M 日志类型=secure,syslog;数量=2;磁盘容量=10M 日志类型=messages,auth;数量=4;磁盘容量=30M
B19: 步骤2:物理用例设计
B20: 逻辑用例编号 | C20: 用例标题 | D20: 测试数据 | E20: 预置条件 | F20: 测试步骤 | G20: 预期结果
B21: log.devlog.debug.hour.truncate.trace | C21: 验证${日志类型}日志每小时轮转功能 | D21: 日志类型=trace;数量=2;磁盘容量=10M | E21: 1、网元正常启动 | F21: 1、构造/trace目录下vpp.log和agent.log文件大于${磁盘容量}，构造frr.log和snort.log小于${磁盘容量} 2、在整点或者修改防火墙系统时间到整点,观察/trace目录下的log文件【check1】【check2】 3、再次构造vpp.log和agent.log文件大于${磁盘容量}，重复步骤2【check2】【check3】 4、重复步骤3和步骤2大于${数量}次，观察/trace目录下的log文件和压缩文件。【check4】 | G21: 1、【check1】原vpp.log和agent.log被研所生成压缩文件 2、【check2】frr.log和snort.log不会被轮转，保持不变 3、【check3】原vpp.log和agent.log被压缩生成第二个压缩文件 4、【check4】vpp.log和agent.log最大生成${数量}个压缩文件，超过${数量}轮转时仅保留最新的${数量}个压缩文件，更早的压缩文件被删除。
B22: log.devlog.debug.hour.truncate.varlog | C22: 验证${日志类型}日志每小时轮转功能 | D22: 日志类型=secure,syslog;数量=2;磁盘容量=10M 日志类型=messages,auth.log;数量=4;磁盘容量=30M | E22: 1、网元正常启动 | F22: 1、构造/var/log目录下${日志类型}小于${磁盘容量} 2、在整点或者修改防火墙系统时间到整点,观察/var/log目录下的${日志类型}文件【check1】 3、构造/var/log目录下${日志类型}大于${磁盘容量}，重复步骤2.【check2】 3、再次构造/var/log目录下${日志类型}大于${磁盘容量}，重复步骤2。【check3】 4、重复步骤3和步骤2大于${数量}次，观察/var/log目录下的${日志类型}文件和对应的压缩文件【check4】 | G22: 1、【check1】/var/log目录下${日志类型}不会被压缩，并保持不变 2、【check2】/var/log目录下${日志类型}被压缩生成压缩文件 3、【check3】/var/log目录下${日志类型}被压缩生成第二个压缩文件 4、【check4】/var/log目录下${日志类型}最大生成${数量}个压缩文件，超过${数量}轮转时仅保留最新的${数量}个压缩文件，更早的压缩文件被删除。
A23: die日志 | B23: 【设计方法】直接设计法
B24: 步骤1:逻辑用例设计
B25: 逻辑用例编号 | C25: 测试用例描述 | F25: 覆盖的测试数据 | G25: 测试数据选取结果
B26: log.devlog.debug.die | C26: 验证${组件名称}异常重启记录die日志功能 | F26: 组件名称=vpp,agent,influxdb,瀚高,sslvpn,frr,nginx | G26: 组件名称=vpp,agent,influxdb,瀚高,sslvpn,frr,nginx
B27: 步骤2:物理用例设计
B28: 逻辑用例编号 | C28: 用例标题 | D28: 测试数据 | E28: 预置条件 | F28: 测试步骤 | G28: 预期结果
B29: log.devlog.debug.die | C29: 验证${组件名称}异常重启记录die日志功能 | D29: 组件名称=vpp,agent,influxdb,瀚高,sslvpn,frr,nginx | E29: 1、网元正常启动 | F29: 1、通过kill组件${组件名称}的进程模拟异常重启 2、观察/trace/log目录【check1】 3、30分钟内再次kill组件${组件名称}的进程模拟异常重启，观察/trace/log目录【check2】 4、超过30分钟以上再次kill组件${组件名称}的进程模拟异常重启，观察/trace/log目录【check1】 | G29: 1、【check1】生成${组件名称}对应的die日志 2、【check2】不会生成对应的die日志
A30: 调试日志开启和关闭测试 | B30: 【设计方法】直接设计法
B31: 步骤1:逻辑用例设计
B32: 逻辑用例编号 | C32: 测试用例描述 | F32: 覆盖的测试数据 | G32: 测试数据选取结果
B33: log.devlog.debug.switch | C33: 验证调试日志开启和关闭功能 | F33: 调试日志=开启,关闭 | G33: 调试日志=开启,关闭
B34: 步骤2:物理用例设计
B35: 逻辑用例编号 | C35: 用例标题 | D35: 测试数据 | E35: 预置条件 | F35: 测试步骤 | G35: 预期结果
B36: log.devlog.debug.switch.dfault | C36: 验证调试日志开关默认值和重启恢复 | D36: 调试日志=开启,关闭 | E36: 1、网元正常启动 | F36: 1、观察调试日志开关和调试日志记录情况。【check1】【check2】 2、开启调试日志，观察调试日志记录情况。【check3】 3、重启防火墙 4、防火墙启动后观察调试日志开关和调试日志记录情况。【check1】【check2】 | G36: 1、【check1】调试日志开关为关闭 2、【check2】防火墙后台目录中/appdata/etc/agentcfg/supervisor.conf描述所有进程不会记录调试日志 3、【check2】防火墙后台目录中/appdata/etc/agentcfg/supervisor.conf描述所有进程开始记录调试日志
B37: log.devlog.debug.switch | C37: 验证调试日志开启和关闭功能 | D37: 调试日志=开启,关闭 | E37: 1、网元正常启动 2、调试日志开关为关闭 | F37: 1、观察/trace/log目录。【check1】 2、开启调试日志【check2】 3、关闭调试日志【check1】【check3】 | G37: 1、【check1】防火墙后台目录中/appdata/etc/agentcfg/supervisor.conf描述所有进程不会记录调试日志 2、【check2】防火墙后台目录中/appdata/etc/agentcfg/supervisor.conf描述所有进程开始记录调试日志 3、【check3】防火墙后台目录中/userdata/userfile/gatherinfo，会生成collection_当前时间戳.zip的文件

Sheet 信息收集
A1: 测试点汇总 | B1: 测试点 | C1: 测试设计方法 | D1: 适用场景 | E1: 用例规模（个） | F1: 测试数据
B2: 异常信息收集功能 | C2: 直接分析 | E2: 2 | F2: 密码系统信息的密码是ngfw123!@#
B3: 信息收集限制测试 | C3: 直接分析 | E3: 2 | F3: etcd的配置量小于2k条
A4: 异常信息收集功能 | B4: 【设计方法】直接设计法
B5: 步骤1:逻辑用例设计
B6: 逻辑用例编号 | C6: 测试用例描述 | F6: 覆盖的测试数据 | G6: 测试数据选取结果
B7: log.devlog.gather.abnormal
B8: 步骤2:物理用例设计
B9: 逻辑用例编号 | C9: 用例标题 | D9: 测试数据 | E9: 预置条件 | F9: 测试步骤 | G9: 预期结果
B10: log.devlog.gather.abnormal | C10: 验证防火墙异常信息收集功能 | D10: 异常信息=core | E10: 1、网元正常启动 | F10: 1、使用dd命令在/trace/coredump目录下构造11个core文件，使得/trace分区使用率在85%到90%之间 2、打开异常信息收集【check1】 3、下载最大和最小的core文件【check2】 4、删除最大和最小的core文件【check3】 | G10: 1、【check1】页面可以查看到所有的core文件 2、【check2】下载成功，下载的文件与构造的文件完全一致 3、【check3】删除成功，在linux后台产看core文件被删除
A11: 信息收集限制测试 | B11: 【设计方法】直接设计法
B12: 步骤1:逻辑用例设计
B13: 逻辑用例编号 | C13: 测试用例描述 | F13: 覆盖的测试数据 | G13: 测试数据选取结果
B14: log.devlog.gather.info.manual | C14: 验证防火墙手动收集信息功能 | F14: 收集方式=手动 | G14: 收集方式=手动
B15: log.devlog.gather.info.auto | C15: 验证防火墙自动收集信息功能 | F15: 收集方式=手动 | G15: 收集方式=手动
B16: log.devlog.gather.info.limit | C16: 验证防火墙信息收集配置限制功能 | F16: 收集方式=限制 | G16: 收集方式=限制
B17: 步骤2:物理用例设计
B18: 逻辑用例编号 | C18: 用例标题 | D18: 测试数据 | E18: 预置条件 | F18: 测试步骤 | G18: 预期结果
B19: log.devlog.gather.info.manual | C19: 验证防火墙手动收集信息功能 | D19: 收集方式=手动 | E19: 1、网元正常启动 2、在防火墙上开启调试日志 | F19: 1、在防火墙发起手动收集信息，查看防火墙的信息文件列表。【check1】【check2】 2、重复发起超过3次信息收集【check1】【check2】 3、下载第一个和最后一个信息收集文件。【check3】 4、删除任意信息收集文件。【check4】 5、再次下载任意信息收集文件。【check3】 | G19: 1、【check1】防火墙的上能够查当前时刻信息收集文件 2、【check2】防火墙后台目录中/userdata/userfile/gatherinfo，会生成collection_当前时间戳.zip的文件 3、【check3】下载成功 4、【check4】删除成功
B20: log.devlog.gather.info.auto | C20: 验证防火墙自动收集信息功能 | D20: 收集方式=自动 | E20: 1、网元正常启动 2、在防火墙上开启调试日志 | F20: 1、配置信息收集方式为自动，时间为60-720s任意值x，不启用自动收集，在超过x秒周期观察信息收集文件。【check1】 2、配置防火墙自动化收集信息周期为x，状态为启用。 3、在超过11*x秒周期观察日志收集文件。【check2】 4、删除任意信息收集文件，在下一周期观察信息收集文件。【check3】 | G20: 1、【check1】防火墙前端和后台（/userdata/userfile/gatherinfo）均不会自动生成信息收集文件 2、【check2】防火墙的前台和后台会查询到10个信息收集文件。且第11个周期的文件会覆盖第一个（时间最早的）收集的文件。文件的时间戳间隔与配置的x秒相同。 3、【check3】信息收集文件在前端和后台会达到10个，不会删除任何信息收集文件。
B21: log.devlog.gather.info.auto.long | C21: 防火墙自动收集信息功能长期测试 | D21: 收集方式=自动 | E21: 1、网元正常启动 2、在防火墙上开启调试日志 | F21: 1、配置信息收集方式为自动，时间为60-720s任意值x，不启用自动收集，在超过x秒周期观察信息收集文件。【check1】【check3】 2、配置防火墙自动化收集信息周期为x，状态为启用。 3、保持防护墙开启自动化信息收集超过12小时。【check2】【check3】 | G21: 1、【check1】防火墙前端和后台（/userdata/userfile/gatherinfo）均不会自动生成信息收集文件 2、【check2】防火墙的前台和后台会查询到10个信息收集文件。文件的时间戳间隔与配置的x秒相同。 3、【check3】收集内存和cpu信息，设别无cpu和内存泄漏
B22: log.devlog.gather.info.context | C22: 验证防火墙信息收集内容正确性 | D22: 收集方式=限制 | E22: 1、网元正常启动 2、构造etcd中的配置总量低于2000 3、在防火墙上开启调试日志 | F22: 1、在防火墙发起手动收集信息 2、下载手动收集到的信息文件，解压观察收集到的信息。【check1】【check2】 3、配置防火墙为自动收集信息，且等待期完成至少1次自动化信息收。 4、下载自动收集的信息，解压观察收集到的信息。【check1】【check2】 | G22: 1、【check1】文件解压需要密码，密码为ngfw123!@# 2、【check2】收集信息包含/appdata/etc/version,/appdata/etc/ngfwfeatureinfo,/apdata/etc/license/cliclienseinfo.txt,系统时间,CPU使用率,uptime,free -lh,df -lh,ps -aux | grep /opt,top -n 3,cat /appdata/etc/agentcfg/*,etcd配置(少于2k配置),操作日志（最少1个月）,系统日志（最少1个月）,dmesg,/var/log/messages,vpp下的show logging,最近一周的CPU、内存、磁盘使用率,设备流量大小（收集当时）,每个接口的pps（收集当时）会话总数（收集当时）
B23: log.devlog.gather.info.limit.file | C23: 验证防火墙信息收集配置限制功能 | D23: 收集方式=限制 | E23: 1、网元正常启动 2、构造etcd中的配置总量低于2000 3、在防火墙上开启调试日志 | F23: 1、在防火墙发起手动或者自动收集信息 2、下载手动收集到的信息文件，解压观察收集到的信息。【check1】【check2】 3、在防火墙配置任意配置使防火墙的etcd配置草果2000个（etcdctl get --prefix / --keys-only | wc -l ）返回值大于2000 4、在防火墙发起手动或者自动收集信息【check1】【check3】 | G23: 1、【check1】文件解压需要密码，密码为ngfw123!@# 2、【check2】收集信息包含/appdata/etc/version,/appdata/etc/ngfwfeatureinfo,/apdata/etc/license/cliclienseinfo.txt,系统时间,CPU使用率,uptime,free -lh,df -lh,ps -aux | grep /opt,top -n 3,cat /appdata/etc/agentcfg/*,etcd配置(少于2k配置),操作日志（最少1个月）,系统日志（最少1个月）,dmesg,/var/log/messages,vpp下的show logging,最近一周的CPU、内存、磁盘使用率,设备流量大小（收集当时）,每个接口的pps（收集当时）会话总数（收集当时），且信息正确 3、【check3】信息收集叫check2中少了etcd配置，其他信息相同且信息正确

Sheet DFX
A1: 测试点汇总 | B1: 测试点 | C1: 测试设计方法 | D1: 适用场景 | E1: 用例规模（个） | F1: 测试数据
B2: 日志容量测试 | C2: 直接分析 | E2: 3 | F2: 整机容量测试，规格测试，满规格时的增删改查测试
B3: 日志速率测试 | C3: 直接分析 | E3: 2 | F3: 日志写入速率、日志外发速率
B4: 日志功能疲劳测试 | C4: 直接分析 | E4: 9 | F4: 反复修改日志格式，日志服务器（日志外发已覆盖），日志过滤，日志归并（已覆盖），信息收集、调试日志，反复收集日志、日志导出、查看日志，日志备份,进程重启（在进程管理中已覆盖）
B5: 日志文件容量测试 | C5: 直接分析 | E5: 3 | F5: 日志备份文件、日志收集文件、异常信息收集（在日志备份,信息收集中已覆盖）
B6: 日志配置存库测试 | C6: 直接分析 | E6: 3 | F6: 日志服务器、日志备份、日志归并，日志过滤、日志格式、信息收集配置存库测试，导入测试。
B7: 日志格式配置重置测试 | C7: 直接分析 | E7: 1 | F7: 日志格式配置重置测试
B8: 日志主备同步功能 | C8: 直接分析 | E8: 5 | F8: 日志配置主备同步功能（日志服务器、日志备份、日志归并，日志过滤、日志格式、信息收集配置），双主和主备
A9: 日志容量测试 | B9: 【设计方法】直接设计法
B10: 步骤1:逻辑用例设计
B11: 逻辑用例编号 | C11: 测试用例描述 | F11: 覆盖的测试数据 | G11: 测试数据选取结果
B12: log.dfx.capcity
B13: 步骤2:物理用例设计
B14: 逻辑用例编号 | C14: 用例标题 | D14: 测试数据 | E14: 预置条件 | F14: 测试步骤 | G14: 预期结果 | H14: 优先级 | I14: 测试类型 | J14: 自动化
B15: log.dfx.capcity | C15: 验证防火墙整机日志容量 | D15: 容量=整机容量 | E15: 1、网元正常启动 | F15: 1、向日志侦听端口写入系统日志,操作日志,入侵防御日志,防病毒日志,内容过滤日志,文件过滤日志,URL过滤日志,WEB防护日志,防暴力破解日志,弱密码日志,控制策略阻断日志,本地控制策略日志,单包防护日志,Flood攻击日志,黑白名单日志,EDR推广日志,IPSecVPN日志中任意一种日志，使其达到该种日志的最大数量-1，使用接口查询日志。【check1】 2、再向日志端口写入另外一种日志，使其达到最大规格的30%，并使用接口查询日志。【check1】 3、遍历所有日志日类型，均写入最大数量的30%，并使用接口查询日志。【check1】【check2】 | G15: 1、【check1】日志写入成功，查询日志与写入的数量和内容一致。 2、【check2】日志响应时间无明显降低 | H15: P4 | I15: 可靠性测试 | J15: 不实现
A16: 日志速率测试 | B16: 【设计方法】直接设计法
B17: 步骤1:逻辑用例设计
B18: 逻辑用例编号 | C18: 测试用例描述 | F18: 覆盖的测试数据 | G18: 测试数据选取结果
B19: log.dfx.rps
B20: 步骤2:物理用例设计
B21: 逻辑用例编号 | C21: 用例标题 | D21: 测试数据 | E21: 预置条件 | F21: 测试步骤 | G21: 预期结果 | H21: 优先级 | I21: 测试类型 | J21: 自动化
B22: log.dfx.rps | C22: 验证防火墙日志写入速率 | D22: 速率=最大速率 | E22: 1、网元正常启动 | F22: 1、选取系统日志,操作日志,入侵防御日志,防病毒日志,内容过滤日志,文件过滤日志,URL过滤日志,WEB防护日志,防暴力破解日志,弱密码日志,控制策略阻断日志,本地控制策略日志,单包防护日志,Flood攻击日志,黑白名单日志,EDR推广日志,IPSecVPN日志中任意两种以上日志。 2、持续以200条/s的速率向日志侦听端口写入步骤1中选取的日志，使用接口观察日志。【check1】 3、持续以超过1000条/s的速率向日志侦听端口写入步骤1中选取的日志，使用接口观察日志。【check2】【check3】 4、持续以超过1000条/s的速率写入日志，同时没过10s查询一次日志，持续2小时以上。【check2】【chekc3】 | G22: 1、【check1】日志写入成功，查询日志与写入的数量和内容一致。 2、【check2】部分日志会被丢弃，但是写入的日志数据正确 3、【check3】设备CPU、内容、磁盘无异常 | H22: P4 | I22: 性能测试 | J22: 不实现
B23: log.dfx.rps.send | C23: 验证防火墙日志外发速率 | D23: 速率=最大速率 | E23: 1、网元正常启动 2、开启日志服务器并配置三个日志服务器，分别以syslog tcp，syslog udp和restapi方式发送日志 3、配置日志服务器路由可达 | F23: 1、选取系统日志,操作日志,入侵防御日志,防病毒日志,内容过滤日志,文件过滤日志,URL过滤日志,WEB防护日志,防暴力破解日志,弱密码日志,控制策略阻断日志,本地控制策略日志,单包防护日志,Flood攻击日志,黑白名单日志,EDR推广日志,IPSecVPN日志中任意两种以上需要外发的日志。 2、持续以200条/s的速率向日志侦听端口写入步骤1中选取的日志，使用接口观察日志，观察日志服务器。【check1】 3、持续以超过1000条/s的速率向日志侦听端口写入步骤1中选取的日志，观察日志服务。【check2】【check3】 4、持续以超过1000条/s的速率写入日志，持续2小时以上。【check2】【chekc3】 | G23: 1、【check1】日志写入成功，查询日志与写入的数量和内容一致。 2、【check2】日志服务器只能收到部分写入的日志，接收到的部分日志内容正确 3、【check3】设备CPU、内容、磁盘无异常 | H23: P4 | I23: 性能测试 | J23: 不实现
A24: 日志功能疲劳测试 | B24: 【设计方法】直接设计法
B25: 步骤1:逻辑用例设计
B26: 逻辑用例编号 | C26: 测试用例描述 | F26: 覆盖的测试数据 | G26: 测试数据选取结果
B27: log.dfx.rps
B28: 步骤2:物理用例设计
B29: 逻辑用例编号 | C29: 用例标题 | D29: 测试数据 | E29: 预置条件 | F29: 测试步骤 | G29: 预期结果 | H29: 优先级 | I29: 测试类型 | J29: 自动化
B30: log.dfx.reliability.format | C30: 验证反复修改${操作}的日志功能 | D30: 操作=日志格式,日志过滤 | E30: 1、网元正常启动 2、开启日志服务器并配置三个日志服务器，分别以syslog tcp，syslog udp和restapi方式发送日志 3、配置日志服务器路由可达 | F30: 1、选取系统日志,操作日志,入侵防御日志,防病毒日志,内容过滤日志,文件过滤日志,URL过滤日志,WEB防护日志,防暴力破解日志,弱密码日志,控制策略阻断日志,本地控制策略日志,单包防护日志,Flood攻击日志,黑白名单日志,EDR推广日志,IPSecVPN日志中任意两种以上日志。 2、持续以200条/s的速率向日志侦听端口写入步骤1中选取的日志，使用接口观察日志。【check1】 3、反复修改${操作}持续时间2小时以上，修改次数超过200次 4、观察设备和使用接口观察日志【check1】【chekc2】 | G30: 1、【check1】日志写入成功，查询日志与写入的数量和内容一致。 2、【check2】设备CPU、内容、磁盘无异常 | H30: P4 | I30: 性能测试 | J30: 不实现
B31: log.dfx.reliability.logmng | C31: 验证反复修改${操作}的日志功能 | D31: 操作=日志导出,日志归并,日志备份, | E31: 1、网元正常启动 2、开启日志服务器并配置三个日志服务器，分别以syslog tcp，syslog udp和restapi方式发送日志 3、配置日志服务器路由可达 | F31: 1、选取系统日志,操作日志,入侵防御日志,防病毒日志,内容过滤日志,文件过滤日志,URL过滤日志,WEB防护日志,防暴力破解日志,弱密码日志,控制策略阻断日志,本地控制策略日志,单包防护日志,Flood攻击日志,黑白名单日志,EDR推广日志,IPSecVPN日志中任意两种以上日志。 2、持续以200条/s的速率向日志侦听端口写入步骤1中选取的日志，使用接口观察日志。【check1】 3、反复$修改{操作}持续时间2小时以上，修改次数超过200次 4、观察${操作}【check2】【chekc3】 | G31: 1、【check1】日志写入成功，查询日志与写入的数量和内容一致。 2、【check2】${操作}功能正常 3、【check3】设备CPU、内容、磁盘无异常 | H31: P4 | I31: 性能测试 | J31: 不实现
B32: log.dfx.reliability.log.query | C32: 验证反复${操作}的日志功能 | D32: 操作=日志查询 | E32: 1、网元正常启动 2、开启日志服务器并配置三个日志服务器，分别以syslog tcp，syslog udp和restapi方式发送日志 3、配置日志服务器路由可达 | F32: 1、选取系统日志,操作日志,入侵防御日志,防病毒日志,内容过滤日志,文件过滤日志,URL过滤日志,WEB防护日志,防暴力破解日志,弱密码日志,控制策略阻断日志,本地控制策略日志,单包防护日志,Flood攻击日志,黑白名单日志,EDR推广日志,IPSecVPN日志中任意两种以上日志。 2、持续以200条/s的速率向日志侦听端口写入步骤1中选取的日志，使用接口观察日志。【check1】 3、反复${操作}持续时间2小时以上，查询次数超过200次。【check1】【check2】 | G32: 1、【check1】日志写入成功，查询日志与写入的数量和内容一致。 2、【check2】设备CPU、内容、磁盘无异常 | H32: P4 | I32: 性能测试 | J32: 不实现
B33: log.dfx.reliability.info | C33: 验证反复修改${操作}的调试日志功能 | D33: 操作=修改信息收集,开启关闭调试日志,手动信息收集 | E33: 1、网元正常启动 2、开启调试日志 | F33: 1、检查设备调试日志和信息收集功能。【check1】 3、反复${操作}，持续2小时以上，次数超过200次 4、验证调试日志记录和信息收集功能【check1】【chekc2】 | G33: 1、【check1】调试信息记录和信息收集功能正常 3、【check2】设备CPU、内容、磁盘无异常 | H33: P4 | I33: 性能测试 | J33: 不实现
A34: 日志配置存库测试 | B34: 【设计方法】直接设计法
B35: 步骤1:逻辑用例设计
B36: 逻辑用例编号 | C36: 测试用例描述 | F36: 覆盖的测试数据 | G36: 测试数据选取结果
B37: log.dfx.capcity
B38: 步骤2:物理用例设计
B39: 逻辑用例编号 | C39: 用例标题 | D39: 测试数据 | E39: 预置条件 | F39: 测试步骤 | G39: 预期结果 | H39: 优先级 | I39: 测试类型 | J39: 自动化
B40: log.dfx.conf.recover | C40: 验证防火墙${操作}后的日志功能 | D40: 操作=命令重启,掉电重启 | E40: 1、网元正常启动 | F40: 1、配置日志服务器、日志过滤、日志备份（无盘系统不支持不需要配置），日志归并，信息收集方式、日志格式（CLI配置）与默认值不一样 2、验证反复${操作}10次以上。 3、防火墙启动后观察配置【check1】 4、验证日志查询、日志外发、日志备份、日志归并功能【chekc2】 5、验证信息收集功能【check3】 | G40: 1、【check1】日志服务器、日志过滤、日志备份（无盘系统不支持不需要配置），日志归并，信息收集方式、日志格式（CLI配置）的配置与重启前相同。 2、【check2】日志查询、日志外发、日志备份、日志归并功能正常 3、【check3】信息收集功能正常 | H40: P4 | I40: 耦合测试 | J40: 不实现
B41: log.dfx.conf.import.outport | C41: 验证防火墙${操作}后的日志功能 | D41: 操作=配置导入导出 | E41: 1、网元正常启动 | F41: 1、配置日志服务器、日志过滤、日志备份（无盘系统不支持不需要配置），日志归并，信息收集方式、日志格式（CLI配置）与默认值不一样，导出配置。【check1】 2、验证日志查询、日志外发、日志备份、日志归并功能【chekc2】 3、修改日志服务器、日志过滤、日志备份、日志归并、日志信息收集方式、日志格式配置与步骤1中的配置不一样。 4、将步骤1中导出的配置文件导入防火墙。 5、防火墙重启动后观察防火墙配置配置【check3】 6、验证日志查询、日志外发、日志备份、日志归并功能【chekc2】 7、验证信息收集功能【check4】 | G41: 1、【check1】配置导出功能正常 2、【check2】日志查询、日志外发、日志备份、日志归并功能正常 1、【check3】日志服务器、日志过滤、日志备份（无盘系统不支持不需要配置），日志归并，信息收集方式、日志格式（CLI配置）的配置与步骤1中导出的配置相同。 3、【check4】信息收集功能正常 | H41: P4 | I41: 耦合测试 | J41: 不实现
B42: log.dfx.conf.upgrade | C42: 验证防火墙${操作}后的日志功能 | D42: 操作=升级 | E42: 1、网元正常启动 | F42: 1、配置日志服务器、日志过滤、日志备份（无盘系统不支持不需要配置），日志归并，信息收集方式、日志格式（CLI配置）与默认值不一样 2、升级防火墙 3、防火墙升级后观察配置【check1】 4、验证日志查询、日志外发、日志备份、日志归并功能【chekc2】 5、验证信息收集功能【check3】 | G42: 1、【check1】日志服务器、日志过滤、日志备份（无盘系统不支持不需要配置），日志归并，信息收集方式、日志格式（CLI配置）的配置与重启前相同。 2、【check2】日志查询、日志外发、日志备份、日志归并功能正常 3、【check3】信息收集功能正常 | H42: P4 | I42: 耦合测试 | J42: 不实现
A43: 日志格式配置重置测试 | B43: 【设计方法】直接设计法
B44: 步骤1:逻辑用例设计
B45: 逻辑用例编号 | C45: 测试用例描述 | F45: 覆盖的测试数据 | G45: 测试数据选取结果
B46: log.dfx.capcity
B47: 步骤2:物理用例设计
B48: 逻辑用例编号 | C48: 用例标题 | D48: 测试数据 | E48: 预置条件 | F48: 测试步骤 | G48: 预期结果 | H48: 优先级 | I48: 测试类型 | J48: 自动化
B49: log.dfx.conf.reset | C49: 验证防火墙${操作}后的日志功能 | D49: 操作=重置配置 | E49: 1、网元正常启动 | F49: 1、配置日志服务器、日志过滤、日志备份（无盘系统不支持不需要配置），日志归并，信息收集方式、日志格式（CLI配置）与默认值不一样 2、重置防火墙配置 3、防火墙启动后观察配置【check1】 | G49: 1、【check1】日志服务器、日志过滤、日志备份（无盘系统不支持不需要配置），日志归并，信息收集方式、日志格式（CLI配置）的配置还原默认值 | H49: P4 | I49: 耦合测试 | J49: 不实现
A50: 日志配置HA同步功能 | B50: 【设计方法】直接设计法
B51: 步骤1:逻辑用例设计
B52: 逻辑用例编号 | C52: 测试用例描述 | F52: 覆盖的测试数据 | G52: 测试数据选取结果
B53: log.dfx.capcity
B54: 步骤2:物理用例设计
B55: 逻辑用例编号 | C55: 用例标题 | D55: 测试数据 | E55: 预置条件 | F55: 测试步骤 | G55: 预期结果 | H55: 优先级 | I55: 测试类型 | J55: 自动化
B56: log.dfx.ha | C56: 验证防火墙${双机热备}场景下的日志功能 | D56: 双机热备=主备,主主 | E56: 1、网元正常启动 2、双机${双机热备}关系正常建立 | F56: 1、在配置主机上配置日志服务器、日志过滤、日志备份（无盘系统不支持不需要配置），日志归并，信息收集方式、日志格式（CLI配置）与默认值不一样。【check1】 2、在配置备机上观察日志配置，并发起配置修改。【check2】【check3】 3、在双机上观察日志查询、日志外发、日志备份、日志归并功能【check4】 4、在双机上观察调试日志和信息收集功能【check5】 5、发起主备切换，重复步骤3和步骤4。【check4】【check5】 6、发起主备回切，，重复步骤3和步骤4。【check4】【check5】 | G56: 1、【check1】日志服务器、日志过滤、日志备份（无盘系统不支持不需要配置），日志归并，信息收集方式、日志格式（CLI配置）的配置成功 2、【check2】日志服务器、日志过滤、日志备份（无盘系统不支持不需要配置），日志归并，信息收集方式、日志格式（CLI配置）的配置同步到备机 3、【check3】备机不允许修改日志服务器、日志过滤、日志备份（无盘系统不支持不需要配置），日志归并，信息收集方式、日志格式（CLI配置）配置，提示信息正确。 4、【check4】双机的日志查询、日志外发（双机都外发）、日志备份、日志归并功能均正常 5、【check5】双机调试日志和信息收集功能正常。调试日志开关双机不同步且备机可以开始调试日志记录功能。 | H56: P4 | I56: 耦合测试 | J56: 不实现

Sheet 日志进程管理
A1: 测试点汇总 | B1: 测试点 | C1: 测试设计方法 | D1: 适用场景 | E1: 用例规模（个） | F1: 测试数据
B2: 进程守护功能测试 | C2: 直接分析 | E2: 4 | F2: kill influxd和dbtask观察日志功能syslogd，logserver
B3: 进程启动 | C3: 直接分析 | E3: 2 | F3: 有盘，无盘
A4: 日志每分钟轮转测试 | B4: 【设计方法】直接设计法
B5: 步骤1:逻辑用例设计
B6: 逻辑用例编号 | C6: 测试用例描述 | F6: 覆盖的测试数据 | G6: 测试数据选取结果
B7: log.dfx.process.guard | C7: 验证${进程名称}进程守护功能 | F7: 进程名称=influxdb,dbtask,logservr | G7: 进程名称=influxdb,dbtask,logservr
B8: 步骤2:物理用例设计
B9: 逻辑用例编号 | C9: 用例标题 | D9: 测试数据 | E9: 预置条件 | F9: 测试步骤 | G9: 预期结果
B10: log.dfx.process.guard | C10: 验证${进程名称}进程守护功能 | D10: 进程名称=influxdb,dbtask,logservr | E10: 1、网元正常启动 | F10: 1、linux后台查看进程启动情况【check1】 2、kill -9 ${进程名称}进程对应的进程号，linux后台查看进程【check2】 3、构造产生任意操作日志，观察日志记录情况。【check3】 4、频繁kill ${进程名称}200次以上，重复步骤2和步骤3。【check2】【check3】 | G10: 1、【check1】${进程名称}进程正常启动 2、【check2】${进程名称}进程在5s内正常启动 3、【check3】操作日志正常记录
A11: 进程启动 | B11: 【设计方法】直接设计法
B12: 步骤1:逻辑用例设计
B13: 逻辑用例编号 | C13: 测试用例描述 | F13: 覆盖的测试数据 | G13: 测试数据选取结果
B14: log.dfx.process.influxdb.startup | C14: 验证influxdb组件在${存储类型}设备上的启动参数 | F14: 存储类型,启动参数,存储 | G14: 存储类型=有存储;启动参数="--bolt-path /appdata/etc/influxd.bolt --engine-path /userdata/influxdbdata/ --http-bind-address 127.0.0.1:8086 --http-idle-timeout 3m0s --http-read-timeout 10s --http-write-timeout 10s --query-memory-bytes 7730941132 --influxql-max-select-point 0";存储=存在软件链接/userdata/userfile/influxTask -> /exdisk/userfile/influxTask和/userdata/influxdbdata -> /exdisk/influxdbdata 存储类型=无存储;启动参数="--bolt-path /appdata/etc/influxd.bolt --engine-path /userdata/influxdbdata/ --http-bind-address 127.0.0.1:8086 --http-idle-timeout 3m0s --http-read-timeout 10s --http-write-timeout 10s --query-memory-bytes 1932735283 --influxql-max-select-point 0";存储=两个文件不存在软链接
B15: 步骤2:物理用例设计
B16: 逻辑用例编号 | C16: 用例标题 | D16: 测试数据 | E16: 预置条件 | F16: 测试步骤 | G16: 预期结果
B17: log.devlog.debug.hour.truncate.trace | C17: 验证influxdb组件在${存储类型}设备上的启动参数 | D17: 存储类型=有存储;启动参数="--bolt-path /appdata/etc/influxd.bolt --engine-path /userdata/influxdbdata/ --http-bind-address 127.0.0.1:8086 --http-idle-timeout 3m0s --http-read-timeout 10s --http-write-timeout 10s --query-memory-bytes 7730941132 --influxql-max-select-point 0";存储=存在软件链接/userdata/userfile/influxTask -> /exdisk/userfile/influxTask和/userdata/influxdbdata -> /exdisk/influxdbdata 存储类型=无存储;启动参数="--bolt-path /appdata/etc/influxd.bolt --engine-path /userdata/influxdbdata/ --http-bind-address 127.0.0.1:8086 --http-idle-timeout 3m0s --http-read-timeout 10s --http-write-timeout 10s --query-memory-bytes 1932735283 --influxql-max-select-point 0";存储=两个文件不存在软链接 | E17: 1、网元正常启动 | F17: 1、使用ps进程观察influxdb的启动参数【check1】 2、在/appdata/etc/agentcfg/supervisor.conf中观察influxdb的启动参数【check1】 3、使用ll观察/userdata/influxdbdata和/userdata/userfile/influxTask目录【check3】 | G17: 1、【check1】启动参数为${启动参数} 2、【check2】${存储}
B18: log.devlog.debug.hour.truncate.trace | C18: 验证瀚高组件在${存储类型}设备上的启动参数 | D18: 存储类型=有存储;启动参数="--bolt-path /appdata/etc/influxd.bolt --engine-path /userdata/influxdbdata/ --http-bind-address 127.0.0.1:8086 --http-idle-timeout 3m0s --http-read-timeout 10s --http-write-timeout 10s --query-memory-bytes 7730941132 --influxql-max-select-point 0";存储=存在软件链接/userdata/userfile/influxTask -> /exdisk/userfile/influxTask和/userdata/influxdbdata -> /exdisk/influxdbdata 存储类型=无存储;启动参数="--bolt-path /appdata/etc/influxd.bolt --engine-path /userdata/influxdbdata/ --http-bind-address 127.0.0.1:8086 --http-idle-timeout 3m0s --http-read-timeout 10s --http-write-timeout 10s --query-memory-bytes 1932735283 --influxql-max-select-point 0";存储=两个文件不存在软链接 | E18: 1、网元正常启动 | F18: 1、使用ps进程观察influxdb的启动参数【check1】 2、在/appdata/etc/agentcfg/supervisor.conf中观察influxdb的启动参数【check1】 3、使用ll观察/userdata/influxdbdata和/userdata/userfile/influxTask目录【check3】 | G18: 1、【check1】启动参数为${启动参数} 2、【check2】${存储}

Sheet 用例全集
A1: 一级目录 | B1: 二级目录 | C1: 三级目录 | D1: 四级目录 | E1: 五级目录 | F1: 用例名称* | G1: 用例编号 | H1: 用例ID* | I1: 用例级别* | J1: 组网描述* | K1: 组网约束 | L1: 预置条件 | M1: 测试步骤* | N1: 预期结果* | O1: 首次创建版本* | P1: 最后变更版本 | Q1: 设备类型* | R1: 关键词 | S1: 测试类型* | T1: 自动化* | U1: 需求编号 | V1: 备注
A2: 管理维护
B3: 监控统计
C4: 日志中心
D5: 日志管理
E6: 防火墙日志
F7: 验证系统日志的写入和查询功能 | G7: log.logmng.put.get.ptc1 | I7: P2 | L7: 网元正常启动 | M7: 1、向防火墙的日志侦听端口写入系统日志，日志中的所有字段均不相同，写入方法参考wiki中的总结文档。 2、在日志中心查询系统日志 3、对比查询到日志的时间与步骤1中写入日志内容【check1】 4、对比查询到日志的日志级别与步骤1中写入日志内容【check1】 5、对比查询到日志的日志描述与步骤1中写入日志内容【check1】 | N7: 1、【check1】查询到的数据与写入的数据完全相同 | O7: TGFW-V6R01C01 | S7: 功能测试 | T7: 待实现
F8: 验证操作日志的写入和查询功能 | G8: log.logmng.put.get.ptc2 | I8: P2 | L8: 网元正常启动 | M8: 1、向防火墙的日志侦听端口写入操作日志，日志中的所有字段均不相同，写入方法参考wiki中的总结文档。 2、在日志中心查询操作日志 3、对比查询到日志的时间与步骤1中写入日志内容【check1】 4、对比查询到日志的日志级别与步骤1中写入日志内容【check1】 5、对比查询到日志的管理员与步骤1中写入日志内容【check1】 6、对比查询到日志的管理员IP与步骤1中写入日志内容【check1】 7、对比查询到日志的日志描述与步骤1中写入日志内容【check1】 | N8: 1、【check1】查询到的数据与写入的数据完全相同 | O8: TGFW-V6R01C01 | S8: 功能测试 | T8: 待实现
F9: 验证入侵防御日志的写入和查询功能 | G9: log.logmng.put.get.ptc3 | I9: P2 | L9: 网元正常启动 | M9: 1、向防火墙的日志侦听端口写入入侵防御日志，日志中的所有字段均不相同，写入方法参考wiki中的总结文档。 2、在日志中心查询入侵防御日志 3、对比查询到日志的时间与步骤1中写入日志内容【check1】 4、对比查询到日志的日志级别与步骤1中写入日志内容【check1】 5、对比查询到日志的源地址与步骤1中写入日志内容【check1】 6、对比查询到日志的源端口与步骤1中写入日志内容【check1】 7、对比查询到日志的目的地址与步骤1中写入日志内容【check1】 8、对比查询到日志的目的端口与步骤1中写入日志内容【check1】 9、对比查询到日志的协议与步骤1中写入日志内容【check1】 10、对比查询到日志的策略ID与步骤1中写入日志内容【check1】 11、对比查询到日志的规则名称与步骤1中写入日志内容【check1】 12、对比查询到日志的命中配置与步骤1中写入日志内容【check1】 13、对比查询到日志的动作与步骤1中写入日志内容【check1】 | N9: 1、【check1】查询到的数据与写入的数据完全相同 | O9: TGFW-V6R01C01 | S9: 功能测试 | T9: 待实现
F10: 验证防病毒日志的写入和查询功能 | G10: log.logmng.put.get.ptc4 | I10: P2 | L10: 网元正常启动 | M10: 1、向防火墙的日志侦听端口写入防病毒日志，日志中的所有字段均不相同，写入方法参考wiki中的总结文档。 2、在日志中心查询防病毒日志 3、对比查询到日志的时间与步骤1中写入日志内容【check1】 4、对比查询到日志的日志级别与步骤1中写入日志内容【check1】 5、对比查询到日志的源地址与步骤1中写入日志内容【check1】 6、对比查询到日志的源端口与步骤1中写入日志内容【check1】 7、对比查询到日志的目的地址与步骤1中写入日志内容【check1】 8、对比查询到日志的目的端口与步骤1中写入日志内容【check1】 9、对比查询到日志的协议与步骤1中写入日志内容【check1】 10、对比查询到日志的策略ID与步骤1中写入日志内容【check1】 11、对比查询到日志的应用类型与步骤1中写入日志内容【check1】 12、对比查询到日志的文件名与步骤1中写入日志内容【check1】 13、对比查询到日志的病毒类型与步骤1中写入日志内容【check1】 14、对比查询到日志的动作与步骤1中写入日志内容【check1】 | N10: 1、【check1】查询到的数据与写入的数据完全相同 | O10: TGFW-V6R01C01 | S10: 功能测试 | T10: 待实现
F11: 验证内容过滤日志的写入和查询功能 | G11: log.logmng.put.get.ptc5 | I11: P2 | L11: 网元正常启动 | M11: 1、向防火墙的日志侦听端口写入内容过滤日志，日志中的所有字段均不相同，写入方法参考wiki中的总结文档。 2、在日志中心查询内容过滤日志 3、对比查询到日志的时间与步骤1中写入日志内容【check1】 4、对比查询到日志的日志级别与步骤1中写入日志内容【check1】 5、对比查询到日志的源地址与步骤1中写入日志内容【check1】 6、对比查询到日志的源端口与步骤1中写入日志内容【check1】 7、对比查询到日志的目的地址与步骤1中写入日志内容【check1】 8、对比查询到日志的目的端口与步骤1中写入日志内容【check1】 9、对比查询到日志的协议与步骤1中写入日志内容【check1】 10、对比查询到日志的策略ID与步骤1中写入日志内容【check1】 11、对比查询到日志的动作与步骤1中写入日志内容【check1】 | N11: 1、【check1】查询到的数据与写入的数据完全相同 | O11: TGFW-V6R01C01 | S11: 功能测试 | T11: 待实现
F12: 验证文件过滤日志的写入和查询功能 | G12: log.logmng.put.get.ptc6 | I12: P2 | L12: 网元正常启动 | M12: 1、向防火墙的日志侦听端口写入文件过滤日志，日志中的所有字段均不相同，写入方法参考wiki中的总结文档。 2、在日志中心查询文件过滤日志 3、对比查询到日志的时间与步骤1中写入日志内容【check1】 4、对比查询到日志的日志级别与步骤1中写入日志内容【check1】 5、对比查询到日志的源地址与步骤1中写入日志内容【check1】 6、对比查询到日志的源端口与步骤1中写入日志内容【check1】 7、对比查询到日志的目的地址与步骤1中写入日志内容【check1】 8、对比查询到日志的目的端口与步骤1中写入日志内容【check1】 9、对比查询到日志的策略ID与步骤1中写入日志内容【check1】 10、对比查询到日志的应用类型与步骤1中写入日志内容【check1】 11、对比查询到日志的文件名与步骤1中写入日志内容【check1】 12、对比查询到日志的动作与步骤1中写入日志内容【check1】 | N12: 1、【check1】查询到的数据与写入的数据完全相同 | O12: TGFW-V6R01C01 | S12: 功能测试 | T12: 待实现
F13: 验证URL过滤日志的写入和查询功能 | G13: log.logmng.put.get.ptc7 | I13: P2 | L13: 网元正常启动 | M13: 1、向防火墙的日志侦听端口写入URL过滤日志，日志中的所有字段均不相同，写入方法参考wiki中的总结文档。 2、在日志中心查询URL过滤日志 3、对比查询到日志的时间与步骤1中写入日志内容【check1】 4、对比查询到日志的日志级别与步骤1中写入日志内容【check1】 5、对比查询到日志的源地址与步骤1中写入日志内容【check1】 6、对比查询到日志的源端口与步骤1中写入日志内容【check1】 7、对比查询到日志的目的地址与步骤1中写入日志内容【check1】 8、对比查询到日志的目的端口与步骤1中写入日志内容【check1】 9、对比查询到日志的协议与步骤1中写入日志内容【check1】 10、对比查询到日志的策略ID与步骤1中写入日志内容【check1】 11、对比查询到日志的动作与步骤1中写入日志内容【check1】 12、对比查询到日志的过滤类型与步骤1中写入日志内容【check1】 | N13: 1、【check1】查询到的数据与写入的数据完全相同 | O13: TGFW-V6R01C01 | S13: 功能测试 | T13: 待实现
F14: 验证WEB防护日志的写入和查询功能 | G14: log.logmng.put.get.ptc8 | I14: P2 | L14: 网元正常启动 | M14: 1、向防火墙的日志侦听端口写入WEB防护日志，日志中的所有字段均不相同，写入方法参考wiki中的总结文档。 2、在日志中心查询WEB防护日志 3、对比查询到日志的时间与步骤1中写入日志内容【check1】 4、对比查询到日志的日志级别与步骤1中写入日志内容【check1】 5、对比查询到日志的源地址与步骤1中写入日志内容【check1】 6、对比查询到日志的源端口与步骤1中写入日志内容【check1】 7、对比查询到日志的目的地址与步骤1中写入日志内容【check1】 8、对比查询到日志的目的端口与步骤1中写入日志内容【check1】 9、对比查询到日志的协议与步骤1中写入日志内容【check1】 10、对比查询到日志的防护类型与步骤1中写入日志内容【check1】 11、对比查询到日志的攻击次数与步骤1中写入日志内容【check1】 12、对比查询到日志的动作与步骤1中写入日志内容【check1】 | N14: 1、【check1】查询到的数据与写入的数据完全相同 | O14: TGFW-V6R01C01 | S14: 功能测试 | T14: 待实现
F15: 验证防暴力破解日志的写入和查询功能 | G15: log.logmng.put.get.ptc9 | I15: P2 | L15: 网元正常启动 | M15: 1、向防火墙的日志侦听端口写入防暴力破解日志，日志中的所有字段均不相同，写入方法参考wiki中的总结文档。 2、在日志中心查询防暴力破解日志 3、对比查询到日志的时间与步骤1中写入日志内容【check1】 4、对比查询到日志的日志级别与步骤1中写入日志内容【check1】 5、对比查询到日志的源地址与步骤1中写入日志内容【check1】 6、对比查询到日志的源端口与步骤1中写入日志内容【check1】 7、对比查询到日志的目的地址与步骤1中写入日志内容【check1】 8、对比查询到日志的目的端口与步骤1中写入日志内容【check1】 9、对比查询到日志的协议与步骤1中写入日志内容【check1】 10、对比查询到日志的动作与步骤1中写入日志内容【check1】 | N15: 1、【check1】查询到的数据与写入的数据完全相同 | O15: TGFW-V6R01C01 | S15: 功能测试 | T15: 待实现
F16: 验证弱密码日志的写入和查询功能 | G16: log.logmng.put.get.ptc10 | I16: P2 | L16: 网元正常启动 | M16: 1、向防火墙的日志侦听端口写入弱密码日志，日志中的所有字段均不相同，写入方法参考wiki中的总结文档。 2、在日志中心查询弱密码日志 3、对比查询到日志的时间与步骤1中写入日志内容【check1】 4、对比查询到日志的日志级别与步骤1中写入日志内容【check1】 5、对比查询到日志的源地址与步骤1中写入日志内容【check1】 6、对比查询到日志的源端口与步骤1中写入日志内容【check1】 7、对比查询到日志的目的地址与步骤1中写入日志内容【check1】 8、对比查询到日志的目的端口与步骤1中写入日志内容【check1】 9、对比查询到日志的协议与步骤1中写入日志内容【check1】 10、对比查询到日志的策略ID与步骤1中写入日志内容【check1】 11、对比查询到日志的配置名称与步骤1中写入日志内容【check1】 12、对比查询到日志的动作与步骤1中写入日志内容【check1】 | N16: 1、【check1】查询到的数据与写入的数据完全相同 | O16: TGFW-V6R01C01 | S16: 功能测试 | T16: 待实现
F17: 验证控制策略阻断日志的写入和查询功能 | G17: log.logmng.put.get.ptc11 | I17: P2 | L17: 网元正常启动 | M17: 1、向防火墙的日志侦听端口写入控制策略阻断日志，日志中的所有字段均不相同，写入方法参考wiki中的总结文档。 2、在日志中心查询控制策略阻断日志 3、对比查询到日志的时间与步骤1中写入日志内容【check1】 4、对比查询到日志的日志级别与步骤1中写入日志内容【check1】 5、对比查询到日志的源地址与步骤1中写入日志内容【check1】 6、对比查询到日志的源端口与步骤1中写入日志内容【check1】 7、对比查询到日志的目的地址与步骤1中写入日志内容【check1】 8、对比查询到日志的目的端口与步骤1中写入日志内容【check1】 9、对比查询到日志的源安全域与步骤1中写入日志内容【check1】 10、对比查询到日志的目的安全域与步骤1中写入日志内容【check1】 11、对比查询到日志的源地区与步骤1中写入日志内容【check1】 12、对比查询到日志的目的与步骤1中写入日志内容【check1】 13、对比查询到日志的应用与步骤1中写入日志内容【check1】 14、对比查询到日志的协议号与步骤1中写入日志内容【check1】 15、对比查询到日志的策略名称与步骤1中写入日志内容【check1】 16、对比查询到日志的动作与步骤1中写入日志内容【check1】 | N17: 1、【check1】查询到的数据与写入的数据完全相同 | O17: TGFW-V6R01C01 | S17: 功能测试 | T17: 待实现
F18: 验证本地控制策略日志的写入和查询功能 | G18: log.logmng.put.get.ptc12 | I18: P2 | L18: 网元正常启动 | M18: 1、向防火墙的日志侦听端口写入本地控制策略日志，日志中的所有字段均不相同，写入方法参考wiki中的总结文档。 2、在日志中心查询本地控制策略日志 3、对比查询到日志的时间与步骤1中写入日志内容【check1】 4、对比查询到日志的日志级别与步骤1中写入日志内容【check1】 5、对比查询到日志的源地址与步骤1中写入日志内容【check1】 6、对比查询到日志的源端口与步骤1中写入日志内容【check1】 7、对比查询到日志的目的地址与步骤1中写入日志内容【check1】 8、对比查询到日志的目的端口与步骤1中写入日志内容【check1】 9、对比查询到日志的源安全域与步骤1中写入日志内容【check1】 10、对比查询到日志的目的安全域与步骤1中写入日志内容【check1】 11、对比查询到日志的源地区与步骤1中写入日志内容【check1】 12、对比查询到日志的目的与步骤1中写入日志内容【check1】 13、对比查询到日志的应用与步骤1中写入日志内容【check1】 14、对比查询到日志的协议号与步骤1中写入日志内容【check1】 15、对比查询到日志的策略名称与步骤1中写入日志内容【check1】 16、对比查询到日志的动作与步骤1中写入日志内容【check1】 | N18: 1、【check1】查询到的数据与写入的数据完全相同 | O18: TGFW-V6R01C01 | S18: 功能测试 | T18: 待实现
... F80: 验证修改系统时间后的日志查询功能 | G80: log.logmng.fliter.systime.ptc1 | I80: P3 | L80: 1、网元正常启动 | M80: 1、防火墙当前时间记为t，向防火墙日志侦听端口写入至少9条系统日志。至少3条日志在防火墙当前时间的前1小时内记为t0~1日志，至少3条仔防火墙当前时间前1~2小时内记为t1~2日志，至少3条仔防火墙当前时间前2~3小时内记为t2~3日志。 2、查询防火墙系统日志，过滤时间为1小时内【check1】【check4】 3、将防火墙的系统时间向后调整1个小时(即为t+1),查询防火墙系统日志，过滤时间为1小时内【check2】【check4】 4、将防火墙的时间向前调整2小时（防火墙时间为t-1），查询防火墙系统日志，过滤时间为1小时内【check3】【check4】 | N80: 1、【check1】防火墙只能查询到t0~1时间段的日志（1小时内的日志） 2、【check2】防火墙查询不到任何日志 3、【check3】防火墙只能查询到t1~2时间段的日志 4、【check4】查询到的日志数量正确，选取首尾和随机条的所有字段正确。 | O80: TGFW-V6R01C01 | S80: 功能测试 | T80: 待实现
E81: 日志归并
F82: 验证入侵防御日志写入时的日志归并功能 | G82: log.logmng.merge.ptc1.001 | I82: P2 | L82: 1、网元正常启动 | M82: 1、开启日志归并，配置日志归并时间为10~60之间的随机值t秒 2、清空入侵防御日志，并查询日志。【check1】 3、在t秒时间内向防火墙的日志侦听端口写入2~200之间任意值n条入侵防御日志，日志除了时间其他内容完全相同 4、使用接口查询入侵防御日志【check2】 | N82: 1、【check1】查询到的日志为空 2、【check2】仅查询到1条入侵防御日志，该日志的攻击次数或者出现次数为n | O82: TGFW-V6R01C01 | S82: 功能测试 | T82: 待实现
F83: 验证防病毒日志写入时的日志归并功能 | G83: log.logmng.merge.ptc1.002 | I83: P2 | L83: 1、网元正常启动 | M83: 1、开启日志归并，配置日志归并时间为10~60之间的随机值t秒 2、清空防病毒日志，并查询日志。【check1】 3、在t秒时间内向防火墙的日志侦听端口写入2~200之间任意值n条防病毒日志，日志除了时间其他内容完全相同 4、使用接口查询防病毒日志【check2】 | N83: 1、【check1】查询到的日志为空 2、【check2】仅查询到1条防病毒日志，该日志的攻击次数或者出现次数为n | O83: TGFW-V6R01C01 | S83: 功能测试 | T83: 待实现
F84: 验证内容过滤日志写入时的日志归并功能 | G84: log.logmng.merge.ptc1.003 | I84: P2 | L84: 1、网元正常启动 | M84: 1、开启日志归并，配置日志归并时间为10~60之间的随机值t秒 2、清空内容过滤日志，并查询日志。【check1】 3、在t秒时间内向防火墙的日志侦听端口写入2~200之间任意值n条内容过滤日志，日志除了时间其他内容完全相同 4、使用接口查询内容过滤日志【check2】 | N84: 1、【check1】查询到的日志为空 2、【check2】仅查询到1条内容过滤日志，该日志的攻击次数或者出现次数为n | O84: TGFW-V6R01C01 | S84: 功能测试 | T84: 待实现
F85: 验证URL过滤日志写入时的日志归并功能 | G85: log.logmng.merge.ptc1.004 | I85: P2 | L85: 1、网元正常启动 | M85: 1、开启日志归并，配置日志归并时间为10~60之间的随机值t秒 2、清空URL过滤日志，并查询日志。【check1】 3、在t秒时间内向防火墙的日志侦听端口写入2~200之间任意值n条URL过滤日志，日志除了时间其他内容完全相同 4、使用接口查询URL过滤日志【check2】 | N85: 1、【check1】查询到的日志为空 2、【check2】仅查询到1条URL过滤日志，该日志的攻击次数或者出现次数为n | O85: TGFW-V6R01C01 | S85: 功能测试 | T85: 待实现
F86: 验证文件过滤日志写入时的日志归并功能 | G86: log.logmng.merge.ptc1.005 | I86: P2 | L86: 1、网元正常启动 | M86: 1、开启日志归并，配置日志归并时间为10~60之间的随机值t秒 2、清空文件过滤日志，并查询日志。【check1】 3、在t秒时间内向防火墙的日志侦听端口写入2~200之间任意值n条文件过滤日志，日志除了时间其他内容完全相同 4、使用接口查询文件过滤日志【check2】 | N86: 1、【check1】查询到的日志为空 2、【check2】仅查询到1条文件过滤日志，该日志的攻击次数或者出现次数为n | O86: TGFW-V6R01C01 | S86: 功能测试 | T86: 待实现
F87: 验证WEB防护日志写入时的日志归并功能 | G87: log.logmng.merge.ptc1.006 | I87: P2 | L87: 1、网元正常启动 | M87: 1、开启日志归并，配置日志归并时间为10~60之间的随机值t秒 2、清空WEB防护日志，并查询日志。【check1】 3、在t秒时间内向防火墙的日志侦听端口写入2~200之间任意值n条WEB防护日志，日志除了时间其他内容完全相同 4、使用接口查询WEB防护日志【check2】 | N87: 1、【check1】查询到的日志为空 2、【check2】仅查询到1条WEB防护日志，该日志的攻击次数或者出现次数为n | O87: TGFW-V6R01C01 | S87: 功能测试 | T87: 待实现
F88: 验证弱密码日志写入时的日志归并功能 | G88: log.logmng.merge.ptc1.007 | I88: P2 | L88: 1、网元正常启动 | M88: 1、开启日志归并，配置日志归并时间为10~60之间的随机值t秒 2、清空弱密码日志，并查询日志。【check1】 3、在t秒时间内向防火墙的日志侦听端口写入2~200之间任意值n条弱密码日志，日志除了时间其他内容完全相同 4、使用接口查询弱密码日志【check2】 | N88: 1、【check1】查询到的日志为空 2、【check2】仅查询到1条弱密码日志，该日志的攻击次数或者出现次数为n | O88: TGFW-V6R01C01 | S88: 功能测试 | T88: 待实现
F89: 验证防暴力破解日志写入时的日志归并功能 | G89: log.logmng.merge.ptc1.008 | I89: P2 | L89: 1、网元正常启动 | M89: 1、开启日志归并，配置日志归并时间为10~60之间的随机值t秒 2、清空防暴力破解日志，并查询日志。【check1】 3、在t秒时间内向防火墙的日志侦听端口写入2~200之间任意值n条防暴力破解日志，日志除了时间其他内容完全相同 4、使用接口查询防暴力破解日志【check2】 | N89: 1、【check1】查询到的日志为空 2、【check2】仅查询到1条防暴力破解日志，该日志的攻击次数或者出现次数为n | O89: TGFW-V6R01C01 | S89: 功能测试 | T89: 待实现
F90: 验证单包防护日志写入时的日志归并功能 | G90: log.logmng.merge.ptc1.009 | I90: P2 | L90: 1、网元正常启动 | M90: 1、开启日志归并，配置日志归并时间为10~60之间的随机值t秒 2、清空单包防护日志，并查询日志。【check1】 3、在t秒时间内向防火墙的日志侦听端口写入2~200之间任意值n条单包防护日志，日志除了时间其他内容完全相同 4、使用接口查询单包防护日志【check2】 | N90: 1、【check1】查询到的日志为空 2、【check2】仅查询到1条单包防护日志，该日志的攻击次数或者出现次数为n | O90: TGFW-V6R01C01 | S90: 功能测试 | T90: 待实现
F91: 验证Flood攻击日志写入时的日志归并功能 | G91: log.logmng.merge.ptc1.010 | I91: P2 | L91: 1、网元正常启动 | M91: 1、开启日志归并，配置日志归并时间为10~60之间的随机值t秒 2、清空Flood攻击日志，并查询日志。【check1】 3、在t秒时间内向防火墙的日志侦听端口写入2~200之间任意值n条Flood攻击日志，日志除了时间其他内容完全相同 4、使用接口查询Flood攻击日志【check2】 | N91: 1、【check1】查询到的日志为空 2、【check2】仅查询到1条Flood攻击日志，该日志的攻击次数或者出现次数为n | O91: TGFW-V6R01C01 | S91: 功能测试 | T91: 待实现
F92: 验证入侵防御日志归并周期为最小值（10s）时的日志归并功能 | G92: log.logmng.merge.porid.min.ptc1.001 | I92: P2 | L92: 1、网元正常启动 | M92: 1、开启日志归并，配置日志归并时间为最小值（10s） 2、清空${有效日志类型}，并查询日志。【check1】 3、在最小值（10s）内向防火墙的日志侦听端口写入2~200之间任意值n1条入侵防御日志，日志的除了时间，其他内容完全相同。 4、使用接口查询入侵防御日志【check2】 5、等待1~3之间非整数倍的归并周期，后再最小值（10s）内向向防火墙的日志侦听端口写入2~200之间任意值n2条入侵防御日志，日志的除了时间，其他内容完全相同。【check3】 | N92: 1、【check1】查询到的日志为空 2、【check2】仅查询到1条${有效日志类型}，该日志的攻击次数或者出现次数为n1 3、【check3】仅查询到2条${有效日志类型}，第二条日志的攻击次数或者出现次数为n2 | O92: TGFW-V6R01C01 | S92: 功能测试 | T92: 待实现
F93: 验证防病毒日志归并周期为默认值（60s）时的日志归并功能 | G93: log.logmng.merge.porid.min.ptc2.001 | I93: P2 | L93: 1、网元正常启动 | M93: 1、开启日志归并，配置日志归并时间为默认值（60s） 2、清空${有效日志类型}，并查询日志。【check1】 3、在默认值（60s）内向防火墙的日志侦听端口写入2~200之间任意值n1条防病毒日志，日志的除了时间，其他内容完全相同。 4、使用接口查询防病毒日志【check2】 5、等待1~3之间非整数倍的归并周期，后再默认值（60s）内向向防火墙的日志侦听端口写入2~200之间任意值n2条防病毒日志，日志的除了时间，其他内容完全相同。【check3】 | N93: 1、【check1】查询到的日志为空 2、【check2】仅查询到1条${有效日志类型}，该日志的攻击次数或者出现次数为n1 3、【check3】仅查询到2条${有效日志类型}，第二条日志的攻击次数或者出现次数为n2 | O93: TGFW-V6R01C01 | S93: 功能测试 | T93: 待实现
... F101: 验证反复修改日志归并周期后的日志归并功能 | G101: log.logmng.merge.fatigue.porid.ptc1 | I101: P4 | L101: 1、网元正常启动 | M101: 1、向防火墙日志侦听端口持续写入入侵防御日志 2、保持日志归并开启，反复修改日志归并周期200次以上， 3、停止持续写入日志，等待日志归并周期时间，后查看入侵防御日志【check1】 4、在日志归并周期内向防火墙日志侦听端口同时写入入侵防御日志，日志数量为1~10的随机值。 5、等待日志归并周期后，查看入侵防御日志。【check2】 | N101: 1、【check1】所有日志正确记录 2、【check2】入侵防御日志的在日志归并周期内只有一条日志，日志的攻击或者出现次数与写入日志条数相同 | O101: TGFW-V6R01C01 | S101: 可靠性测试 | T101: 不实现
E102: 日志清理
F103: 验证系统日志满规格时清理日志功能 | G103: log.logmng.capacity.clear.ptc1.001 | I103: P4 | L103: 1、网元正常启动 | M103: 1、向防火墙的日志侦听端口持续系统日志，日志的产生时间为当前日期0点之前，日志数量大于日志规格的20% 2、下载最新的日志备份文件 3、向防火墙的日志侦听端口持续写入系统日志，日志的产生时间为当天，直到日志数量达到防火墙系统日志的规格。（该时间段的日志数量小于日志容量的80%） 4、使用日志接口查询系统日志，观察日志。【check1】 5、下载最新的日志备份文件，并与步骤3下载的文件对比。【check2】【check3】 | N103: 1、【check1】日志产生时间最早的20%的日志被清理掉。 2、【check2】日志备份文件没有任何变化 3、【check3】不会生成时间戳为系统时间后一天的日志备份文件 | O103: TGFW-V6R01C01 | S103: 可靠性测试 | T103: 不实现
F104: 验证防病毒日志满规格时清理日志功能 | G104: log.logmng.capacity.clear.ptc2.001 | I104: P4 | L104: 1、网元正常启动 | M104: 1、向防火墙的日志侦听端口持续防病毒日志，日志的产生时间为当前日期0点之前，日志数量大于日志规格的20% 2、下载最新的日志备份文件 3、向防火墙的日志侦听端口持续写入防病毒日志，日志的产生时间为当天，直到日志数量达到防火墙防病毒日志的规格。（该时间段的日志数量小于日志容量的80%） 4、使用日志接口查询防病毒日志，观察日志。【check1】 5、下载最新的日志备份文件，并与步骤3下载的文件对比。【check2】【check3】 | N104: 1、【check1】日志产生时间最早的20%的日志被清理掉。 2、【check2】日志备份文件没有任何变化 3、【check3】不会生成时间戳为系统时间后一天的日志备份文件 | O104: TGFW-V6R01C01 | S104: 可靠性测试 | T104: 不实现
F105: 验证URL过滤日志满规格时清理日志功能 | G105: log.logmng.capacity.clear.ptc3.001 | I105: P4 | L105: 1、网元正常启动 | M105: 1、向防火墙的日志侦听端口持续URL过滤日志，日志的产生时间为当前日期0点之前，日志数量大于日志规格的20% 2、下载最新的日志备份文件 3、向防火墙的日志侦听端口持续写入URL过滤日志，日志的产生时间为当天，直到日志数量达到防火墙URL过滤日志的规格。（该时间段的日志数量小于日志容量的80%） 4、使用日志接口查询URL过滤日志，观察日志。【check1】 5、下载最新的日志备份文件，并与步骤3下载的文件对比。【check2】【check3】 | N105: 1、【check1】日志产生时间最早的20%的日志被清理掉。 2、【check2】日志备份文件没有任何变化 3、【check3】不会生成时间戳为系统时间后一天的日志备份文件 | O105: TGFW-V6R01C01 | S105: 可靠性测试 | T105: 不实现
F106: 验证弱密码日志满规格时清理日志功能 | G106: log.logmng.capacity.clear.ptc4.001 | I106: P4 | L106: 1、网元正常启动 | M106: 1、向防火墙的日志侦听端口持续弱密码日志，日志的产生时间为当前日期0点之前，日志数量大于日志规格的20% 2、下载最新的日志备份文件 3、向防火墙的日志侦听端口持续写入弱密码日志，日志的产生时间为当天，直到日志数量达到防火墙弱密码日志的规格。（该时间段的日志数量小于日志容量的80%） 4、使用日志接口查询弱密码日志，观察日志。【check1】 5、下载最新的日志备份文件，并与步骤3下载的文件对比。【check2】【check3】 | N106: 1、【check1】日志产生时间最早的20%的日志被清理掉。 2、【check2】日志备份文件没有任何变化 3、【check3】不会生成时间戳为系统时间后一天的日志备份文件 | O106: TGFW-V6R01C01 | S106: 可靠性测试 | T106: 不实现
F107: 验证单包防护日志满规格时清理日志功能 | G107: log.logmng.capacity.clear.ptc5.001 | I107: P4 | L107: 1、网元正常启动 | M107: 1、向防火墙的日志侦听端口持续单包防护日志，日志的产生时间为当前日期0点之前，日志数量大于日志规格的20% 2、下载最新的日志备份文件 3、向防火墙的日志侦听端口持续写入单包防护日志，日志的产生时间为当天，直到日志数量达到防火墙单包防护日志的规格。（该时间段的日志数量小于日志容量的80%） 4、使用日志接口查询单包防护日志，观察日志。【check1】 5、下载最新的日志备份文件，并与步骤3下载的文件对比。【check2】【check3】 | N107: 1、【check1】日志产生时间最早的20%的日志被清理掉。 2、【check2】日志备份文件没有任何变化 3、【check3】不会生成时间戳为系统时间后一天的日志备份文件 | O107: TGFW-V6R01C01 | S107: 可靠性测试 | T107: 不实现
F108: 验证EDR推广日志满规格时清理日志功能 | G108: log.logmng.capacity.clear.ptc6.001 | I108: P4 | L108: 1、网元正常启动 | M108: 1、向防火墙的日志侦听端口持续EDR推广日志，日志的产生时间为当前日期0点之前，日志数量大于日志规格的20% 2、下载最新的日志备份文件 3、向防火墙的日志侦听端口持续写入EDR推广日志，日志的产生时间为当天，直到日志数量达到防火墙EDR推广日志的规格。（该时间段的日志数量小于日志容量的80%） 4、使用日志接口查询EDR推广日志，观察日志。【check1】 5、下载最新的日志备份文件，并与步骤3下载的文件对比。【check2】【check3】 | N108: 1、【check1】日志产生时间最早的20%的日志被清理掉。 2、【check2】日志备份文件没有任何变化 3、【check3】不会生成时间戳为系统时间后一天的日志备份文件 | O108: TGFW-V6R01C01 | S108: 可靠性测试 | T108: 不实现
F109: 验证操作日志满规格时清理且备份日志功能 | G109: log.logmng.capacity.clear.backup.ptc1.001 | I109: P4 | L109: 1、网元正常启动 | M109: 1、向防火墙的日志侦听端口持续操作日志，日志的产生时间为当前日期0点之前，日志数量小于日志规格的20% 2、向防火墙的日志侦听端口持续写入操作日志，日志的产生时间为当天，直到日志数量达到防火墙操作日志的规格。（该时间段的日志数量大于日志容量的80%） 3、使用日志接口查询操作日志，观察日志。【check1】 4、使用接口和后台查看操作日志备份文件列表【check2】 5、下载时戳为当前日志后一天的日志文件，查看日志文件内容【check3】 | N109: 1、【check1】日志产生时间最早的20%的日志被清理掉。 2、【check2】接口查看和后台查询存在一个时戳为当前日志后一天的日志备份文件 3、【check3】被清理掉的所有产生日志为当前日期的日志被记录在备份文件中。文件中的日志数量正确。日志内容的首尾和随机条内容正确。 | O109: TGFW-V6R01C01 | S109: 可靠性测试 | T109: 不实现
F110: 验证内容过滤日志满规格时清理且备份日志功能 | G110: log.logmng.capacity.clear.backup.ptc2.001 | I110: P4 | L110: 1、网元正常启动 | M110: 1、向防火墙的日志侦听端口持续内容过滤日志，日志的产生时间为当前日期0点之前，日志数量小于日志规格的20% 2、向防火墙的日志侦听端口持续写入内容过滤日志，日志的产生时间为当天，直到日志数量达到防火墙内容过滤日志的规格。（该时间段的日志数量大于日志容量的80%） 3、使用日志接口查询内容过滤日志，观察日志。【check1】 4、使用接口和后台查看内容过滤日志备份文件列表【check2】 5、下载时戳为当前日志后一天的日志文件，查看日志文件内容【check3】 | N110: 1、【check1】日志产生时间最早的20%的日志被清理掉。 2、【check2】接口查看和后台查询存在一个时戳为当前日志后一天的日志备份文件 3、【check3】被清理掉的所有产生日志为当前日期的日志被记录在备份文件中。文件中的日志数量正确。日志内容的首尾和随机条内容正确。 | O110: TGFW-V6R01C01 | S110: 可靠性测试 | T110: 不实现
F111: 验证WEB防护日志满规格时清理且备份日志功能 | G111: log.logmng.capacity.clear.backup.ptc3.001 | I111: P4 | L111: 1、网元正常启动 | M111: 1、向防火墙的日志侦听端口持续WEB防护日志，日志的产生时间为当前日期0点之前，日志数量小于日志规格的20% 2、向防火墙的日志侦听端口持续写入WEB防护日志，日志的产生时间为当天，直到日志数量达到防火墙WEB防护日志的规格。（该时间段的日志数量大于日志容量的80%） 3、使用日志接口查询WEB防护日志，观察日志。【check1】 4、使用接口和后台查看WEB防护日志备份文件列表【check2】 5、下载时戳为当前日志后一天的日志文件，查看日志文件内容【check3】 | N111: 1、【check1】日志产生时间最早的20%的日志被清理掉。 2、【check2】接口查看和后台查询存在一个时戳为当前日志后一天的日志备份文件 3、【check3】被清理掉的所有产生日志为当前日期的日志被记录在备份文件中。文件中的日志数量正确。日志内容的首尾和随机条内容正确。 | O111: TGFW-V6R01C01 | S111: 可靠性测试 | T111: 不实现
F112: 验证Flood攻击日志满规格时清理且备份日志功能 | G112: log.logmng.capacity.clear.backup.ptc4.001 | I112: P4 | L112: 1、网元正常启动 | M112: 1、向防火墙的日志侦听端口持续Flood攻击日志，日志的产生时间为当前日期0点之前，日志数量小于日志规格的20% 2、向防火墙的日志侦听端口持续写入Flood攻击日志，日志的产生时间为当天，直到日志数量达到防火墙Flood攻击日志的规格。（该时间段的日志数量大于日志容量的80%） 3、使用日志接口查询Flood攻击日志，观察日志。【check1】 4、使用接口和后台查看Flood攻击日志备份文件列表【check2】 5、下载时戳为当前日志后一天的日志文件，查看日志文件内容【check3】 | N112: 1、【check1】日志产生时间最早的20%的日志被清理掉。 2、【check2】接口查看和后台查询存在一个时戳为当前日志后一天的日志备份文件 3、【check3】被清理掉的所有产生日志为当前日期的日志被记录在备份文件中。文件中的日志数量正确。日志内容的首尾和随机条内容正确。 | O112: TGFW-V6R01C01 | S112: 可靠性测试 | T112: 不实现
F113: 验证控制策略阻断日志满规格时清理且备份日志功能 | G113: log.logmng.capacity.clear.backup.ptc5.001 | I113: P4 | L113: 1、网元正常启动 | M113: 1、向防火墙的日志侦听端口持续控制策略阻断日志，日志的产生时间为当前日期0点之前，日志数量小于日志规格的20% 2、向防火墙的日志侦听端口持续写入控制策略阻断日志，日志的产生时间为当天，直到日志数量达到防火墙控制策略阻断日志的规格。（该时间段的日志数量大于日志容量的80%） 3、使用日志接口查询控制策略阻断日志，观察日志。【check1】 4、使用接口和后台查看控制策略阻断日志备份文件列表【check2】 5、下载时戳为当前日志后一天的日志文件，查看日志文件内容【check3】 | N113: 1、【check1】日志产生时间最早的20%的日志被清理掉。 2、【check2】接口查看和后台查询存在一个时戳为当前日志后一天的日志备份文件 3、【check3】被清理掉的所有产生日志为当前日期的日志被记录在备份文件中。文件中的日志数量正确。日志内容的首尾和随机条内容正确。 | O113: TGFW-V6R01C01 | S113: 可靠性测试 | T113: 不实现
F114: 验证IPSecVPN日志满规格时清理且备份日志功能 | G114: log.logmng.capacity.clear.backup.ptc6.001 | I114: P4 | L114: 1、网元正常启动 | M114: 1、向防火墙的日志侦听端口持续IPSecVPN日志，日志的产生时间为当前日期0点之前，日志数量小于日志规格的20% 2、向防火墙的日志侦听端口持续写入IPSecVPN日志，日志的产生时间为当天，直到日志数量达到防火墙IPSecVPN日志的规格。（该时间段的日志数量大于日志容量的80%） 3、使用日志接口查询IPSecVPN日志，观察日志。【check1】 4、使用接口和后台查看IPSecVPN日志备份文件列表【check2】 5、下载时戳为当前日志后一天的日志文件，查看日志文件内容【check3】 | N114: 1、【check1】日志产生时间最早的20%的日志被清理掉。 2、【check2】接口查看和后台查询存在一个时戳为当前日志后一天的日志备份文件 3、【check3】被清理掉的所有产生日志为当前日期的日志被记录在备份文件中。文件中的日志数量正确。日志内容的首尾和随机条内容正确。 | O114: TGFW-V6R01C01 | S114: 可靠性测试 | T114: 不实现
... F136: 验证操作日志的清理功能 | G136: log.logmng.clear.invalid.ptc1 | I136: P3 | L136: 1、网元正常启动 | M136: 1、向防火墙的日志侦听端口写入操作日志，数量为1~200条随机数n 2、使用日志查询接口查询操作日志，时间过滤条件为all。【check1】 3、使用接口清空全部操作日志，接口为/deletelog?logtype=operationlog。【check3】 4、使用日志查询接口查询操作日志，时间过滤条件为all。【check2】 | N136: 1、【check1】查询到的日志数量大于等于n。 2、【check2】查询到的日志数量大于等于n，且与步骤2查询到的日志条数相同。日志内容的首尾和随机条内容正确。 3、【check3】接口下发失败，返回的错误信息正确。 | O136: TGFW-V6R01C01 | S136: 功能测试 | T136: 待实现
E137: 日志备份
F138: 验证系统日志每日备份时追加功能 | G138: log.logmng.backup.new.ptc1.001 | I138: P3 | L138: 1、网元正常启动 | M138: 1、构造系统日志备份日志文件中，时戳为当前日期的日志文件存在（在当天日志大于80%时触发超规格备份或者当前已触发自动备份或者手工创建）【check3】 2、下载当前日期的日志备份文件 3、向防火墙的日志侦听端口写入系统日志，日志的产生时间为当前日期的前一天0点到24点的日志，日志条数大100条。 4、向防火墙的日志侦听端口写入系统日志，日志的产生时间为当前日期的日志，日志条数大10条。 5、确认或者修改系统时间为凌晨3:29:59分，并且后台持续ll查看系统日志当天的日志备份文件大小有变化后 6、下载系统日志当天的日志备份文件，并与步骤2下载的文件对比。【check1】【check2】 | N138: 1、【check1】当前日志前一天产生的日志全部追加到日志备份文件中，所有字段填写正确。原备份文件中的日志记录仍然存在且不被篡改 2、【check2】日志备份文件中不添加在其他日志和其他类型的日志。 3、【check3】检查日志备份文件的名称正确，不存在词义错误和拼写错误 | O138: TGFW-V6R01C01 | S138: 可靠性测试 | T138: 待实现
F139: 验证入侵防御日志每日备份时追加功能 | G139: log.logmng.backup.new.ptc2.001 | I139: P3 | L139: 1、网元正常启动 | M139: 1、构造入侵防御日志备份日志文件中，时戳为当前日期的日志文件存在（在当天日志大于80%时触发超规格备份或者当前已触发自动备份或者手工创建）【check3】 2、下载当前日期的日志备份文件 3、向防火墙的日志侦听端口写入入侵防御日志，日志的产生时间为当前日期的前一天0点到24点的日志，日志条数大100条。 4、向防火墙的日志侦听端口写入入侵防御日志，日志的产生时间为当前日期的日志，日志条数大10条。 5、确认或者修改系统时间为凌晨3:29:59分，并且后台持续ll查看入侵防御日志当天的日志备份文件大小有变化后 6、下载入侵防御日志当天的日志备份文件，并与步骤2下载的文件对比。【check1】【check2】 | N139: 1、【check1】当前日志前一天产生的日志全部追加到日志备份文件中，所有字段填写正确。原备份文件中的日志记录仍然存在且不被篡改 2、【check2】日志备份文件中不添加在其他日志和其他类型的日志。 3、【check3】检查日志备份文件的名称正确，不存在词义错误和拼写错误 | O139: TGFW-V6R01C01 | S139: 可靠性测试 | T139: 待实现
F140: 验证内容过滤日志每日备份时追加功能 | G140: log.logmng.backup.new.ptc3.001 | I140: P3 | L140: 1、网元正常启动 | M140: 1、构造内容过滤日志备份日志文件中，时戳为当前日期的日志文件存在（在当天日志大于80%时触发超规格备份或者当前已触发自动备份或者手工创建）【check3】 2、下载当前日期的日志备份文件 3、向防火墙的日志侦听端口写入内容过滤日志，日志的产生时间为当前日期的前一天0点到24点的日志，日志条数大100条。 4、向防火墙的日志侦听端口写入内容过滤日志，日志的产生时间为当前日期的日志，日志条数大10条。 5、确认或者修改系统时间为凌晨3:29:59分，并且后台持续ll查看内容过滤日志当天的日志备份文件大小有变化后 6、下载内容过滤日志当天的日志备份文件，并与步骤2下载的文件对比。【check1】【check2】 | N140: 1、【check1】当前日志前一天产生的日志全部追加到日志备份文件中，所有字段填写正确。原备份文件中的日志记录仍然存在且不被篡改 2、【check2】日志备份文件中不添加在其他日志和其他类型的日志。 3、【check3】检查日志备份文件的名称正确，不存在词义错误和拼写错误 | O140: TGFW-V6R01C01 | S140: 可靠性测试 | T140: 待实现
F141: 验证URL过滤日志每日备份时追加功能 | G141: log.logmng.backup.new.ptc4.001 | I141: P3 | L141: 1、网元正常启动 | M141: 1、构造URL过滤日志备份日志文件中，时戳为当前日期的日志文件存在（在当天日志大于80%时触发超规格备份或者当前已触发自动备份或者手工创建）【check3】 2、下载当前日期的日志备份文件 3、向防火墙的日志侦听端口写入URL过滤日志，日志的产生时间为当前日期的前一天0点到24点的日志，日志条数大100条。 4、向防火墙的日志侦听端口写入URL过滤日志，日志的产生时间为当前日期的日志，日志条数大10条。 5、确认或者修改系统时间为凌晨3:29:59分，并且后台持续ll查看URL过滤日志当天的日志备份文件大小有变化后 6、下载URL过滤日志当天的日志备份文件，并与步骤2下载的文件对比。【check1】【check2】 | N141: 1、【check1】当前日志前一天产生的日志全部追加到日志备份文件中，所有字段填写正确。原备份文件中的日志记录仍然存在且不被篡改 2、【check2】日志备份文件中不添加在其他日志和其他类型的日志。 3、【check3】检查日志备份文件的名称正确，不存在词义错误和拼写错误 | O141: TGFW-V6R01C01 | S141: 可靠性测试 | T141: 待实现
F142: 验证防暴力破解日志每日备份时追加功能 | G142: log.logmng.backup.new.ptc5.001 | I142: P3 | L142: 1、网元正常启动 | M142: 1、构造防暴力破解日志备份日志文件中，时戳为当前日期的日志文件存在（在当天日志大于80%时触发超规格备份或者当前已触发自动备份或者手工创建）【check3】 2、下载当前日期的日志备份文件 3、向防火墙的日志侦听端口写入防暴力破解日志，日志的产生时间为当前日期的前一天0点到24点的日志，日志条数大100条。 4、向防火墙的日志侦听端口写入防暴力破解日志，日志的产生时间为当前日期的日志，日志条数大10条。 5、确认或者修改系统时间为凌晨3:29:59分，并且后台持续ll查看防暴力破解日志当天的日志备份文件大小有变化后 6、下载防暴力破解日志当天的日志备份文件，并与步骤2下载的文件对比。【check1】【check2】 | N142: 1、【check1】当前日志前一天产生的日志全部追加到日志备份文件中，所有字段填写正确。原备份文件中的日志记录仍然存在且不被篡改 2、【check2】日志备份文件中不添加在其他日志和其他类型的日志。 3、【check3】检查日志备份文件的名称正确，不存在词义错误和拼写错误 | O142: TGFW-V6R01C01 | S142: 可靠性测试 | T142: 待实现
F143: 验证控制策略阻断日志每日备份时追加功能 | G143: log.logmng.backup.new.ptc6.001 | I143: P3 | L143: 1、网元正常启动 | M143: 1、构造控制策略阻断日志备份日志文件中，时戳为当前日期的日志文件存在（在当天日志大于80%时触发超规格备份或者当前已触发自动备份或者手工创建）【check3】 2、下载当前日期的日志备份文件 3、向防火墙的日志侦听端口写入控制策略阻断日志，日志的产生时间为当前日期的前一天0点到24点的日志，日志条数大100条。 4、向防火墙的日志侦听端口写入控制策略阻断日志，日志的产生时间为当前日期的日志，日志条数大10条。 5、确认或者修改系统时间为凌晨3:29:59分，并且后台持续ll查看控制策略阻断日志当天的日志备份文件大小有变化后 6、下载控制策略阻断日志当天的日志备份文件，并与步骤2下载的文件对比。【check1】【check2】 | N143: 1、【check1】当前日志前一天产生的日志全部追加到日志备份文件中，所有字段填写正确。原备份文件中的日志记录仍然存在且不被篡改 2、【check2】日志备份文件中不添加在其他日志和其他类型的日志。 3、【check3】检查日志备份文件的名称正确，不存在词义错误和拼写错误 | O143: TGFW-V6R01C01 | S143: 可靠性测试 | T143: 待实现
F144: 验证单包防护日志每日备份时追加功能 | G144: log.logmng.backup.new.ptc7.001 | I144: P3 | L144: 1、网元正常启动 | M144: 1、构造单包防护日志备份日志文件中，时戳为当前日期的日志文件存在（在当天日志大于80%时触发超规格备份或者当前已触发自动备份或者手工创建）【check3】 2、下载当前日期的日志备份文件 3、向防火墙的日志侦听端口写入单包防护日志，日志的产生时间为当前日期的前一天0点到24点的日志，日志条数大100条。 4、向防火墙的日志侦听端口写入单包防护日志，日志的产生时间为当前日期的日志，日志条数大10条。 5、确认或者修改系统时间为凌晨3:29:59分，并且后台持续ll查看单包防护日志当天的日志备份文件大小有变化后 6、下载单包防护日志当天的日志备份文件，并与步骤2下载的文件对比。【check1】【check2】 | N144: 1、【check1】当前日志前一天产生的日志全部追加到日志备份文件中，所有字段填写正确。原备份文件中的日志记录仍然存在且不被篡改 2、【check2】日志备份文件中不添加在其他日志和其他类型的日志。 3、【check3】检查日志备份文件的名称正确，不存在词义错误和拼写错误 | O144: TGFW-V6R01C01 | S144: 可靠性测试 | T144: 待实现
F145: 验证黑白名单日志每日备份时追加功能 | G145: log.logmng.backup.new.ptc8.001 | I145: P3 | L145: 1、网元正常启动 | M145: 1、构造黑白名单日志备份日志文件中，时戳为当前日期的日志文件存在（在当天日志大于80%时触发超规格备份或者当前已触发自动备份或者手工创建）【check3】 2、下载当前日期的日志备份文件 3、向防火墙的日志侦听端口写入黑白名单日志，日志的产生时间为当前日期的前一天0点到24点的日志，日志条数大100条。 4、向防火墙的日志侦听端口写入黑白名单日志，日志的产生时间为当前日期的日志，日志条数大10条。 5、确认或者修改系统时间为凌晨3:29:59分，并且后台持续ll查看黑白名单日志当天的日志备份文件大小有变化后 6、下载黑白名单日志当天的日志备份文件，并与步骤2下载的文件对比。【check1】【check2】 | N145: 1、【check1】当前日志前一天产生的日志全部追加到日志备份文件中，所有字段填写正确。原备份文件中的日志记录仍然存在且不被篡改 2、【check2】日志备份文件中不添加在其他日志和其他类型的日志。 3、【check3】检查日志备份文件的名称正确，不存在词义错误和拼写错误 | O145: TGFW-V6R01C01 | S145: 可靠性测试 | T145: 待实现
F146: 验证IPSecVPN日志每日备份时追加功能 | G146: log.logmng.backup.new.ptc9.001 | I146: P3 | L146: 1、网元正常启动 | M146: 1、构造IPSecVPN日志备份日志文件中，时戳为当前日期的日志文件存在（在当天日志大于80%时触发超规格备份或者当前已触发自动备份或者手工创建）【check3】 2、下载当前日期的日志备份文件 3、向防火墙的日志侦听端口写入IPSecVPN日志，日志的产生时间为当前日期的前一天0点到24点的日志，日志条数大100条。 4、向防火墙的日志侦听端口写入IPSecVPN日志，日志的产生时间为当前日期的日志，日志条数大10条。 5、确认或者修改系统时间为凌晨3:29:59分，并且后台持续ll查看IPSecVPN日志当天的日志备份文件大小有变化后 6、下载IPSecVPN日志当天的日志备份文件，并与步骤2下载的文件对比。【check1】【check2】 | N146: 1、【check1】当前日志前一天产生的日志全部追加到日志备份文件中，所有字段填写正确。原备份文件中的日志记录仍然存在且不被篡改 2、【check2】日志备份文件中不添加在其他日志和其他类型的日志。 3、【check3】检查日志备份文件的名称正确，不存在词义错误和拼写错误 | O146: TGFW-V6R01C01 | S146: 可靠性测试 | T146: 待实现
F147: 验证操作日志每日备份时备份功能 | G147: log.logmng.backup.append.ptc1.001 | I147: P3 | L147: 1、网元正常启动 | M147: 1、查看日志文件备份文件中不存在操作日志当天的日志备份文件（如果存在则删除）。 2、向防火墙的日志侦听端口写入操作日志，日志的产生时间为当前日期的前一天0点到24点的日志，日志条数大100条。 3、向防火墙的日志侦听端口写入操作日志，日志的产生时间为当前日期的日志，日志条数大10条。 4、修改系统时间为凌晨3:29:59分，并且后台持续ll查看操作日志当天的日志备份文件大小有变化后 5、下载操作日志当天的日志备份文件，并与步骤2下载的文件对比。【check1】【check2】 | N147: 1、【check1】系统系统会创建一个当前日期的日志备份文件，文件的名称正确，不存在词义错误和拼写错误。 2、【check2】系统会创建一个当前日志前一天产生的日志全部追加到日志备份文件中。且日志文件中不会存在其他日志和其他类型的日志。 | O147: TGFW-V6R01C01 | S147: 可靠性测试 | T147: 待实现
F148: 验证防病毒日志每日备份时备份功能 | G148: log.logmng.backup.append.ptc2.001 | I148: P3 | L148: 1、网元正常启动 | M148: 1、查看日志文件备份文件中不存在防病毒日志当天的日志备份文件（如果存在则删除）。 2、向防火墙的日志侦听端口写入防病毒日志，日志的产生时间为当前日期的前一天0点到24点的日志，日志条数大100条。 3、向防火墙的日志侦听端口写入防病毒日志，日志的产生时间为当前日期的日志，日志条数大10条。 4、修改系统时间为凌晨3:29:59分，并且后台持续ll查看防病毒日志当天的日志备份文件大小有变化后 5、下载防病毒日志当天的日志备份文件，并与步骤2下载的文件对比。【check1】【check2】 | N148: 1、【check1】系统系统会创建一个当前日期的日志备份文件，文件的名称正确，不存在词义错误和拼写错误。 2、【check2】系统会创建一个当前日志前一天产生的日志全部追加到日志备份文件中。且日志文件中不会存在其他日志和其他类型的日志。 | O148: TGFW-V6R01C01 | S148: 可靠性测试 | T148: 待实现
F149: 验证文件过滤日志每日备份时备份功能 | G149: log.logmng.backup.append.ptc3.001 | I149: P3 | L149: 1、网元正常启动 | M149: 1、查看日志文件备份文件中不存在文件过滤日志当天的日志备份文件（如果存在则删除）。 2、向防火墙的日志侦听端口写入文件过滤日志，日志的产生时间为当前日期的前一天0点到24点的日志，日志条数大100条。 3、向防火墙的日志侦听端口写入文件过滤日志，日志的产生时间为当前日期的日志，日志条数大10条。 4、修改系统时间为凌晨3:29:59分，并且后台持续ll查看文件过滤日志当天的日志备份文件大小有变化后 5、下载文件过滤日志当天的日志备份文件，并与步骤2下载的文件对比。【check1】【check2】 | N149: 1、【check1】系统系统会创建一个当前日期的日志备份文件，文件的名称正确，不存在词义错误和拼写错误。 2、【check2】系统会创建一个当前日志前一天产生的日志全部追加到日志备份文件中。且日志文件中不会存在其他日志和其他类型的日志。 | O149: TGFW-V6R01C01 | S149: 可靠性测试 | T149: 待实现
... F163: 验证磁盘占用满时的日志备份功能 | G163: log.logmng.backup.storage.ptc1 | I163: P4 | L163: 1、网元正常启动 | M163: 1、使用dd命令构造/userdata所在的分区磁盘占用率大于99%，接近100%是 2、修改系统时间为凌晨3:29:59分 3、间隔10s查询连续查询日志备份文件超过10次。【check1】【check2】 4、像日志监听接口写入任意日志 5、查询写入的日志。【check3】 | N163: 1、【check1】日志备份文件中，最新备份的80%仍然存在不受影响 2、【check2】系统正常运行 3、【check3】新写入的日志正常被查询到 | O163: TGFW-V6R01C01 | S163: 可靠性测试 | T163: 待实现
E164: 日志导入导出
F165: 验证系统日志导出功能 | G165: log.logmng.outport.ptc1.001 | I165: P3 | L165: 1、网元正常启动 | M165: 1、在选择任意的一个时间范围精确到秒 2、向防火墙的日志侦听端口写入系统日志100条,时间任意的格式为"2024-10-17 02:00:00",级别字段为中文,IP地址包含ipv4和ipv6地址，tcpudp端口为0-65535随机数，其他没有明确要求的字段包含中文数字和特殊字符点(.)中横杠(-)和空格 3、向防火墙的日志侦听端口写入至少1条系统日志，时间为步骤1中选取的开始时间前1s 4、向防火墙的日志侦听端口写入至少1条系统日志，时间为步骤1中选取的结束时间后1s 5、导出系统日志，时间范围为步骤1选择的时间范围。【check1】【check2】 | N165: 1、【check1】下载的日志中包含步骤2中写入的所有日志，抽查首尾和中间任意一条日志的字段全部正确，日志的数量正确。 2、【check2】步骤3和步骤4中写入的日志不在导出的日志中 | O165: TGFW-V6R01C01 | S165: 功能测试 | T165: 待实现
F166: 验证操作日志导出功能 | G166: log.logmng.outport.ptc1.002 | I166: P3 | L166: 1、网元正常启动 | M166: 1、在选择任意的一个时间范围精确到秒 2、向防火墙的日志侦听端口写入操作日志100条,时间任意的格式为"2024-10-17 02:00:00",级别字段为中文,IP地址包含ipv4和ipv6地址，tcpudp端口为0-65535随机数，其他没有明确要求的字段包含中文数字和特殊字符点(.)中横杠(-)和空格 3、向防火墙的日志侦听端口写入至少1条操作日志，时间为步骤1中选取的开始时间前1s 4、向防火墙的日志侦听端口写入至少1条操作日志，时间为步骤1中选取的结束时间后1s 5、导出操作日志，时间范围为步骤1选择的时间范围。【check1】【check2】 | N166: 1、【check1】下载的日志中包含步骤2中写入的所有日志，抽查首尾和中间任意一条日志的字段全部正确，日志的数量正确。 2、【check2】步骤3和步骤4中写入的日志不在导出的日志中 | O166: TGFW-V6R01C01 | S166: 功能测试 | T166: 待实现
F167: 验证入侵防御日志导出功能 | G167: log.logmng.outport.ptc1.003 | I167: P3 | L167: 1、网元正常启动 | M167: 1、在选择任意的一个时间范围精确到秒 2、向防火墙的日志侦听端口写入入侵防御日志100条,时间任意的格式为"2024-10-17 02:00:00",级别字段为中文,IP地址包含ipv4和ipv6地址，tcpudp端口为0-65535随机数，其他没有明确要求的字段包含中文数字和特殊字符点(.)中横杠(-)和空格 3、向防火墙的日志侦听端口写入至少1条入侵防御日志，时间为步骤1中选取的开始时间前1s 4、向防火墙的日志侦听端口写入至少1条入侵防御日志，时间为步骤1中选取的结束时间后1s 5、导出入侵防御日志，时间范围为步骤1选择的时间范围。【check1】【check2】 | N167: 1、【check1】下载的日志中包含步骤2中写入的所有日志，抽查首尾和中间任意一条日志的字段全部正确，日志的数量正确。 2、【check2】步骤3和步骤4中写入的日志不在导出的日志中 | O167: TGFW-V6R01C01 | S167: 功能测试 | T167: 待实现
F168: 验证防病毒日志导出功能 | G168: log.logmng.outport.ptc1.004 | I168: P3 | L168: 1、网元正常启动 | M168: 1、在选择任意的一个时间范围精确到秒 2、向防火墙的日志侦听端口写入防病毒日志100条,时间任意的格式为"2024-10-17 02:00:00",级别字段为中文,IP地址包含ipv4和ipv6地址，tcpudp端口为0-65535随机数，其他没有明确要求的字段包含中文数字和特殊字符点(.)中横杠(-)和空格 3、向防火墙的日志侦听端口写入至少1条防病毒日志，时间为步骤1中选取的开始时间前1s 4、向防火墙的日志侦听端口写入至少1条防病毒日志，时间为步骤1中选取的结束时间后1s 5、导出防病毒日志，时间范围为步骤1选择的时间范围。【check1】【check2】 | N168: 1、【check1】下载的日志中包含步骤2中写入的所有日志，抽查首尾和中间任意一条日志的字段全部正确，日志的数量正确。 2、【check2】步骤3和步骤4中写入的日志不在导出的日志中 | O168: TGFW-V6R01C01 | S168: 功能测试 | T168: 待实现
F169: 验证内容过滤日志导出功能 | G169: log.logmng.outport.ptc1.005 | I169: P3 | L169: 1、网元正常启动 | M169: 1、在选择任意的一个时间范围精确到秒 2、向防火墙的日志侦听端口写入内容过滤日志100条,时间任意的格式为"2024-10-17 02:00:00",级别字段为中文,IP地址包含ipv4和ipv6地址，tcpudp端口为0-65535随机数，其他没有明确要求的字段包含中文数字和特殊字符点(.)中横杠(-)和空格 3、向防火墙的日志侦听端口写入至少1条内容过滤日志，时间为步骤1中选取的开始时间前1s 4、向防火墙的日志侦听端口写入至少1条内容过滤日志，时间为步骤1中选取的结束时间后1s 5、导出内容过滤日志，时间范围为步骤1选择的时间范围。【check1】【check2】 | N169: 1、【check1】下载的日志中包含步骤2中写入的所有日志，抽查首尾和中间任意一条日志的字段全部正确，日志的数量正确。 2、【check2】步骤3和步骤4中写入的日志不在导出的日志中 | O169: TGFW-V6R01C01 | S169: 功能测试 | T169: 待实现
F170: 验证文件过滤日志导出功能 | G170: log.logmng.outport.ptc1.006 | I170: P3 | L170: 1、网元正常启动 | M170: 1、在选择任意的一个时间范围精确到秒 2、向防火墙的日志侦听端口写入文件过滤日志100条,时间任意的格式为"2024-10-17 02:00:00",级别字段为中文,IP地址包含ipv4和ipv6地址，tcpudp端口为0-65535随机数，其他没有明确要求的字段包含中文数字和特殊字符点(.)中横杠(-)和空格 3、向防火墙的日志侦听端口写入至少1条文件过滤日志，时间为步骤1中选取的开始时间前1s 4、向防火墙的日志侦听端口写入至少1条文件过滤日志，时间为步骤1中选取的结束时间后1s 5、导出文件过滤日志，时间范围为步骤1选择的时间范围。【check1】【check2】 | N170: 1、【check1】下载的日志中包含步骤2中写入的所有日志，抽查首尾和中间任意一条日志的字段全部正确，日志的数量正确。 2、【check2】步骤3和步骤4中写入的日志不在导出的日志中 | O170: TGFW-V6R01C01 | S170: 功能测试 | T170: 待实现
F171: 验证URL过滤日志导出功能 | G171: log.logmng.outport.ptc1.007 | I171: P3 | L171: 1、网元正常启动 | M171: 1、在选择任意的一个时间范围精确到秒 2、向防火墙的日志侦听端口写入URL过滤日志100条,时间任意的格式为"2024-10-17 02:00:00",级别字段为中文,IP地址包含ipv4和ipv6地址，tcpudp端口为0-65535随机数，其他没有明确要求的字段包含中文数字和特殊字符点(.)中横杠(-)和空格 3、向防火墙的日志侦听端口写入至少1条URL过滤日志，时间为步骤1中选取的开始时间前1s 4、向防火墙的日志侦听端口写入至少1条URL过滤日志，时间为步骤1中选取的结束时间后1s 5、导出URL过滤日志，时间范围为步骤1选择的时间范围。【check1】【check2】 | N171: 1、【check1】下载的日志中包含步骤2中写入的所有日志，抽查首尾和中间任意一条日志的字段全部正确，日志的数量正确。 2、【check2】步骤3和步骤4中写入的日志不在导出的日志中 | O171: TGFW-V6R01C01 | S171: 功能测试 | T171: 待实现
F172: 验证WEB防护日志导出功能 | G172: log.logmng.outport.ptc1.008 | I172: P3 | L172: 1、网元正常启动 | M172: 1、在选择任意的一个时间范围精确到秒 2、向防火墙的日志侦听端口写入WEB防护日志100条,时间任意的格式为"2024-10-17 02:00:00",级别字段为中文,IP地址包含ipv4和ipv6地址，tcpudp端口为0-65535随机数，其他没有明确要求的字段包含中文数字和特殊字符点(.)中横杠(-)和空格 3、向防火墙的日志侦听端口写入至少1条WEB防护日志，时间为步骤1中选取的开始时间前1s 4、向防火墙的日志侦听端口写入至少1条WEB防护日志，时间为步骤1中选取的结束时间后1s 5、导出WEB防护日志，时间范围为步骤1选择的时间范围。【check1】【check2】 | N172: 1、【check1】下载的日志中包含步骤2中写入的所有日志，抽查首尾和中间任意一条日志的字段全部正确，日志的数量正确。 2、【check2】步骤3和步骤4中写入的日志不在导出的日志中 | O172: TGFW-V6R01C01 | S172: 功能测试 | T172: 待实现
F173: 验证防暴力破解日志导出功能 | G173: log.logmng.outport.ptc1.009 | I173: P3 | L173: 1、网元正常启动 | M173: 1、在选择任意的一个时间范围精确到秒 2、向防火墙的日志侦听端口写入防暴力破解日志100条,时间任意的格式为"2024-10-17 02:00:00",级别字段为中文,IP地址包含ipv4和ipv6地址，tcpudp端口为0-65535随机数，其他没有明确要求的字段包含中文数字和特殊字符点(.)中横杠(-)和空格 3、向防火墙的日志侦听端口写入至少1条防暴力破解日志，时间为步骤1中选取的开始时间前1s 4、向防火墙的日志侦听端口写入至少1条防暴力破解日志，时间为步骤1中选取的结束时间后1s 5、导出防暴力破解日志，时间范围为步骤1选择的时间范围。【check1】【check2】 | N173: 1、【check1】下载的日志中包含步骤2中写入的所有日志，抽查首尾和中间任意一条日志的字段全部正确，日志的数量正确。 2、【check2】步骤3和步骤4中写入的日志不在导出的日志中 | O173: TGFW-V6R01C01 | S173: 功能测试 | T173: 待实现
F174: 验证弱密码日志导出功能 | G174: log.logmng.outport.ptc1.010 | I174: P3 | L174: 1、网元正常启动 | M174: 1、在选择任意的一个时间范围精确到秒 2、向防火墙的日志侦听端口写入弱密码日志100条,时间任意的格式为"2024-10-17 02:00:00",级别字段为中文,IP地址包含ipv4和ipv6地址，tcpudp端口为0-65535随机数，其他没有明确要求的字段包含中文数字和特殊字符点(.)中横杠(-)和空格 3、向防火墙的日志侦听端口写入至少1条弱密码日志，时间为步骤1中选取的开始时间前1s 4、向防火墙的日志侦听端口写入至少1条弱密码日志，时间为步骤1中选取的结束时间后1s 5、导出弱密码日志，时间范围为步骤1选择的时间范围。【check1】【check2】 | N174: 1、【check1】下载的日志中包含步骤2中写入的所有日志，抽查首尾和中间任意一条日志的字段全部正确，日志的数量正确。 2、【check2】步骤3和步骤4中写入的日志不在导出的日志中 | O174: TGFW-V6R01C01 | S174: 功能测试 | T174: 待实现
F175: 验证控制策略阻断日志导出功能 | G175: log.logmng.outport.ptc1.011 | I175: P3 | L175: 1、网元正常启动 | M175: 1、在选择任意的一个时间范围精确到秒 2、向防火墙的日志侦听端口写入控制策略阻断日志100条,时间任意的格式为"2024-10-17 02:00:00",级别字段为中文,IP地址包含ipv4和ipv6地址，tcpudp端口为0-65535随机数，其他没有明确要求的字段包含中文数字和特殊字符点(.)中横杠(-)和空格 3、向防火墙的日志侦听端口写入至少1条控制策略阻断日志，时间为步骤1中选取的开始时间前1s 4、向防火墙的日志侦听端口写入至少1条控制策略阻断日志，时间为步骤1中选取的结束时间后1s 5、导出控制策略阻断日志，时间范围为步骤1选择的时间范围。【check1】【check2】 | N175: 1、【check1】下载的日志中包含步骤2中写入的所有日志，抽查首尾和中间任意一条日志的字段全部正确，日志的数量正确。 2、【check2】步骤3和步骤4中写入的日志不在导出的日志中 | O175: TGFW-V6R01C01 | S175: 功能测试 | T175: 待实现
F176: 验证本地控制策略日志导出功能 | G176: log.logmng.outport.ptc1.012 | I176: P3 | L176: 1、网元正常启动 | M176: 1、在选择任意的一个时间范围精确到秒 2、向防火墙的日志侦听端口写入本地控制策略日志100条,时间任意的格式为"2024-10-17 02:00:00",级别字段为中文,IP地址包含ipv4和ipv6地址，tcpudp端口为0-65535随机数，其他没有明确要求的字段包含中文数字和特殊字符点(.)中横杠(-)和空格 3、向防火墙的日志侦听端口写入至少1条本地控制策略日志，时间为步骤1中选取的开始时间前1s 4、向防火墙的日志侦听端口写入至少1条本地控制策略日志，时间为步骤1中选取的结束时间后1s 5、导出本地控制策略日志，时间范围为步骤1选择的时间范围。【check1】【check2】 | N176: 1、【check1】下载的日志中包含步骤2中写入的所有日志，抽查首尾和中间任意一条日志的字段全部正确，日志的数量正确。 2、【check2】步骤3和步骤4中写入的日志不在导出的日志中 | O176: TGFW-V6R01C01 | S176: 功能测试 | T176: 待实现
... F188: 验证修改系统时间的日志导出功能 | G188: log.logmng.outport.time.moidfy.ptc1 | I188: P4 | L188: 1、网元正常启动 | M188: 1、在近1小时、近24小时、近一周、近一月中选取任意一个有效周期记为t。在系统日志,操作日志,入侵防御日志,防病毒日志,内容过滤日志,文件过滤日志,URL过滤日志,WEB防护日志,防暴力破解日志,弱密码日志,控制策略阻断日志,本地控制策略日志,单包防护日志,Flood攻击日志,黑白名单日志,EDR推广日志,IPSecVPN日志中选取任意一种日志类型 2、向防火墙的日志侦听端口写入选取的日志类型的日志，在选取的有效期内有n1条日志，有效期前一个周期有n2，有效期后一周期（日志时间晚于防火墙系统时间）有n3条，n1、n2和n3数量都不相同。 3、导出选取的日志类型，时间范围为选取的有效期【check1】【check2】 4、防火墙系统时间向前调整一个有效期，导出选取的日志类型，时间范围为选取的有效期【check1】【check3】 5、防火墙系统时间向后调整两个有效期，导出选取的日志类型，时间范围为选取的有效期【check1】【check4】 | N188: 1、【check1】日志导出成功 2、【check2】导出日志的数量为n1，导出日志内容正确（检查收尾日志和中间任意一条日志） 3、【check3】导出日志的数量为n2，导出日志内容正确（检查收尾日志和中间任意一条日志） 4、【check4】导出日志的数量为n3，导出日志内容正确（检查收尾日志和中间任意一条日志） | O188: TGFW-V6R01C01 | S188: 可靠性测试 | T188: 待实现
D189: 日志服务器
E190: 日志外发
F191: 验证日志以syslog方式tcp协议加密发送到日志服务器 | G191: log.logserver.send.ptc1.001 | I191: P2 | L191: 1、网元正常启动 2、配置静态路由保证日志服务器网络可达 | M191: 1、配置开启日志服务器，配置日志服务器IP地址，端口为随机端口1~65535，发送方式为syslog,加密方式为加密，发送协议为tcp。 2、配置日式过滤为发送所有日志 3、向日志侦听端口写入至少3条系统日志,操作日志,入侵防御日志,防病毒日志,内容过滤日志,文件过滤日志,URL过滤日志,WEB防护日志,防暴力破解日志,弱密码日志,控制策略阻断日志,本地控制策略日志,单包防护日志,Flood攻击日志,黑白名单日志,EDR推广日志,IPSecVPN日志中的任意日志 4、观察日志服务器上接收到的日志的数量和内容。【check1】【check2】【check3】 | N191: 1、【check1】日志服务器上接收到的日志数量和内容正确 2、【check2】日志接受到的源IP、协议、源目的端口、加密信息正确 3、【check3】接收到的日志发送方式正确 | O191: TGFW-V6R01C01 | S191: 功能测试 | T191: 待实现
F192: 验证日志以syslog方式tcp协议不加密发送到日志服务器 | G192: log.logserver.send.ptc2.001 | I192: P2 | L192: 1、网元正常启动 2、配置静态路由保证日志服务器网络可达 | M192: 1、配置开启日志服务器，配置日志服务器IP地址，端口为常用端口514，发送方式为syslog,加密方式为不加密，发送协议为tcp。 2、配置日式过滤为发送所有日志 3、向日志侦听端口写入至少3条系统日志,操作日志,入侵防御日志,防病毒日志,内容过滤日志,文件过滤日志,URL过滤日志,WEB防护日志,防暴力破解日志,弱密码日志,控制策略阻断日志,本地控制策略日志,单包防护日志,Flood攻击日志,黑白名单日志,EDR推广日志,IPSecVPN日志中的任意日志 4、观察日志服务器上接收到的日志的数量和内容。【check1】【check2】【check3】 | N192: 1、【check1】日志服务器上接收到的日志数量和内容正确 2、【check2】日志接受到的源IP、协议、源目的端口、加密信息正确 3、【check3】接收到的日志发送方式正确 | O192: TGFW-V6R01C01 | S192: 功能测试 | T192: 待实现
F193: 验证日志以syslog方式udp协议不加密发送到日志服务器 | G193: log.logserver.send.ptc3.001 | I193: P2 | L193: 1、网元正常启动 2、配置静态路由保证日志服务器网络可达 | M193: 1、配置开启日志服务器，配置日志服务器IP地址，端口为常用端口1468，发送方式为syslog,加密方式为不加密，发送协议为udp。 2、配置日式过滤为发送所有日志 3、向日志侦听端口写入至少3条系统日志,操作日志,入侵防御日志,防病毒日志,内容过滤日志,文件过滤日志,URL过滤日志,WEB防护日志,防暴力破解日志,弱密码日志,控制策略阻断日志,本地控制策略日志,单包防护日志,Flood攻击日志,黑白名单日志,EDR推广日志,IPSecVPN日志中的任意日志 4、观察日志服务器上接收到的日志的数量和内容。【check1】【check2】【check3】 | N193: 1、【check1】日志服务器上接收到的日志数量和内容正确 2、【check2】日志接受到的源IP、协议、源目的端口、加密信息正确 3、【check3】接收到的日志发送方式正确 | O193: TGFW-V6R01C01 | S193: 功能测试 | T193: 待实现
F194: 验证日志以restapi方式默认协议加密发送到日志服务器 | G194: log.logserver.send.ptc4.001 | I194: P2 | L194: 1、网元正常启动 2、配置静态路由保证日志服务器网络可达 | M194: 1、配置开启日志服务器，配置日志服务器IP地址，端口为知名端口80，发送方式为restapi,加密方式为加密，发送协议为默认。 2、配置日式过滤为发送所有日志 3、向日志侦听端口写入至少3条系统日志,操作日志,入侵防御日志,防病毒日志,内容过滤日志,文件过滤日志,URL过滤日志,WEB防护日志,防暴力破解日志,弱密码日志,控制策略阻断日志,本地控制策略日志,单包防护日志,Flood攻击日志,黑白名单日志,EDR推广日志,IPSecVPN日志中的任意日志 4、观察日志服务器上接收到的日志的数量和内容。【check1】【check2】【check3】 | N194: 1、【check1】日志服务器上接收到的日志数量和内容正确 2、【check2】日志接受到的源IP、协议、源目的端口、加密信息正确 3、【check3】接收到的日志发送方式正确 | O194: TGFW-V6R01C01 | S194: 功能测试 | T194: 待实现
F195: 验证多种日志并行外发功能 | G195: log.logserver.send.concurrency.ptc1 | I195: P3 | L195: 1、网元正常启动 2、配置静态路由保证日志服务器网络可达 | M195: 1、配置开启日志服务器 2、配置日式过滤为发送所有日志 3、向日志侦听端口写入至少3条所有类型的日志（包括系统日志,操作日志,入侵防御日志,防病毒日志,内容过滤日志,文件过滤日志,URL过滤日志,WEB防护日志,防暴力破解日志,弱密码日志,控制策略阻断日志,本地控制策略日志,单包防护日志,Flood攻击日志,黑白名单日志,EDR推广日志,IPSecVPN日志） 4、观察日志服务器上接收到的日志的数量和内容。【check1】 | N195: 1、【check1】日志服务器上接收到的日志数量和内容正确 | O195: TGFW-V6R01C01 | S195: 功能测试 | T195: 不实现
F196: 验证多种日志并行外发到多个服务器功能 | G196: log.logserver.send.concurrency.servers.ptc1 | I196: P3 | L196: 1、网元正常启动 2、配置静态路由保证日志服务器网络可达 | M196: 1、配置开启日志服务器，配置三个服务器，三个服务器路由均可达，3个日志服务器发送的一个发送方式为restAPI，一个为syslog的TCP，一个为syslog的UDP方式 2、配置日式过滤为发送所有日志 3、向日志侦听端口写入至少3条所有类型的日志（包括系统日志,操作日志,入侵防御日志,防病毒日志,内容过滤日志,文件过滤日志,URL过滤日志,WEB防护日志,防暴力破解日志,弱密码日志,控制策略阻断日志,本地控制策略日志,单包防护日志,Flood攻击日志,黑白名单日志,EDR推广日志,IPSecVPN日志） 4、观察日志服务器上接收到的日志的数量和内容。【check1】【check2】 | N196: 1、【check1】三个日志服务器上接收到的日志数量和内容正确 2、【check2】三个日志服务器上接收到日志的发送方式和协议正确 | O196: TGFW-V6R01C01 | S196: 功能测试 | T196: 不实现
F197: 验证日志外发服务器地址变化时的可靠性 | G197: log.logserver.send.reliability.ptc1.001 | I197: P4 | L197: 1、网元正常启动 2、配置静态路由保证日志服务器网络可达 | M197: 1、配置开启日志服务器 2、配置日式过滤为发送所有日志 3、持续向日志侦听端口写入多种类型的日志 4、构造${连接}大于200次，在日志服务器上观察日志接收。【check1】 | N197: 1、【check1】日志服务器上接收到的日志数量和内容正确 | O197: TGFW-V6R01C01 | S197: 可靠性测试 | T197: 不实现
F198: 验证日志外发路由震荡时的可靠性 | G198: log.logserver.send.reliability.ptc1.002 | I198: P4 | L198: 1、网元正常启动 2、配置静态路由保证日志服务器网络可达 | M198: 1、配置开启日志服务器 2、配置日式过滤为发送所有日志 3、持续向日志侦听端口写入多种类型的日志 4、构造${连接}大于200次，在日志服务器上观察日志接收。【check1】 | N198: 1、【check1】日志服务器上接收到的日志数量和内容正确 | O198: TGFW-V6R01C01 | S198: 可靠性测试 | T198: 不实现
F199: 验证日志外发接口禁用启用时的可靠性 | G199: log.logserver.send.reliability.ptc1.003 | I199: P4 | L199: 1、网元正常启动 2、配置静态路由保证日志服务器网络可达 | M199: 1、配置开启日志服务器 2、配置日式过滤为发送所有日志 3、持续向日志侦听端口写入多种类型的日志 4、构造${连接}大于200次，在日志服务器上观察日志接收。【check1】 | N199: 1、【check1】日志服务器上接收到的日志数量和内容正确 | O199: TGFW-V6R01C01 | S199: 可靠性测试 | T199: 不实现
F200: 验证日志外发tcp连接状态震荡时的可靠性 | G200: log.logserver.send.reliability.ptc1.004 | I200: P4 | L200: 1、网元正常启动 2、配置静态路由保证日志服务器网络可达 | M200: 1、配置开启日志服务器 2、配置日式过滤为发送所有日志 3、持续向日志侦听端口写入多种类型的日志 4、构造${连接}大于200次，在日志服务器上观察日志接收。【check1】 | N200: 1、【check1】日志服务器上接收到的日志数量和内容正确 | O200: TGFW-V6R01C01 | S200: 可靠性测试 | T200: 不实现
F201: 验证日志外发udp端口变化时的可靠性 | G201: log.logserver.send.reliability.ptc1.005 | I201: P4 | L201: 1、网元正常启动 2、配置静态路由保证日志服务器网络可达 | M201: 1、配置开启日志服务器 2、配置日式过滤为发送所有日志 3、持续向日志侦听端口写入多种类型的日志 4、构造${连接}大于200次，在日志服务器上观察日志接收。【check1】 | N201: 1、【check1】日志服务器上接收到的日志数量和内容正确 | O201: TGFW-V6R01C01 | S201: 可靠性测试 | T201: 不实现
F202: 验证日志外发使用业务口时的源IP正确 | G202: log.logserver.send.sip.ptc1.001 | I202: P4 | L202: 1、网元正常启动 2、配置开启日志服务器 | M202: 1、配置日志服务器，配置静态路由通过业务口发送到日志服务器 2、配置日式过滤为发送所有日志 3、持续向日志侦听端口写入多种类型的日志 4、修改日志外发对应的业务口的IP地址【check1】【check2】 5、在接口上添加多个IP地址【check1】【check3】 | N202: 1、【check1】日志服务器上接收到的日志数量和内容正确 2、【check2】日志服务器上接收到的报文的IP地址与接口的IP地址相同 3、【check3】日志服务器仍然以第一个IP地址发送日志 | O202: TGFW-V6R01C01 | S202: 可靠性测试 | T202: 不实现
... F204: 验证日志外发接口变化时的源IP正确 | G204: log.logserver.send.sip.intf.ptc1 | I204: P4 | L204: 1、网元正常启动 2、配置开启日志服务器 | M204: 1、配置冗余路由通过两条不同的接口发送到日志服务器，一条高优先级的路由通过接口1发送到日志服务器，一条低优先级的路由通过接口2发送到日志服务器。 2、持续向日志侦听端口写入多种类型的日志，观察日志服务器上接收到的日志和日志报文【check1】【check2】 3、构造接口1故障，观察日志服务器上接收到的日志和日志报文【check1】【check3】 | N204: 1、【check1】日志服务器上接收到的日志数量和内容正确 2、【check2】日志服务器上接收到日志报文的源IP为接口1的IP地址 3、【check3】日志服务器上接收到日志报文的源IP为接口2的IP地址 | O204: TGFW-V6R01C01 | S204: 可靠性测试 | T204: 不实现
E205: 外发过滤
F206: 验证标准格式入侵防御日志过滤功能 | G206: log.logserver.filter.sec.ptc1 | I206: P2 | L206: 1、网元正常启动 2、配置静态路由保证日志服务器网络可达 3、开启日志服务器 4、配置开启入侵防御日志的日志过滤开关为不发送 | M206: 1、持续向日志侦听端口写入入侵防御日志的日志，日志级别包含信息所有级别，观察日志服务器的日志接收。【check1】 2、配置开启入侵防御日志的日志过滤开关为发送，发送日志级别仅发送信息的日志，观察日志服务器接收情况。【check2】 3、配置开启入侵防御日志的日志过滤开关为发送，发送日志级别仅发送低危的日志，观察日志服务器接收情况。【check2】 4、配置开启入侵防御日志的日志过滤开关为发送，发送日志级别仅发送中危的日志，观察日志服务器接收情况。【check2】 5、配置开启入侵防御日志的日志过滤开关为发送，发送日志级别仅发送高危的日志，观察日志服务器接收情况。【check2】 6、配置开启入侵防御日志的日志过滤开关为发送，发送日志级别仅发送严重的日志，观察日志服务器接收情况。【check2】 7、配置开启入侵防御日志的日志过滤开关为发送，发送日志级别仅发送所有级别的日志，观察日志服务器接收情况。【check3】 | N206: 1、【check1】日志服务器不能接收到任何入侵防御日志的日志 2、【check2】日志服务器仅可以接收到该过滤级别的入侵防御日志，接收到日志的所有字段与写入的字段完全相同 3、【check3】日志服务器可以接收到所有级别的入侵防御日志，接收到日志的所有字段与写入的字段完全相同 | O206: TGFW-V6R01C01 | S206: 功能测试 | T206: 待实现
F207: 验证标准格式防病毒日志过滤功能 | G207: log.logserver.filter.sec.ptc2 | I207: P2 | L207: 1、网元正常启动 2、配置静态路由保证日志服务器网络可达 3、开启日志服务器 4、配置开启防病毒日志的日志过滤开关为不发送 | M207: 1、持续向日志侦听端口写入防病毒日志的日志，日志级别包含信息所有级别，观察日志服务器的日志接收。【check1】 2、配置开启防病毒日志的日志过滤开关为发送，发送日志级别仅发送信息的日志，观察日志服务器接收情况。【check2】 3、配置开启防病毒日志的日志过滤开关为发送，发送日志级别仅发送低危的日志，观察日志服务器接收情况。【check2】 4、配置开启防病毒日志的日志过滤开关为发送，发送日志级别仅发送中危的日志，观察日志服务器接收情况。【check2】 5、配置开启防病毒日志的日志过滤开关为发送，发送日志级别仅发送高危的日志，观察日志服务器接收情况。【check2】 6、配置开启防病毒日志的日志过滤开关为发送，发送日志级别仅发送严重的日志，观察日志服务器接收情况。【check2】 7、配置开启防病毒日志的日志过滤开关为发送，发送日志级别仅发送所有级别的日志，观察日志服务器接收情况。【check3】 | N207: 1、【check1】日志服务器不能接收到任何防病毒日志的日志 2、【check2】日志服务器仅可以接收到该过滤级别的防病毒日志，接收到日志的所有字段与写入的字段完全相同 3、【check3】日志服务器可以接收到所有级别的防病毒日志，接收到日志的所有字段与写入的字段完全相同 | O207: TGFW-V6R01C01 | S207: 功能测试 | T207: 待实现
F208: 验证标准格式内容过滤日志过滤功能 | G208: log.logserver.filter.sec.ptc3 | I208: P2 | L208: 1、网元正常启动 2、配置静态路由保证日志服务器网络可达 3、开启日志服务器 4、配置开启内容过滤日志的日志过滤开关为不发送 | M208: 1、持续向日志侦听端口写入内容过滤日志的日志，日志级别包含信息所有级别，观察日志服务器的日志接收。【check1】 2、配置开启内容过滤日志的日志过滤开关为发送，发送日志级别仅发送信息的日志，观察日志服务器接收情况。【check2】 3、配置开启内容过滤日志的日志过滤开关为发送，发送日志级别仅发送低危的日志，观察日志服务器接收情况。【check2】 4、配置开启内容过滤日志的日志过滤开关为发送，发送日志级别仅发送中危的日志，观察日志服务器接收情况。【check2】 5、配置开启内容过滤日志的日志过滤开关为发送，发送日志级别仅发送高危的日志，观察日志服务器接收情况。【check2】 6、配置开启内容过滤日志的日志过滤开关为发送，发送日志级别仅发送严重的日志，观察日志服务器接收情况。【check2】 7、配置开启内容过滤日志的日志过滤开关为发送，发送日志级别仅发送所有级别的日志，观察日志服务器接收情况。【check3】 | N208: 1、【check1】日志服务器不能接收到任何内容过滤日志的日志 2、【check2】日志服务器仅可以接收到该过滤级别的内容过滤日志，接收到日志的所有字段与写入的字段完全相同 3、【check3】日志服务器可以接收到所有级别的内容过滤日志，接收到日志的所有字段与写入的字段完全相同 | O208: TGFW-V6R01C01 | S208: 功能测试 | T208: 待实现
F209: 验证标准格式URL过滤日志过滤功能 | G209: log.logserver.filter.sec.ptc4 | I209: P2 | L209: 1、网元正常启动 2、配置静态路由保证日志服务器网络可达 3、开启日志服务器 4、配置开启URL过滤日志的日志过滤开关为不发送 | M209: 1、持续向日志侦听端口写入URL过滤日志的日志，日志级别包含信息所有级别，观察日志服务器的日志接收。【check1】 2、配置开启URL过滤日志的日志过滤开关为发送，发送日志级别仅发送信息的日志，观察日志服务器接收情况。【check2】 3、配置开启URL过滤日志的日志过滤开关为发送，发送日志级别仅发送低危的日志，观察日志服务器接收情况。【check2】 4、配置开启URL过滤日志的日志过滤开关为发送，发送日志级别仅发送中危的日志，观察日志服务器接收情况。【check2】 5、配置开启URL过滤日志的日志过滤开关为发送，发送日志级别仅发送高危的日志，观察日志服务器接收情况。【check2】 6、配置开启URL过滤日志的日志过滤开关为发送，发送日志级别仅发送严重的日志，观察日志服务器接收情况。【check2】 7、配置开启URL过滤日志的日志过滤开关为发送，发送日志级别仅发送所有级别的日志，观察日志服务器接收情况。【check3】 | N209: 1、【check1】日志服务器不能接收到任何URL过滤日志的日志 2、【check2】日志服务器仅可以接收到该过滤级别的URL过滤日志，接收到日志的所有字段与写入的字段完全相同 3、【check3】日志服务器可以接收到所有级别的URL过滤日志，接收到日志的所有字段与写入的字段完全相同 | O209: TGFW-V6R01C01 | S209: 功能测试 | T209: 待实现
F210: 验证标准格式文件过滤日志过滤功能 | G210: log.logserver.filter.sec.ptc5 | I210: P2 | L210: 1、网元正常启动 2、配置静态路由保证日志服务器网络可达 3、开启日志服务器 4、配置开启文件过滤日志的日志过滤开关为不发送 | M210: 1、持续向日志侦听端口写入文件过滤日志的日志，日志级别包含信息所有级别，观察日志服务器的日志接收。【check1】 2、配置开启文件过滤日志的日志过滤开关为发送，发送日志级别仅发送信息的日志，观察日志服务器接收情况。【check2】 3、配置开启文件过滤日志的日志过滤开关为发送，发送日志级别仅发送低危的日志，观察日志服务器接收情况。【check2】 4、配置开启文件过滤日志的日志过滤开关为发送，发送日志级别仅发送中危的日志，观察日志服务器接收情况。【check2】 5、配置开启文件过滤日志的日志过滤开关为发送，发送日志级别仅发送高危的日志，观察日志服务器接收情况。【check2】 6、配置开启文件过滤日志的日志过滤开关为发送，发送日志级别仅发送严重的日志，观察日志服务器接收情况。【check2】 7、配置开启文件过滤日志的日志过滤开关为发送，发送日志级别仅发送所有级别的日志，观察日志服务器接收情况。【check3】 | N210: 1、【check1】日志服务器不能接收到任何文件过滤日志的日志 2、【check2】日志服务器仅可以接收到该过滤级别的文件过滤日志，接收到日志的所有字段与写入的字段完全相同 3、【check3】日志服务器可以接收到所有级别的文件过滤日志，接收到日志的所有字段与写入的字段完全相同 | O210: TGFW-V6R01C01 | S210: 功能测试 | T210: 待实现
F211: 验证标准格式WEB防护日志过滤功能 | G211: log.logserver.filter.sec.ptc6 | I211: P2 | L211: 1、网元正常启动 2、配置静态路由保证日志服务器网络可达 3、开启日志服务器 4、配置开启WEB防护日志的日志过滤开关为不发送 | M211: 1、持续向日志侦听端口写入WEB防护日志的日志，日志级别包含信息所有级别，观察日志服务器的日志接收。【check1】 2、配置开启WEB防护日志的日志过滤开关为发送，发送日志级别仅发送信息的日志，观察日志服务器接收情况。【check2】 3、配置开启WEB防护日志的日志过滤开关为发送，发送日志级别仅发送低危的日志，观察日志服务器接收情况。【check2】 4、配置开启WEB防护日志的日志过滤开关为发送，发送日志级别仅发送中危的日志，观察日志服务器接收情况。【check2】 5、配置开启WEB防护日志的日志过滤开关为发送，发送日志级别仅发送高危的日志，观察日志服务器接收情况。【check2】 6、配置开启WEB防护日志的日志过滤开关为发送，发送日志级别仅发送严重的日志，观察日志服务器接收情况。【check2】 7、配置开启WEB防护日志的日志过滤开关为发送，发送日志级别仅发送所有级别的日志，观察日志服务器接收情况。【check3】 | N211: 1、【check1】日志服务器不能接收到任何WEB防护日志的日志 2、【check2】日志服务器仅可以接收到该过滤级别的WEB防护日志，接收到日志的所有字段与写入的字段完全相同 3、【check3】日志服务器可以接收到所有级别的WEB防护日志，接收到日志的所有字段与写入的字段完全相同 | O211: TGFW-V6R01C01 | S211: 功能测试 | T211: 待实现
F212: 验证标准格式弱密码日志过滤功能 | G212: log.logserver.filter.sec.ptc7 | I212: P2 | L212: 1、网元正常启动 2、配置静态路由保证日志服务器网络可达 3、开启日志服务器 4、配置开启弱密码日志的日志过滤开关为不发送 | M212: 1、持续向日志侦听端口写入弱密码日志的日志，日志级别包含信息所有级别，观察日志服务器的日志接收。【check1】 2、配置开启弱密码日志的日志过滤开关为发送，发送日志级别仅发送信息的日志，观察日志服务器接收情况。【check2】 3、配置开启弱密码日志的日志过滤开关为发送，发送日志级别仅发送低危的日志，观察日志服务器接收情况。【check2】 4、配置开启弱密码日志的日志过滤开关为发送，发送日志级别仅发送中危的日志，观察日志服务器接收情况。【check2】 5、配置开启弱密码日志的日志过滤开关为发送，发送日志级别仅发送高危的日志，观察日志服务器接收情况。【check2】 6、配置开启弱密码日志的日志过滤开关为发送，发送日志级别仅发送严重的日志，观察日志服务器接收情况。【check2】 7、配置开启弱密码日志的日志过滤开关为发送，发送日志级别仅发送所有级别的日志，观察日志服务器接收情况。【check3】 | N212: 1、【check1】日志服务器不能接收到任何弱密码日志的日志 2、【check2】日志服务器仅可以接收到该过滤级别的弱密码日志，接收到日志的所有字段与写入的字段完全相同 3、【check3】日志服务器可以接收到所有级别的弱密码日志，接收到日志的所有字段与写入的字段完全相同 | O212: TGFW-V6R01C01 | S212: 功能测试 | T212: 待实现
F213: 验证标准格式防暴力破解日志过滤功能 | G213: log.logserver.filter.sec.ptc8 | I213: P2 | L213: 1、网元正常启动 2、配置静态路由保证日志服务器网络可达 3、开启日志服务器 4、配置开启防暴力破解日志的日志过滤开关为不发送 | M213: 1、持续向日志侦听端口写入防暴力破解日志的日志，日志级别包含信息所有级别，观察日志服务器的日志接收。【check1】 2、配置开启防暴力破解日志的日志过滤开关为发送，发送日志级别仅发送信息的日志，观察日志服务器接收情况。【check2】 3、配置开启防暴力破解日志的日志过滤开关为发送，发送日志级别仅发送低危的日志，观察日志服务器接收情况。【check2】 4、配置开启防暴力破解日志的日志过滤开关为发送，发送日志级别仅发送中危的日志，观察日志服务器接收情况。【check2】 5、配置开启防暴力破解日志的日志过滤开关为发送，发送日志级别仅发送高危的日志，观察日志服务器接收情况。【check2】 6、配置开启防暴力破解日志的日志过滤开关为发送，发送日志级别仅发送严重的日志，观察日志服务器接收情况。【check2】 7、配置开启防暴力破解日志的日志过滤开关为发送，发送日志级别仅发送所有级别的日志，观察日志服务器接收情况。【check3】 | N213: 1、【check1】日志服务器不能接收到任何防暴力破解日志的日志 2、【check2】日志服务器仅可以接收到该过滤级别的防暴力破解日志，接收到日志的所有字段与写入的字段完全相同 3、【check3】日志服务器可以接收到所有级别的防暴力破解日志，接收到日志的所有字段与写入的字段完全相同 | O213: TGFW-V6R01C01 | S213: 功能测试 | T213: 待实现
F214: 验证标准格式系统日志过滤功能 | G214: log.logserver.filter.system.ptc1 | I214: P2 | L214: 1、网元正常启动 2、配置静态路由保证日志服务器网络可达 3、开启日志服务器 4、配置开启系统日志的日志过滤开关为不发送 | M214: 1、持续向日志侦听端口写入系统日志的日志，日志级别包含调试所有级别，观察日志服务器的日志接收。【check1】 2、配置开启系统日志的日志过滤开关为发送，发送日志级别仅发送调试的日志，观察日志服务器接收情况。【check2】 3、配置开启系统日志的日志过滤开关为发送，发送日志级别仅发送信息的日志，观察日志服务器接收情况。【check2】 4、配置开启系统日志的日志过滤开关为发送，发送日志级别仅发送警告的日志，观察日志服务器接收情况。【check2】 5、配置开启系统日志的日志过滤开关为发送，发送日志级别仅发送错误的日志，观察日志服务器接收情况。【check2】 6、配置开启系统日志的日志过滤开关为发送，发送日志级别仅发送致命错误的日志，观察日志服务器接收情况。【check2】 7、配置开启系统日志的日志过滤开关为发送，发送日志级别仅发送严重错误的日志，观察日志服务器接收情况。【check2】 8、配置开启系统日志的日志过滤开关为发送，发送日志级别仅发送所有级别的日志，观察日志服务器接收情况。【check3】 | N214: 1、【check1】日志服务器不能接收到任何系统日志的日志 2、【check2】日志服务器仅可以接收到该过滤级别的系统日志，接收到日志的所有字段与写入的字段完全相同 3、【check3】日志服务器可以接收到所有级别的系统日志，接收到日志的所有字段与写入的字段完全相同 | O214: TGFW-V6R01C01 | S214: 功能测试 | T214: 待实现
...

Sheet 禅道导出
A1: 用例编号 | B1: 所属用例库 | C1: 所属模块 | D1: 相关系统需求SR | E1: 用例标题 | F1: 前置条件 | G1: 步骤 | H1: 预期 | I1: 实际情况 | J1: 关键词 | K1: 优先级 | L1: 用例类型 | M1: 适用阶段 | N1: 用例状态 | O1: 产生Bug数 | P1: 执行结果数 | Q1: 用例步骤数 | R1: 执行人 | S1: 执行时间 | T1: 结果 | U1: 由谁创建 | V1: 创建日期 | W1: 最后修改者 | X1: 修改日期 | Y1: 用例版本 | Z1: 相关用例 | AA1: 最后变更版本 | AB1: 首次创建版本 | AC1: 设备类型 | AD1: 自动化 | AE1: 子状态 | AF1: 用例编号（FSBG） | AG1: 组网编号 | AH1: 附件
A2: 254397 | B2: 明御防火墙_通用(#10) | C2: /管理维护/监控统计/日志中心/日志服务器/日志外发(#19384) | D2: (#0) | E2: 验证日志以syslog方式tcp协议加密发送到日志服务器 | F2: 1、网元正常启动 2、配置静态路由保证日志服务器网络可达 | G2: 1. 配置开启日志服务器，配置日志服务器IP地址，端口为随机端口1~65535，发送方式为syslog,加密方式为加密，发送协议为tcp。 2. 配置日式过滤为发送所有日志 3. 向日志侦听端口写入至少3条系统日志,操作日志,入侵防御日志,防病毒日志,内容过滤日志,文件过滤日志,URL过滤日志,WEB防护日志,防暴力破解日志,弱密码日志,控制策略阻断日志,本地控制策略日志,单包防护日志,Flood攻击日志,黑白名单日志,EDR推广日志,IPSecVPN日志中的任意日志 4. 观察日志服务器上接收到的日志的数量和内容。【check1】【check2】【check3】 | H2: 1. 【check1】日志服务器上接收到的日志数量和内容正确 2. 【check2】日志接受到的源IP、协议、源目的端口、加密信息正确 3. 【check3】接收到的日志发送方式正确 4. | I2: 1. 2. 3. 4. | K2: P2 | L2: 功能测试 | N2: 待评审 | O2: 0 | P2: 0 | Q2: 4 | U2: 赵海波 | V2: 2024-10-22 19:00:11 | Y2: 1 | AB2: TGFW-V6R01C01 | AD2: 待实现
A3: 254398 | B3: 明御防火墙_通用(#10) | C3: /管理维护/监控统计/日志中心/日志服务器/日志外发(#19384) | D3: (#0) | E3: 验证日志以syslog方式tcp协议不加密发送到日志服务器 | F3: 1、网元正常启动 2、配置静态路由保证日志服务器网络可达 | G3: 1. 配置开启日志服务器，配置日志服务器IP地址，端口为常用端口514，发送方式为syslog,加密方式为不加密，发送协议为tcp。 2. 配置日式过滤为发送所有日志 3. 向日志侦听端口写入至少3条系统日志,操作日志,入侵防御日志,防病毒日志,内容过滤日志,文件过滤日志,URL过滤日志,WEB防护日志,防暴力破解日志,弱密码日志,控制策略阻断日志,本地控制策略日志,单包防护日志,Flood攻击日志,黑白名单日志,EDR推广日志,IPSecVPN日志中的任意日志 4. 观察日志服务器上接收到的日志的数量和内容。【check1】【check2】【check3】 | H3: 1. 【check1】日志服务器上接收到的日志数量和内容正确 2. 【check2】日志接受到的源IP、协议、源目的端口、加密信息正确 3. 【check3】接收到的日志发送方式正确 4. | I3: 1. 2. 3. 4. | K3: P2 | L3: 功能测试 | N3: 待评审 | O3: 0 | P3: 0 | Q3: 4 | U3: 赵海波 | V3: 2024-10-22 19:00:11 | Y3: 1 | AB3: TGFW-V6R01C01 | AD3: 待实现
A4: 254399 | B4: 明御防火墙_通用(#10) | C4: /管理维护/监控统计/日志中心/日志服务器/日志外发(#19384) | D4: (#0) | E4: 验证日志以syslog方式udp协议不加密发送到日志服务器 | F4: 1、网元正常启动 2、配置静态路由保证日志服务器网络可达 | G4: 1. 配置开启日志服务器，配置日志服务器IP地址，端口为常用端口1468，发送方式为syslog,加密方式为不加密，发送协议为udp。 2. 配置日式过滤为发送所有日志 3. 向日志侦听端口写入至少3条系统日志,操作日志,入侵防御日志,防病毒日志,内容过滤日志,文件过滤日志,URL过滤日志,WEB防护日志,防暴力破解日志,弱密码日志,控制策略阻断日志,本地控制策略日志,单包防护日志,Flood攻击日志,黑白名单日志,EDR推广日志,IPSecVPN日志中的任意日志 4. 观察日志服务器上接收到的日志的数量和内容。【check1】【check2】【check3】 | H4: 1. 【check1】日志服务器上接收到的日志数量和内容正确 2. 【check2】日志接受到的源IP、协议、源目的端口、加密信息正确 3. 【check3】接收到的日志发送方式正确 4. | I4: 1. 2. 3. 4. | K4: P2 | L4: 功能测试 | N4: 待评审 | O4: 0 | P4: 0 | Q4: 4 | U4: 赵海波 | V4: 2024-10-22 19:00:11 | Y4: 1 | AB4: TGFW-V6R01C01 | AD4: 待实现
A5: 254400 | B5: 明御防火墙_通用(#10) | C5: /管理维护/监控统计/日志中心/日志服务器/日志外发(#19384) | D5: (#0) | E5: 验证日志以restapi方式默认协议加密发送到日志服务器 | F5: 1、网元正常启动 2、配置静态路由保证日志服务器网络可达 | G5: 1. 配置开启日志服务器，配置日志服务器IP地址，端口为知名端口80，发送方式为restapi,加密方式为加密，发送协议为默认。 2. 配置日式过滤为发送所有日志 3. 向日志侦听端口写入至少3条系统日志,操作日志,入侵防御日志,防病毒日志,内容过滤日志,文件过滤日志,URL过滤日志,WEB防护日志,防暴力破解日志,弱密码日志,控制策略阻断日志,本地控制策略日志,单包防护日志,Flood攻击日志,黑白名单日志,EDR推广日志,IPSecVPN日志中的任意日志 4. 观察日志服务器上接收到的日志的数量和内容。【check1】【check2】【check3】 | H5: 1. 【check1】日志服务器上接收到的日志数量和内容正确 2. 【check2】日志接受到的源IP、协议、源目的端口、加密信息正确 3. 【check3】接收到的日志发送方式正确 4. | I5: 1. 2. 3. 4. | K5: P2 | L5: 功能测试 | N5: 待评审 | O5: 0 | P5: 0 | Q5: 4 | U5: 赵海波 | V5: 2024-10-22 19:00:11 | Y5: 1 | AB5: TGFW-V6R01C01 | AD5: 待实现
A6: 254401 | B6: 明御防火墙_通用(#10) | C6: /管理维护/监控统计/日志中心/日志服务器/日志外发(#19384) | D6: (#0) | E6: 验证多种日志并行外发功能 | F6: 1、网元正常启动 2、配置静态路由保证日志服务器网络可达 | G6: 1. 配置开启日志服务器 2. 配置日式过滤为发送所有日志 3. 向日志侦听端口写入至少3条所有类型的日志（包括系统日志,操作日志,入侵防御日志,防病毒日志,内容过滤日志,文件过滤日志,URL过滤日志,WEB防护日志,防暴力破解日志,弱密码日志,控制策略阻断日志,本地控制策略日志,单包防护日志,Flood攻击日志,黑白名单日志,EDR推广日志,IPSecVPN日志） 4. 观察日志服务器上接收到的日志的数量和内容。【check1】 | H6: 1. 【check1】日志服务器上接收到的日志数量和内容正确 2. 3. 4. | I6: 1. 2. 3. 4. | K6: P3 | L6: 功能测试 | N6: 待评审 | O6: 0 | P6: 0 | Q6: 4 | U6: 赵海波 | V6: 2024-10-22 19:00:11 | Y6: 1 | AB6: TGFW-V6R01C01 | AD6: 不实现
A7: 254402 | B7: 明御防火墙_通用(#10) | C7: /管理维护/监控统计/日志中心/日志服务器/日志外发(#19384) | D7: (#0) | E7: 验证多种日志并行外发到多个服务器功能 | F7: 1、网元正常启动 2、配置静态路由保证日志服务器网络可达 | G7: 1. 配置开启日志服务器，配置三个服务器，三个服务器路由均可达，3个日志服务器发送的一个发送方式为restAPI，一个为syslog的TCP，一个为syslog的UDP方式 2. 配置日式过滤为发送所有日志 3. 向日志侦听端口写入至少3条所有类型的日志（包括系统日志,操作日志,入侵防御日志,防病毒日志,内容过滤日志,文件过滤日志,URL过滤日志,WEB防护日志,防暴力破解日志,弱密码日志,控制策略阻断日志,本地控制策略日志,单包防护日志,Flood攻击日志,黑白名单日志,EDR推广日志,IPSecVPN日志） 4. 观察日志服务器上接收到的日志的数量和内容。【check1】【check2】 | H7: 1. 【check1】三个日志服务器上接收到的日志数量和内容正确 2. 【check2】三个日志服务器上接收到日志的发送方式和协议正确 3. 4. | I7: 1. 2. 3. 4. | K7: P3 | L7: 功能测试 | N7: 待评审 | O7: 0 | P7: 0 | Q7: 4 | U7: 赵海波 | V7: 2024-10-22 19:00:11 | Y7: 1 | AB7: TGFW-V6R01C01 | AD7: 不实现
A8: 254403 | B8: 明御防火墙_通用(#10) | C8: /管理维护/监控统计/日志中心/日志服务器/日志外发(#19384) | D8: (#0) | E8: 验证日志外发服务器地址变化时的可靠性 | F8: 1、网元正常启动 2、配置静态路由保证日志服务器网络可达 | G8: 1. 配置开启日志服务器 2. 配置日式过滤为发送所有日志 3. 持续向日志侦听端口写入多种类型的日志 4. 构造${连接}大于200次，在日志服务器上观察日志接收。【check1】 | H8: 1. 【check1】日志服务器上接收到的日志数量和内容正确 2. 3. 4. | I8: 1. 2. 3. 4. | K8: P4 | L8: 可靠性测试 | N8: 待评审 | O8: 0 | P8: 0 | Q8: 4 | U8: 赵海波 | V8: 2024-10-22 19:00:11 | Y8: 1 | AB8: TGFW-V6R01C01 | AD8: 不实现
A9: 254404 | B9: 明御防火墙_通用(#10) | C9: /管理维护/监控统计/日志中心/日志服务器/日志外发(#19384) | D9: (#0) | E9: 验证日志外发路由震荡时的可靠性 | F9: 1、网元正常启动 2、配置静态路由保证日志服务器网络可达 | G9: 1. 配置开启日志服务器 2. 配置日式过滤为发送所有日志 3. 持续向日志侦听端口写入多种类型的日志 4. 构造${连接}大于200次，在日志服务器上观察日志接收。【check1】 | H9: 1. 【check1】日志服务器上接收到的日志数量和内容正确 2. 3. 4. | I9: 1. 2. 3. 4. | K9: P4 | L9: 可靠性测试 | N9: 待评审 | O9: 0 | P9: 0 | Q9: 4 | U9: 赵海波 | V9: 2024-10-22 19:00:11 | Y9: 1 | AB9: TGFW-V6R01C01 | AD9: 不实现
A10: 254405 | B10: 明御防火墙_通用(#10) | C10: /管理维护/监控统计/日志中心/日志服务器/日志外发(#19384) | D10: (#0) | E10: 验证日志外发接口禁用启用时的可靠性 | F10: 1、网元正常启动 2、配置静态路由保证日志服务器网络可达 | G10: 1. 配置开启日志服务器 2. 配置日式过滤为发送所有日志 3. 持续向日志侦听端口写入多种类型的日志 4. 构造${连接}大于200次，在日志服务器上观察日志接收。【check1】 | H10: 1. 【check1】日志服务器上接收到的日志数量和内容正确 2. 3. 4. | I10: 1. 2. 3. 4. | K10: P4 | L10: 可靠性测试 | N10: 待评审 | O10: 0 | P10: 0 | Q10: 4 | U10: 赵海波 | V10: 2024-10-22 19:00:11 | Y10: 1 | AB10: TGFW-V6R01C01 | AD10: 不实现
A11: 254406 | B11: 明御防火墙_通用(#10) | C11: /管理维护/监控统计/日志中心/日志服务器/日志外发(#19384) | D11: (#0) | E11: 验证日志外发tcp连接状态震荡时的可靠性 | F11: 1、网元正常启动 2、配置静态路由保证日志服务器网络可达 | G11: 1. 配置开启日志服务器 2. 配置日式过滤为发送所有日志 3. 持续向日志侦听端口写入多种类型的日志 4. 构造${连接}大于200次，在日志服务器上观察日志接收。【check1】 | H11: 1. 【check1】日志服务器上接收到的日志数量和内容正确 2. 3. 4. | I11: 1. 2. 3. 4. | K11: P4 | L11: 可靠性测试 | N11: 待评审 | O11: 0 | P11: 0 | Q11: 4 | U11: 赵海波 | V11: 2024-10-22 19:00:11 | Y11: 1 | AB11: TGFW-V6R01C01 | AD11: 不实现
A12: 254407 | B12: 明御防火墙_通用(#10) | C12: /管理维护/监控统计/日志中心/日志服务器/日志外发(#19384) | D12: (#0) | E12: 验证日志外发udp端口变化时的可靠性 | F12: 1、网元正常启动 2、配置静态路由保证日志服务器网络可达 | G12: 1. 配置开启日志服务器 2. 配置日式过滤为发送所有日志 3. 持续向日志侦听端口写入多种类型的日志 4. 构造${连接}大于200次，在日志服务器上观察日志接收。【check1】 | H12: 1. 【check1】日志服务器上接收到的日志数量和内容正确 2. 3. 4. | I12: 1. 2. 3. 4. | K12: P4 | L12: 可靠性测试 | N12: 待评审 | O12: 0 | P12: 0 | Q12: 4 | U12: 赵海波 | V12: 2024-10-22 19:00:11 | Y12: 1 | AB12: TGFW-V6R01C01 | AD12: 不实现
A13: 254408 | B13: 明御防火墙_通用(#10) | C13: /管理维护/监控统计/日志中心/日志服务器/日志外发(#19384) | D13: (#0) | E13: 验证日志外发使用业务口时的源IP正确 | F13: 1、网元正常启动 2、配置开启日志服务器 | G13: 1. 配置日志服务器，配置静态路由通过业务口发送到日志服务器 2. 配置日式过滤为发送所有日志 3. 持续向日志侦听端口写入多种类型的日志 4. 修改日志外发对应的业务口的IP地址【check1】【check2】 5. 在接口上添加多个IP地址【check1】【check3】 | H13: 1. 【check1】日志服务器上接收到的日志数量和内容正确 2. 【check2】日志服务器上接收到的报文的IP地址与接口的IP地址相同 3. 【check3】日志服务器仍然以第一个IP地址发送日志 4. 5. | I13: 1. 2. 3. 4. 5. | K13: P4 | L13: 可靠性测试 | N13: 待评审 | O13: 0 | P13: 0 | Q13: 5 | U13: 赵海波 | V13: 2024-10-22 19:00:11 | Y13: 1 | AB13: TGFW-V6R01C01 | AD13: 不实现
... A30: 254425 | B30: 明御防火墙_通用(#10) | C30: /管理维护/监控统计/日志中心/日志服务器/外发过滤(#19385) | D30: (#0) | E30: 验证标准格式IPSecVpn日志过滤功能 | F30: 1、网元正常启动 2、配置静态路由保证日志服务器网络可达 3、开启日志服务器 | G30: 1. 持续向日志侦听端口写入IPSecVpn日志的日志 2. 配置开启IPSecVpn日志的日志过滤开关为不发送，发送日志级别仅发送$[过滤级别]的日志，观察日志服务器接收情况。【check1】 3. 配置开启IPSecVpn日志的日志过滤开关为发送，观察日志服务器接收情况。【check3】 | H30: 1. 【check1】日志服务器不能接收到任何IPSecVpn日志的日志 2. 【check2】日志服务器可以接收到IPSecVpn日志的日志，接收到日志的所有字段与写入的字段完全相同 3. | I30: 1. 2. 3. | K30: P2 | L30: 功能测试 | N30: 待评审 | O30: 0 | P30: 0 | Q30: 3 | U30: 赵海波 | V30: 2024-10-22 19:00:20 | Y30: 1 | AB30: TGFW-V6R01C01 | AD30: 待实现
A31: 180252 | B31: 明御防火墙_通用(#10) | C31: /管理维护/监控统计/日志中心/日志服务器/日志外发格式(#19386) | D31: (#0) | E31: 验证电网日志模式时IPv4用户日志外发功能 | F31: 1、防火墙正常启动 2、日志服务器正常启动，并且防火墙到日志服务器路由可达 | G31: 1. 后台命令配置网元的日志模式为电网日志模式。 2. 在防火墙上构造用户登录日志，在日志服务器上观察防火墙外发的日志格式【check1】 3. 在防火墙上构造用户登出日志，在日志服务器上观察防火墙外发的日志格式【check2】 4. 在防火墙上构造用户登录失败日志，在日志服务器上观察防火墙外发的日志格式【check3】 | H31: 1. 【check1】告警级别为告知(5)、类型为0、子类型为1、内容为“用户名<空格>源地址” 2. 【check2】告警级别为告知(5)、类型为0、子类型为2、内容为“用户名<空格>源地址” 3. 【check3】告警级别为一般(4)、类型为0、子类型为3、内容为“用户名<空格>源地址” 4. | I31: 1. 2. 3. 4. | K31: P2 | L31: 功能测试 | N31: 正常 | O31: 0 | P31: 6 | Q31: 4 | R31: 肖洋 | S31: 2024-09-10 14:37:12 | T31: 通过 | U31: 赵海波 | V31: 2024-02-27 11:46:45 | W31: 赵海波 | X31: 2024-10-22 17:14:58 | Y31: 1 | AB31: TGFW-V6R01C00SPC500 | AC31: TGFW | AD31: 不实现
A32: 180253 | B32: 明御防火墙_通用(#10) | C32: /管理维护/监控统计/日志中心/日志服务器/日志外发格式(#19386) | D32: (#0) | E32: 验证电网日志模式时IPv6用户日志外发功能 | F32: 1、防火墙正常启动 2、日志服务器正常启动，并且防火墙到日志服务器路由可达 | G32: 1. 后台命令配置网元的日志模式为电网日志模式。 2. 在防火墙上构造用户登录日志，在日志服务器上观察防火墙外发的日志格式【check1】 3. 在防火墙上构造用户登出日志，在日志服务器上观察防火墙外发的日志格式【check2】 4. 在防火墙上构造用户登录失败日志，在日志服务器上观察防火墙外发的日志格式【check3】 | H32: 1. 【check1】告警级别为告知(5)、类型为0、子类型为1、内容为“用户名<空格>源地址” 2. 【check2】告警级别为告知(5)、类型为0、子类型为2、内容为“用户名<空格>源地址” 3. 【check3】告警级别为一般(4)、类型为0、子类型为3、内容为“用户名<空格>源地址” 4. | I32: 1. 2. 3. 4. | K32: P3 | L32: 功能测试 | N32: 正常 | O32: 0 | P32: 1 | Q32: 4 | R32: 朱玮泽 | S32: 2024-02-28 15:30:18 | T32: 失败 | U32: 赵海波 | V32: 2024-02-27 11:46:45 | W32: 赵海波 | X32: 2024-10-22 17:14:58 | Y32: 1 | AB32: TGFW-V6R01C00SPC500 | AC32: TGFW | AD32: 不实现
A33: 180254 | B33: 明御防火墙_通用(#10) | C33: /管理维护/监控统计/日志中心/日志服务器/日志外发格式(#19386) | D33: (#0) | E33: 验证电网日志模式时CPU利用率日志外发功能 | F33: 1、防火墙正常启动 2、日志服务器正常启动，并且防火墙到日志服务器路由可达 | G33: 1. 后台命令配置网元的日志模式为电网日志模式。 2. 在防火墙上构造CPU使用率超限日志，在日志服务器上观察防火墙外发的日志格式【check1】 3. 在防火墙上构造CPU使用率恢复日志，在日志服务器上观察防火墙外发的日志格式【check1】 | H33: 1. 【check1】告警级别为告知(5)、类型为1、子类型为1、内容为“利用率百分比” 2. 3. | I33: 1. 2. 3. | K33: P3 | L33: 功能测试 | N33: 正常 | O33: 0 | P33: 1 | Q33: 3 | R33: 朱玮泽 | S33: 2024-02-27 17:50:49 | T33: 通过 | U33: 赵海波 | V33: 2024-02-27 11:46:45 | W33: 赵海波 | X33: 2024-10-22 17:14:58 | Y33: 1 | AB33: TGFW-V6R01C00SPC500 | AC33: TGFW | AD33: 不实现
A34: 180255 | B34: 明御防火墙_通用(#10) | C34: /管理维护/监控统计/日志中心/日志服务器/日志外发格式(#19386) | D34: (#0) | E34: 验证电网日志模式时内存使用率日志外发功能 | F34: 1、防火墙正常启动 2、日志服务器正常启动，并且防火墙到日志服务器路由可达 | G34: 1. 后台命令配置网元的日志模式为电网日志模式。 2. 在防火墙上构造内存使用率超限日志，在日志服务器上观察防火墙外发的日志格式【check1】 3. 在防火墙上构造内存使用率恢复日志，在日志服务器上观察防火墙外发的日志格式【check1】 | H34: 1. 【check1】告警级别为告知(5)、类型为1、子类型为2、内容为“利用率百分比” 2. 3. | I34: 1. 2. 3. | K34: P3 | L34: 功能测试 | N34: 正常 | O34: 0 | P34: 1 | Q34: 3 | R34: 朱玮泽 | S34: 2024-02-27 17:52:32 | T34: 通过 | U34: 赵海波 | V34: 2024-02-27 11:46:45 | W34: 赵海波 | X34: 2024-10-22 17:14:58 | Y34: 1 | AB34: TGFW-V6R01C00SPC500 | AC34: TGFW | AD34: 不实现
A35: 180256 | B35: 明御防火墙_通用(#10) | C35: /管理维护/监控统计/日志中心/日志服务器/日志外发格式(#19386) | D35: (#0) | E35: 验证电网日志模式时温度异常日志外发功能 | F35: 1、防火墙正常启动 2、日志服务器正常启动，并且防火墙到日志服务器路由可达 | G35: 1. 后台命令配置网元的日志模式为电网日志模式。 2. 在防火墙上构造温度异常日志，在日志服务器上观察防火墙外发的日志格式【check1】 3. 在防火墙上构造温度异常恢复日志，在日志服务器上观察防火墙外发的日志格式【check1】 | H35: 1. 【check1】告警级别为紧急(1)、类型为1、子类型为5、内容为“温度超限描述和具体温度” 2. 3. | I35: 1. 2. 3. | K35: P3 | L35: 功能测试 | N35: 正常 | O35: 0 | P35: 1 | Q35: 3 | R35: 朱玮泽 | S35: 2024-02-27 17:52:42 | T35: 失败 | U35: 赵海波 | V35: 2024-02-27 11:46:45 | W35: 赵海波 | X35: 2024-10-22 17:14:58 | Y35: 1 | AB35: TGFW-V6R01C00SPC500 | AC35: TGFW | AD35: 不实现
A36: 180257 | B36: 明御防火墙_通用(#10) | C36: /管理维护/监控统计/日志中心/日志服务器/日志外发格式(#19386) | D36: (#0) | E36: 验证电网日志模式时网口状态日志外发功能 | F36: 1、防火墙正常启动 2、日志服务器正常启动，并且防火墙到日志服务器路由可达 | G36: 1. 后台命令配置网元的日志模式为电网日志模式。 2. 在防火墙上构造物理口状态异常日志，在日志服务器上观察防火墙外发的日志格式【check1】 3. 在防火墙上构造物理口状态恢复日志，在日志服务器上观察防火墙外发的日志格式【check2】 4. 在防火墙上构造逻辑口状态异常日志，在日志服务器上观察防火墙外发的日志格式【check1】 5. 在防火墙上构造逻辑口状态恢复日志，在日志服务器上观察防火墙外发的日志格式【check2】 | H36: 1. 【check1】告警级别为重要(4)、类型为1、子类型为7、内容为“接口名称和状态” 2. 【check2】告警级别为重要(4)、类型为1、子类型为8、内容为“接口名称和状态” 3. 4. 5. | I36: 1. 2. 3. 4. 5. | K36: P3 | L36: 功能测试 | N36: 正常 | O36: 0 | P36: 2 | Q36: 5 | R36: 朱玮泽 | S36: 2024-02-29 17:28:48 | T36: 通过 | U36: 赵海波 | V36: 2024-02-27 11:46:45 | W36: 赵海波 | X36: 2024-10-22 17:14:58 | Y36: 1 | AB36: TGFW-V6R01C00SPC500 | AC36: TGFW | AD36: 不实现
A37: 180258 | B37: 明御防火墙_通用(#10) | C37: /管理维护/监控统计/日志中心/日志服务器/日志外发格式(#19386) | D37: (#0) | E37: 验证电网日志模式时IPv4访问控制策略变化日志外发功能 | F37: 1、防火墙正常启动 2、日志服务器正常启动，并且防火墙到日志服务器路由可达 | G37: 1. 后台命令配置网元的日志模式为电网日志模式。 2. 在防火墙上构造添加IPv4访问控制策略日志，在日志服务器上观察防火墙外发的日志格式【check1】 3. 在防火墙上构造修改IPv4访问控制策略日志，在日志服务器上观察防火墙外发的日志格式【check1】 4. 在防火墙上构造删除IPv4访问控制策略日志，在日志服务器上观察防火墙外发的日志格式【check2】 | H37: 1. 【check1】告警级别为告知(4)、类型为0、子类型为4、内容为“用户名<空格>源地址<空格>修改内容（包含策略 ID）” 2. 3. 4. | I37: 1. 2. 3. 4. | K37: P2 | L37: 功能测试 | N37: 正常 | O37: 0 | P37: 5 | Q37: 4 | R37: 肖洋 | S37: 2024-09-10 14:37:12 | T37: 通过 | U37: 赵海波 | V37: 2024-02-27 11:46:45 | W37: 赵海波 | X37: 2024-10-22 17:14:58 | Y37: 1 | AB37: TGFW-V6R01C00SPC500 | AC37: TGFW | AD37: 不实现
A38: 180259 | B38: 明御防火墙_通用(#10) | C38: /管理维护/监控统计/日志中心/日志服务器/日志外发格式(#19386) | D38: (#0) | E38: 验证电网日志模式时IPv6访问控制策略变化日志外发功能 | F38: 1、防火墙正常启动 2、日志服务器正常启动，并且防火墙到日志服务器路由可达 | G38: 1. 后台命令配置网元的日志模式为电网日志模式。 2. 在防火墙上构造添加IPv6访问控制策略日志，在日志服务器上观察防火墙外发的日志格式【check1】 3. 在防火墙上构造修改IPv6访问控制策略日志，在日志服务器上观察防火墙外发的日志格式【check1】 4. 在防火墙上构造删除IPv6访问控制策略日志，在日志服务器上观察防火墙外发的日志格式【check2】 | H38: 1. 【check1】告警级别为告知(4)、类型为0、子类型为4、内容为“用户名<空格>源地址<空格>修改内容（包含策略 ID）” 2. 3. 4. | I38: 1. 2. 3. 4. | K38: P3 | L38: 功能测试 | N38: 正常 | O38: 0 | P38: 1 | Q38: 4 | R38: 朱玮泽 | S38: 2024-02-27 17:53:21 | T38: 阻塞 | U38: 赵海波 | V38: 2024-02-27 11:46:45 | W38: 赵海波 | X38: 2024-10-22 17:14:58 | Y38: 1 | AB38: TGFW-V6R01C00SPC500 | AC38: TGFW | AD38: 不实现
A39: 180260 | B39: 明御防火墙_通用(#10) | C39: /管理维护/监控统计/日志中心/日志服务器/日志外发格式(#19386) | D39: (#0) | E39: 验证电网日志模式时不符合安全策略访问日志外发功能 | F39: 1、防火墙正常启动 2、日志服务器正常启动，并且防火墙到日志服务器路由可达 | G39: 1. 后台命令配置网元的日志模式为电网日志模式。 2. 在防火墙上构造IPv4控制策略阻断日志日志，在日志服务器上观察防火墙外发的日志格式【check1】 3. 在防火墙上构造IPv6控制策略阻断日志日志，在日志服务器上观察防火墙外发的日志格式【check1】 | H39: 1. 【check1】告警级别为重要(2)、类型为3、子类型为1、内容为“协议<空格>源 IP 地址<空格>源端口<空格>目的 IP 地址<空格>目的端口” 2. 3. | I39: 1. 2. 3. | K39: P2 | L39: 功能测试 | N39: 正常 | O39: 0 | P39: 6 | Q39: 3 | R39: 肖洋 | S39: 2024-09-10 14:37:12 | T39: 通过 | U39: 赵海波 | V39: 2024-02-27 11:46:45 | W39: 赵海波 | X39: 2024-10-22 17:14:58 | Y39: 1 | AB39: TGFW-V6R01C00SPC500 | AC39: TGFW | AD39: 不实现
A40: 180261 | B40: 明御防火墙_通用(#10) | C40: /管理维护/监控统计/日志中心/日志服务器/日志外发格式(#19386) | D40: (#0) | E40: 验证电网日志模式时安全攻击日志外发功能 | F40: 1、防火墙正常启动 2、日志服务器正常启动，并且防火墙到日志服务器路由可达 | G40: 1. 后台命令配置网元的日志模式为电网日志模式，并在防火墙日志过滤中配置配置发送所有安全日志, 2. 在防火墙上构造IPv4地址任意安全攻击日志，在日志服务器观察该额接收到的日志【check1】【check2】 3. 在防火墙上构造IPv6地址任意安全攻击日志，在日志服务器观察该额接收到的日志【check1】【check2】 | H40: 1. 【check1】新产生的安全攻击日志可以被接收到 2. 【check2】告警级别为紧急(1),类型为3,子类型为2,内容为“协议<空格>攻击类型<空格>攻击源 IP 地址<空格>攻击源端口<空格>攻击目标IP 地址<空格>攻击目标端口” 3. | I40: 1. 2. 3. | K40: P2 | L40: 功能测试 | N40: 正常 | O40: 0 | P40: 6 | Q40: 3 | R40: 肖洋 | S40: 2024-09-10 14:37:12 | T40: 通过 | U40: 赵海波 | V40: 2024-02-27 11:46:45 | W40: 赵海波 | X40: 2024-10-22 17:14:58 | Y40: 1 | AB40: TGFW-V6R01C00SPC500 | AC40: TGFW | AD40: 不实现
A41: 180262 | B41: 明御防火墙_通用(#10) | C41: /管理维护/监控统计/日志中心/日志服务器/日志外发格式(#19386) | D41: (#0) | E41: 验证电网日志模式时系统日志外发过滤功能 | F41: 1、防火墙正常启动 2、日志服务器正常启动，并且防火墙到日志服务器路由可达 | G41: 1. 后台命令配置网元的日志模式为电网日志模式。 2. 配置防火墙日志过滤，选择系统日志为不发送。 3. 在设备上个构造用户登录日志（登录成功、登录失败和登出日志），在日志服务器上观察日志接收情况。【check1】 4. 在设备上个构造CPU使用率日志，在日志服务器上观察日志接收情况。【check1】 5. 在设备上个构造内存使用率日志，在日志服务器上观察日志接收情况。【check1】 6. 在设备上个构造温度异常日志，在日志服务器上观察日志接收情况。【check1】 7. 在设备上个构造网口状态日志（网口异常或网口恢复），在日志服务器上观察日志接收情况。【check1】 | H41: 1. 【check1】日志服务器不会接收到构造的日志系统日志。 2. 3. 4. 5. 6. 7. | I41: 1. 2. 3. 4. 5. 6. 7. | K41: P3 | L41: 功能测试 | N41: 正常 | O41: 0 | P41: 1 | Q41: 7 | R41: 朱玮泽 | S41: 2024-02-27 19:13:38 | T41: 通过 | U41: 赵海波 | V41: 2024-02-27 11:46:45 | W41: 赵海波 | X41: 2024-10-22 17:14:58 | Y41: 1 | AB41: TGFW-V6R01C00SPC500 | AC41: TGFW | AD41: 不实现
A42: 180263 | B42: 明御防火墙_通用(#10) | C42: /管理维护/监控统计/日志中心/日志服务器/日志外发格式(#19386) | D42: (#0) | E42: 验证电网日志模式时操作日志外发过滤功能 | F42: 1、防火墙正常启动 2、日志服务器正常启动，并且防火墙到日志服务器路由可达 | G42: 1. 后台命令配置网元的日志模式为电网日志模式。 2. 配置防火墙日志过滤，选择操作日志为不发送。 3. 在设备上个构造IPv4访问控制策略变化日志，在日志服务器上观察日志接收情况。【check1】 4. 在设备上个构造IPv6访问控制策略变化日志，在日志服务器上观察日志接收情况。【check1】 5. 配置防火墙的日志过滤，选择操作日志为要发送。 6. 在设备上个构造IPv4访问控制策略变化日志，在日志服务器上观察日志接收情况。【check2】 7. 在设备上个构造IPv6访问控制策略变化日志，在日志服务器上观察日志接收情况。【check2】 | H42: 1. 【check1】日志服务器不会接收到构造的日志系统日志。 2. 【check2】日志服务器可以接收到构造的日志系统日志。 3. 4. 5. 6. 7. | I42: 1. 2. 3. 4. 5. 6. 7. | K42: P2 | L42: 功能测试 | N42: 正常 | O42: 0 | P42: 8 | Q42: 7 | R42: 肖洋 | S42: 2024-09-10 14:37:12 | T42: 通过 | U42: 赵海波 | V42: 2024-02-27 11:46:45 | W42: 赵海波 | X42: 2024-10-22 17:14:58 | Y42: 1 | AB42: TGFW-V6R01C00SPC500 | AC42: TGFW | AD42: 不实现
... A56: 180277 | B56: 明御防火墙_通用(#10) | C56: /管理维护/监控统计/日志中心/日志服务器/日志外发格式(#19386) | D56: (#0) | E56: 验证电网日志模式时不支持日志外发过滤功能 | F56: 1、防火墙正常启动 2、日志服务器正常启动，并且防火墙到日志服务器路由可达 | G56: 1. 后台命令配置网元的日志模式为电网日志模式。 2. 配置防火墙日志，所有日志的选项均为要发送。 3. 在设备上个构造流量日志（NAT日志和流日志），在日志服务器上观察日志接收情况。【check1】 4. 在设备上个构造不支持的电网发送的系统日志（HA异常、进程异常等），在日志服务器上观察日志接收情况。【check1】 5. 在设备上个构造非访问控制策略的操作日志，在日志服务器上观察日志接收情况。【check1】 | H56: 1. 2. 3. 4. 5. 【check1】日志服务器不会接收到构造的日志系统日志。 | I56: 1. 2. 3. 4. 5. | K56: P4 | L56: 可靠性测试 | N56: 正常 | O56: 0 | P56: 1 | Q56: 5 | R56: 朱玮泽 | S56: 2024-02-27 19:25:49 | T56: 失败 | U56: 赵海波 | V56: 2024-02-27 11:46:45 | W56: 赵海波 | X56: 2024-10-22 17:14:58 | Y56: 1 | AB56: TGFW-V6R01C00SPC500 | AC56: TGFW | AD56: 不实现
A57: 180278 | B57: 明御防火墙_通用(#10) | C57: /管理维护/监控统计/日志中心/日志服务器/日志外发格式(#19386) | D57: (#0) | E57: 验证电网日志模式下大量的日志往外发功能 | F57: 1、防火墙正常启动 2、日志服务器正常启动，并且防火墙到日志服务器路由可达 | G57: 1. 后台命令配置网元的日志模式为电网格式。 2. 配置防火墙日志过滤，选择所有日志为要发送。 3. 打入流量产生大量的安全日志和策略阻断日志，同时进行挂脚本进行安全策略修改，使每s钟产生的日志接近200条左右。 4. 观察防火墙状态。【check1】【check2】 5. 在日志服务器观察接收到的日志。【check3】 | H57: 1. 【check1】influxd，dbtask，agent进程占用内存和CPU使用率增加合理，且无内存泄漏。 2. 【check2】网元可以正常进行访问和操作。 3. 【check3】日志服务器可以接收到产生的日志。且格式正确。 4. 5. | I57: 1. 2. 3. 4. 5. | K57: P4 | L57: 可靠性测试 | N57: 正常 | O57: 0 | P57: 2 | Q57: 5 | R57: 朱玮泽 | S57: 2024-03-01 13:51:08 | T57: 通过 | U57: 赵海波 | V57: 2024-02-27 11:46:45 | W57: 赵海波 | X57: 2024-10-22 17:14:58 | Y57: 2 | AA57: TGFW-V6R01C00SPC600 | AB57: TGFW-V6R01C00SPC500 | AC57: TGFW | AD57: 不实现
A58: 180279 | B58: 明御防火墙_通用(#10) | C58: /管理维护/监控统计/日志中心/日志服务器/日志外发格式(#19386) | D58: (#0) | E58: 验证日志格式配置功能 | F58: 1、防火墙正常启动 2、日志服务器正常启动，并且防火墙到日志服务器路由可达 | G58: 1. 新安装设备，查看日志格式，并观察/appdata/etc目录【check1】 2. 使用set logformat修改日志格式为电网格式后查询日志格式，并观察/appdata/etc目录【check2】 3. 使用set logformat修改日志格式为s6000_fw格式后查询日志格式，并观察/appdata/etc目录【check2】 4. 使用set logformat修改日志格式为s6000_ips格式后查询日志格式，并观察/appdata/etc目录【check2】 5. 使用set logformat修改日志格式为标准格式后查询日志格式，并观察/appdata/etc目录【check1】 | H58: 1. 【check1】日志格式标准格式，/appdata/etc目录下没有dianlilog_mark,s6000_fw_mark,s6000_ips_mark任意一个文件 2. 【check2】日志格式电网格式，/appdata/etc目录下存在dianlilog_mark文件，不存在,s6000_fw_mark,s6000_ips_mark 3. 【check3】日志格式s6000_fw格式，/appdata/etc目录下存在s6000_fw_mark文件，不存在dianlilog_mark和,s6000_ips_mark 4. 【check4】日志格式为s6000_ips格式，/appdata/etc目录下存在s6000_ips_mark文件，不存在,dianlilog_mark和s6000_fw_mark 5. | I58: 1. 2. 3. 4. 5. | K58: P1 | L58: 功能测试 | N58: 待评审 | O58: 5 | P58: 2 | Q58: 5 | R58: 赵海波 | S58: 2024-05-22 18:30:31 | T58: 失败 | U58: 赵海波 | V58: 2024-02-27 11:46:45 | W58: 赵海波 | X58: 2024-10-22 17:14:58 | Y58: 3 | AA58: TGFW-V6R01C00SPC600 | AB58: TGFW-V6R01C00SPC500 | AC58: TGFW | AD58: 不实现
A59: 180280 | B59: 明御防火墙_通用(#10) | C59: /管理维护/监控统计/日志中心/日志服务器/日志外发格式(#19386) | D59: (#0) | E59: 验证电网日志格式开关导入和导出功能 | F59: 1、防火墙正常启动 2、日志服务器正常启动，并且防火墙到日志服务器路由可达 | G59: 1. 在防火墙上配置日志外发模式为任意非默认的格式。 2. 导出系统配置。【check1】 3. 在防火墙上配置日志格式为任意其他格式。 4. 导入步骤2中导出的配置，设备启动后观察日志外发格式。【check2】 5. 在设备上构造任意需要外发的日志，在服务器上观察接收到的日志。【check3】 | H59: 1. 【check1】配置正常导出 2. 【check2】日志正常导出，导出的日志格式正确。 3. 【check3】服务器上收到的日志格式与导入配置的格式相同。 4. 5. | I59: 1. 2. 3. 4. 5. | K59: P4 | L59: 可靠性测试 | N59: 正常 | O59: 0 | P59: 2 | Q59: 5 | R59: 赵海波 | S59: 2024-07-19 14:46:35 | T59: 阻塞 | U59: 赵海波 | V59: 2024-02-27 11:46:45 | W59: 赵海波 | X59: 2024-10-22 17:14:58 | Y59: 2 | AB59: TGFW-V6R01C00SPC500 | AC59: TGFW | AD59: 不实现
A60: 180281 | B60: 明御防火墙_通用(#10) | C60: /管理维护/监控统计/日志中心/日志服务器/日志外发格式(#19386) | D60: (#0) | E60: 验证反复修改日志格式后日志外发功能正常 | F60: 1、防火墙正常启动 2、日志服务器正常启动，并且防火墙到日志服务器路由可达 3、在防火墙上配置日志外发格式为任意格式。 | G60: 1. 在设备上构造任意需要外发的日志，在服务器上观察接收到的日志。【check1】 2. 在设备上持续同时构造普通格式、电网格式、s6000_fw格式和s6000_ips需要外发的日志，在日志服务器上观察接收到的日志。【check2】 3. 反复修改日志格式为普通格式、电网格式、s6000_fw格式和s6000_ips格式200次以上，观察日设备运行情况。【check3】 4. 在日志服务器上观察接收到的日志。【check4】 | H60: 1. 【check1】服务器上接收到的日志格式正确。 2. 【check2】在步骤1配置的日志格式下支持外发的日志与配置的格式相同。步骤1中配置的日志格式不支持外发的日志发送的日志为标准格式。 3. 【check3】设备无异常重启，CPU和内存占用不会增加 4. 【check4】在步骤3最后配置的日志格式下支持外发的日志与配置的格式相同。步骤3中最后配置的日志格式不支持外发的日志发送的日志为标准格式。 | I60: 1. 2. 3. 4. | K60: P4 | L60: 可靠性测试 | N60: 正常 | O60: 0 | P60: 2 | Q60: 4 | R60: 赵海波 | S60: 2024-07-22 11:48:18 | T60: 通过 | U60: 赵海波 | V60: 2024-02-27 11:46:45 | W60: 赵海波 | X60: 2024-10-22 17:14:58 | Y60: 2 | AA60: TGFW-V6R01C00SPC600 | AB60: TGFW-V6R01C00SPC500 | AC60: TGFW | AD60: 不实现
A61: 180282 | B61: 明御防火墙_通用(#10) | C61: /管理维护/监控统计/日志中心/日志服务器/日志外发格式(#19386) | D61: (#0) | E61: 验证电网日志格式重启恢复 | F61: 1、防火墙正常启动 2、日志服务器正常启动，并且防火墙到日志服务器路由可达 | G61: 1. 在设备上构造任意需要外发的日志，在服务器上观察接收到的日志。【check1】 2. 在设备上持续同时构造普通格式、电网格式、s6000_fw格式和s6000_ips需要外发的日志，在日志服务器上观察接收到的日志。【check2】 3. 重启防火墙，防火墙启动后观察日志格式【check1】 4. 配置设备日志格式为任意其他格式，在服务器上观察接收到的日志。【check3】【check4】 | H61: 1. 【check1】服务器上接收到的日志格式正确。 2. 【check2】在步骤1配置的日志格式下支持外发的日志与配置的格式相同。步骤1中配置的日志格式不支持外发的日志发送的日志为标准格式。 3. 【check3】配置成功 4. 【check4】在步骤4最后配置的日志格式下支持外发的日志与配置的格式相同。步骤4中最后配置的日志格式不支持外发的日志发送的日志为标准格式。 | I61: 1. 2. 3. 4. | K61: P4 | L61: 可靠性测试 | N61: 正常 | O61: 0 | P61: 3 | Q61: 4 | R61: 赵海波 | S61: 2024-07-19 14:43:53 | T61: 通过 | U61: 赵海波 | V61: 2024-02-27 11:46:45 | W61: 赵海波 | X61: 2024-10-22 17:14:58 | Y61: 2 | AA61: TGFW-V6R01C00SPC600 | AB61: TGFW-V6R01C00SPC500 | AC61: TGFW | AD61: 不实现
A62: 180283 | B62: 明御防火墙_通用(#10) | C62: /管理维护/监控统计/日志中心/日志服务器/日志外发格式(#19386) | D62: (#0) | E62: 验证电网日志格式升级功能 | F62: 1、防火墙正常启动 2、日志服务器正常启动，并且防火墙到日志服务器路由可达 | G62: 1. 在防火墙安装不支持配置日志格式的版本后将设备升级到支持格式配置的版本。 2. 后台查看系统日志外发模式【check1】。 3. 在设备上构造任意需要外发的日志，在服务器上观察接收到的日志。【check2】 4. 在设备上配置日志外发格式为任意非默认模式，在设备上查看日志格式【check3】 5. 在设备上构造任意需要外发的日志，在服务器上观察接收到的日志。【check4】 | H62: 1. 【check1】日志外发模式默认为标准模式。 2. 【check2】服务器上收到的日志格式为标准格式。 3. 【check3】日志外发模式为配置的格式。 4. 【check4】服务器上收到的日志格式与配置的格式相同。 5. | I62: 1. 2. 3. 4. 5. | K62: P4 | L62: 耦合测试 | N62: 正常 | O62: 0 | P62: 0 | Q62: 5 | U62: 赵海波 | V62: 2024-02-27 11:46:45 | W62: 赵海波 | X62: 2024-10-22 17:14:58 | Y62: 2 | AA62: TGFW-V6R01C00SPC600 | AB62: TGFW-V6R01C00SPC500 | AC62: TGFW | AD62: 不实现
A63: 180284 | B63: 明御防火墙_通用(#10) | C63: /管理维护/监控统计/日志中心/日志服务器/日志外发格式(#19386) | D63: (#0) | E63: 验证电网日志外发协议仅支持syslog功能 | F63: 1、防火墙正常启动 2、日志服务器正常启动，并且防火墙到日志服务器路由可达 | G63: 1. 后台命令配置网元的日志模式为电网日志模式。 2. 配置日志外发协议为restAPI，构造任意电网外发日志，在日志服务器观察接收到的日志。【check1】 3. 配置日志外发协议未syslog，构造任意电网外发日志，在日志服务器观察接收到的日志。【check1】 | H63: 1. 【check1】日志服务器正常接收到触发的日志 2. 【check2】接收到的日志为restAPI常规格式，且日志内容正确 3. 【check3】接收到的日志为syslog电网格式，且日志内容正确 | I63: 1. 2. 3. | K63: P3 | L63: 功能测试 | N63: 正常 | O63: 0 | P63: 2 | Q63: 3 | R63: 朱玮泽 | S63: 2024-02-29 19:30:41 | T63: 通过 | U63: 赵海波 | V63: 2024-02-27 13:50:27 | W63: 赵海波 | X63: 2024-10-22 17:14:58 | Y63: 2 | AB63: TGFW-V6R01C00SPC500 | AC63: TGFW | AD63: 不实现
A64: 207775 | B64: 明御防火墙_通用(#10) | C64: /管理维护/监控统计/日志中心/日志服务器/日志外发格式(#19386) | D64: (#0) | E64: 验证日志发送格式为s6000_fw时心跳日志发送功能 | F64: 1、防火墙正常启动 2、日志服务器正常启动，并且防火墙到日志服务器路由可达 | G64: 1. 后台命令配置网元的日志模式为s6000_fw模式。 2. 在日志服务器观察接收到的设备心跳日志的内容【check1】【check2】 3. 修改设备管理口（有独立管理口的设备为Admin口，无独立管理口的设备为GE0_1）的IPv4地址，配置日志服务器后，观察服务器接收到的基本信息日志。【check2】 4. 修改设备管理口（有独立管理口的设备为Admin口，无独立管理口的设备为GE0_1）的IPv4地址，配置日志服务器后，观察服务器接收到的基本信息日志。【check2】 5. 删除管理口的IPv4地址或者IPv6地址，配置日志服务器后，观察服务器接收到的基本信息日志。【check3】 | H64: 1. 【check1】日志格式和所有字段信息正确。日志格式为：设备厂商|*设备类型|*日志类型|*设备IPV4|*设备IPV6|*时间|*设备版本号|*内存占用百分比。内容参考为：安恒|*1|*0|*192.168.1.1|*2001:0000:1F1F:0000:0000:0100:11A0:ADDF|*2019-01-08 12:50:00|* V6.0.0|*90 2. 【check2】报文的设备IPv4地址和IPv6地址正确（有管理口的设备地址为Admin口地址，没有独立管理口的设备地址为GE0_1的地址） 3. 【check3】设备地址为空时仅该字段为空，其他字段正确且无错位 4. 5. | I64: 1. 2. 3. 4. 5. | K64: P2 | L64: 功能测试 | N64: 正常 | O64: 0 | P64: 5 | Q64: 5 | R64: 江元芮 | S64: 2024-09-25 11:27:19 | T64: 通过 | U64: 赵海波 | V64: 2024-05-22 15:48:23 | W64: 赵海波 | X64: 2024-10-22 17:14:58 | Y64: 2 | AB64: TGFW-V6R01C00SPC600 | AC64: TGFW | AD64: 不实现
A65: 207776 | B65: 明御防火墙_通用(#10) | C65: /管理维护/监控统计/日志中心/日志服务器/日志外发格式(#19386) | D65: (#0) | E65: 验证日志发送格式为s6000_ips时心跳日志发送功能 | F65: 1、防火墙正常启动 2、日志服务器正常启动，并且防火墙到日志服务器路由可达 | G65: 1. 后台命令配置网元的日志模式为s6000_ips模式。 2. 在日志服务器观察接收到的设备心跳日志的内容【check1】【check2】 3. 修改设备管理口（有独立管理口的设备为Admin口，无独立管理口的设备为GE0_1）的IPv4地址，配置日志服务器后，观察服务器接收到的基本信息日志。【check2】 4. 修改设备管理口（有独立管理口的设备为Admin口，无独立管理口的设备为GE0_1）的IPv4地址，配置日志服务器后，观察服务器接收到的基本信息日志。【check2】 5. 删除管理口的IPv4地址或者IPv6地址，配置日志服务器后，观察服务器接收到的基本信息日志。【check3】 | H65: 1. 【check1】日志格式和所有字段信息正确。日志格式为：设备厂商|*设备类型|*日志类型|*设备IPV4|*设备IPV6|*时间|*设备版本号|*内存占用百分比。内容参考为：安恒|*3|*0|*192.168.1.1|*2001:0000:1F1F:0000:0000:0100:11A0:ADDF|*2019-01-08 12:50:00|* V6.0.0|*90 2. 【check2】报文的设备IPv4地址和IPv6地址正确（有管理口的设备地址为Admin口地址，没有独立管理口的设备地址为GE0_1的地址） 3. 【check3】设备地址为空时仅该字段为空，其他字段正确且无错位 4. 5. | I65: 1. 2. 3. 4. 5. | K65: P3 | L65: 功能测试 | N65: 正常 | O65: 1 | P65: 2 | Q65: 5 | R65: 赵海波 | S65: 2024-07-19 14:47:05 | T65: 通过 | U65: 赵海波 | V65: 2024-05-22 15:48:23 | W65: 赵海波 | X65: 2024-10-22 17:14:58 | Y65: 2 | AB65: TGFW-V6R01C00SPC600 | AC65: TGFW | AD65: 不实现
A66: 207777 | B66: 明御防火墙_通用(#10) | C66: /管理维护/监控统计/日志中心/日志服务器/日志外发格式(#19386) | D66: (#0) | E66: 验证日志发送格式为s6000_fw时基本信息发送功能 | F66: 1、防火墙正常启动 2、日志服务器正常启动，并且防火墙到日志服务器路由可达 | G66: 1. 后台命令配置网元的日志模式为s6000_fw模式。 2. 在日志服务器观察接收到的设备基本信息的内容【check1】 3. 检查URL特征库、病毒特征库、Web防护特征库、IPS特征库和应用识别特征库的版本和时间均正确。【check2】 | H66: 1. 【check1】日志格式和信息正确。日志格式为：设备厂商|*设备类型|*日志类型|*设备IPV4|*设备IPV6|*设备MAC|*特征库版本信息|*特征库更新时间。发送内容参考为：安恒|*1|*3|*192.168.1.1|*2001:0000:1F1F:0000:0000:0100:11A0:ADDF |* AA-BB-CC-DD-EE-FF|*V1.10.1|*2019-01-10 12:50:00 2. 【check2】URL特征库、精度特征库、Web防护特征库、IPS特征库、应用识别特征库每个特征库会发送一条基本信息日志，特征库版本正确。 3. 【check3】URL特征库、精度特征库、Web防护特征库、IPS特征库、应用识别特征库的更新时间为升级日志中记录的最新时间，如果升级日志中没有改特征库的升级记录则为空。 | I66: 1. 2. 3. | K66: P3 | L66: 功能测试 | N66: 正常 | O66: 0 | P66: 2 | Q66: 3 | R66: 赵海波 | S66: 2024-07-19 14:47:16 | T66: 通过 | U66: 赵海波 | V66: 2024-05-22 15:48:23 | W66: 赵海波 | X66: 2024-10-22 17:14:58 | Y66: 1 | AB66: TGFW-V6R01C00SPC600 | AC66: TGFW | AD66: 不实现
A67: 207778 | B67: 明御防火墙_通用(#10) | C67: /管理维护/监控统计/日志中心/日志服务器/日志外发格式(#19386) | D67: (#0) | E67: 验证日志发送格式为s6000_ips时基本信息发送功能 | F67: 1、防火墙正常启动 2、日志服务器正常启动，并且防火墙到日志服务器路由可达 | G67: 1. 后台命令配置网元的日志模式为s6000_ips模式。 2. 在日志服务器观察接收到的设备基本信息的内容【check1】 3. 检查URL特征库、病毒特征库、Web防护特征库、IPS特征库和应用识别特征库的版本和时间均正确。【check2】 | H67: 1. 【check1】日志格式和信息正确。日志格式为：设备厂商|*设备类型|*日志类型|*设备IPV4|*设备IPV6|*设备MAC|*特征库版本信息|*特征库更新时间。发送内容参考为：安恒|*3|*3|*192.168.1.1|*2001:0000:1F1F:0000:0000:0100:11A0:ADDF |* AA-BB-CC-DD-EE-FF|*V1.10.1|*2019-01-10 12:50:00 2. 【check2】IPS特征库会发送一条基本信息日志，特征库版本正确。 3. 【check3】URL特征库、精度特征库、Web防护特征库、IPS特征库、应用识别特征库的更新时间为升级日志中记录的最新时间，如果升级日志中没有改特征库的升级记录则为空。 | I67: 1. 2. 3. | K67: P3 | L67: 功能测试 | N67: 正常 | O67: 1 | P67: 3 | Q67: 3 | R67: 江元芮 | S67: 2024-09-25 11:26:12 | T67: 通过 | U67: 赵海波 | V67: 2024-05-22 15:48:23 | W67: 赵海波 | X67: 2024-10-22 17:14:58 | Y67: 2 | AA67: TGFW-V6R01C00SPC610 | AB67: TGFW-V6R01C00SPC600 | AC67: TGFW | AD67: 不实现
A68: 207779 | B68: 明御防火墙_通用(#10) | C68: /管理维护/监控统计/日志中心/日志服务器/日志外发格式(#19386) | D68: (#0) | E68: 验证日志发送格式为s6000_fw时IPv4包过滤日志发送功能 | F68: 1、防火墙正常启动 2、日志服务器正常启动，并且防火墙到日志服务器路由可达 | G68: 1. 后台命令配置网元的日志模式为s6000_fw模式。 2. 构造IPv4访问控制策略阻断流量，在日志服务器观察接收到的设备基本信息的内容和频率【check1】【check2】 3. 构造IPv4访问控制策略允许流量，在日志服务器观察接收到的设备基本信息的内容和频率【check1】【check2】 | H68: 1. 【check1】日志格式为：设备厂商|*设备类型|*日志类型|*设备IPV4|*设备IPV6|*流量时间|*源IP|*源端口|*目的IP|*目的端口|*传输协议|*策略动作。参考日志内容为：源目的IP为IPv6版本：安恒|*1|*2|*192.168.1.1|*2001:0000:1F1F:0000:0000:0100:11A0:ADDF |*2019-01-08 12:50:00|*2001:0000:1F1F:0000:0000:0100:11A0:ADDD|*99|*2001:0000:1F1F:0000:0000:0100:11A0:ADDC |*22|*http|*0 2. 【check2】包过滤日志发送为实时发送 3. | I68: 1. 2. 3. | K68: P3 | L68: 功能测试 | N68: 正常 | O68: 0 | P68: 3 | Q68: 3 | R68: 赵海波 | S68: 2024-07-19 14:47:39 | T68: 失败 | U68: 赵海波 | V68: 2024-05-22 15:48:23 | W68: 赵海波 | X68: 2024-10-22 17:14:58 | Y68: 2 | AB68: TGFW-V6R01C00SPC600 | AC68: TGFW | AD68: 不实现
A69: 207780 | B69: 明御防火墙_通用(#10) | C69: /管理维护/监控统计/日志中心/日志服务器/日志外发格式(#19386) | D69: (#0) | E69: 验证日志发送格式为s6000_fw时IPv6包过滤日志发送功能 | F69: 1、防火墙正常启动 2、日志服务器正常启动，并且防火墙到日志服务器路由可达 | G69: 1. 后台命令配置网元的日志模式为s6000_fw模式。 2. 构造IPv6访问控制策略阻断流量，在日志服务器观察接收到的设备基本信息的内容和频率【check1】【check2】 3. 构造IPv6访问控制策略允许流量，在日志服务器观察接收到的设备基本信息的内容和频率【check1】【check2】 | H69: 1. 2. 3. 【check1】日志格式为：设备厂商|*设备类型|*日志类型|*设备IPV4|*设备IPV6|*流量时间|*源IP|*源端口|*目的IP|*目的端口|*传输协议|*策略动作。参考日志内容为：源目的IP为IPv6版本：安恒|*1|*2|*192.168.1.1|*2001:0000:1F1F:0000:0000:0100:11A0:ADDF |*2019-01-08 12:50:00|*2001:0000:1F1F:0000:0000:0100:11A0:ADDD|*99|*2001:0000:1F1F:0000:0000:0100:11A0:ADDC |*22|*http|*0 【check2】包过滤日志发送为实时发送 | I69: 1. 2. 3. | K69: P3 | L69: 功能测试 | N69: 正常 | O69: 0 | P69: 3 | Q69: 3 | R69: 江元芮 | S69: 2024-09-25 11:22:32 | T69: 通过 | U69: 赵海波 | V69: 2024-05-22 15:48:23 | W69: 赵海波 | X69: 2024-10-22 17:14:58 | Y69: 1 | AB69: TGFW-V6R01C00SPC600 | AC69: TGFW | AD69: 不实现
A70: 207781 | B70: 明御防火墙_通用(#10) | C70: /管理维护/监控统计/日志中心/日志服务器/日志外发格式(#19386) | D70: (#0) | E70: 验证日志发送格式为s6000_ips时告警日志发送功能 | F70: 1、防火墙正常启动 2、日志服务器正常启动，并且防火墙到日志服务器路由可达 | G70: 1. 后台命令配置网元的日志模式为s6000_ips模式。 2. 构造IPv4流量触发的IPS日志，在日志服务器观察接收到的设备基本信息的内容和频率【check1】【check2】 3. 构造IPv6流量触发的IPS日志，在日志服务器观察接收到的设备基本信息的内容和频率【check1】【check2】 | H70: 1. 【check1】日志格式为：设备厂商|*设备类型|*日志类型|*设备IPV4|*设备IPV6|*告警级别|*标准类别|*告警名称|*告警时间|*源IP|*源端口|*目的IP|*目的端口|*传输协议|*告警次数|*策略动作|*是否启用IP封禁|*HTTP请求方法|*域名|*访问路径|*HTTP请求或响应信息|*网络流量包|*告警附加信息一|*告警附加信息二|*告警附加信息三|*告警附加信息四|*告警附加信息五。日志发送内容参考为：安恒|*3|*2|*192.168.1.1|*2001:0000:1F1F:0000:0000:0100:11A0:ADDF |*3|*后门攻击|*后门攻击|*2015-04-18 20:01:12|*192.168.1.2|*8080|*192.168.1.3|*8080|*HTTP|*10|*2|*0|*GET|*www.sgcc.com.cn|*/html/main/|*POST|*http://xg.mediportal.com.cn/health/sms/verify/telephone HTTP/1.1\nUser-Agent: DGroupPatient/1.052701.230/Dalvik/2.1.0 (Linux; U; Android 5.1.1; KIW-AL10 Build/HONORKIW-AL10)\nContent-Type:application/x-www-form-urlencoded;charset=UTF-8\nHost:xg.mediportal.com.cn\nConnection:Keep-Alive\nAccept-Encoding:gzip\nContent-Length: 33\ntelephone=15527177736&userType=1&|*value1|*value2|*value3|*value4|*value5 2. 【check2】IPS日志发送频率为实时发送 3. | I70: 1. 2. 3. | K70: P3 | L70: 功能测试 | N70: 正常 | O70: 1 | P70: 3 | Q70: 3 | R70: 江元芮 | S70: 2024-09-24 17:25:50 | T70: 通过 | U70: 赵海波 | V70: 2024-05-22 15:48:23 | W70: 赵海波 | X70: 2024-10-22 17:14:58 | Y70: 1 | AB70: TGFW-V6R01C00SPC600 | AC70: TGFW | AD70: 不实现
A71: 207782 | B71: 明御防火墙_通用(#10) | C71: /管理维护/监控统计/日志中心/日志服务器/日志外发格式(#19386) | D71: (#0) | E71: 验证日志发送格式为s6000_fw时访问空策略日志发送功能 | F71: 1、防火墙正常启动 2、日志服务器正常启动，并且防火墙到日志服务器路由可达 | G71: 1. 在防火墙上配置IPv4和IPv6访问控制策略，后台命令配置网元的日志模式为s6000_fw模式。 2. 在日志服务器上观察接口到访问控制策略日志。【check1】【check2】 3. 修改IPv4访问控制策略，配置日志服务器后，观察服务器接收到的访问控制策略日志。【check1】【check2】【check3】 4. 修改IPv6访问控制策略，配置日志服务器后，观察服务器接收到的访问控制策略日志。【check1】【check2】【check3】 | H71: 1. 2. 3. 4. 【check1】日志格式为：设备厂商|*设备类型|*日志类型|*设备IPV4|*设备IPV6|*设备MAC|*策略名称|*策略编号|*源|*目的|*协议|*策略类型|*启用时间|*结束时间。参考日志格式为：安恒|*1|*1|*192.168.1.1|*2001:0000:1F1F:0000:0000:0100:11A0:ADDF|* AA-BB-CC-DD-EE-FF|*登录|*eyruiy111|*192.168.1/16|*111.11.11.12|*http|*0|*2019-01-08 12:50:00|*2019-01-10 12:50:00 【check2】每条IPv4和IPv6访问控制策略均会发送一条访问控制策略日志。日志的所有字段正确 【check3】日志的启用和结束时间正确 | I71: 1. 2. 3. 4. | K71: P3 | L71: 功能测试 | N71: 正常 | O71: 2 | P71: 3 | Q71: 4 | R71: 江元芮 | S71: 2024-09-24 17:20:59 | T71: 通过 | U71: 赵海波 | V71: 2024-05-22 15:48:23 | W71: 赵海波 | X71: 2024-10-22 17:14:58 | Y71: 2 | AB71: TGFW-V6R01C00SPC600 | AC71: TGFW | AD71: 不实现
A72: 207783 | B72: 明御防火墙_通用(#10) | C72: /管理维护/监控统计/日志中心/日志服务器/日志外发格式(#19386) | D72: (#0) | E72: 验证日志发送格式为s6000_fw时的日志发送频率 | F72: 1、防火墙正常启动 2、日志服务器正常启动，并且防火墙到日志服务器路由可达 | G72: 1. 在防火墙后台命令配置网元的日志模式为s6000_fw模式。 2. 观察心跳日志、基本信息日志、包过滤日志和访问控制策略日志的发送周期。【check1】 3. 修改系统时间。【check2】 4. 在防火墙上配置日志服务器后，在日志日志服务器上观察接收到的日志。【check3】 | H72: 1. 【check1】心跳日志的发送频率为不低于次/5分钟，基本信息日志发送频率不低于次/24小时，包过滤日志的发送周期为实时发送，访问控制策略日志发送频率不低于次/24小时 2. 【check2】修改系统时间不影响日志发送周期 3. 【check3】心跳日志、基本信息日志和访问控制策略日志会立即发送一次后按照特定的周期发送。IPS日志不会发送。 4. | I72: 1. 2. 3. 4. | K72: P3 | L72: 功能测试 | N72: 正常 | O72: 1 | P72: 3 | Q72: 4 | R72: 江元芮 | S72: 2024-09-24 17:20:33 | T72: 通过 | U72: 赵海波 | V72: 2024-05-22 15:48:23 | W72: 赵海波 | X72: 2024-10-22 17:14:58 | Y72: 3 | AB72: TGFW-V6R01C00SPC600 | AC72: TGFW | AD72: 不实现
A73: 207784 | B73: 明御防火墙_通用(#10) | C73: /管理维护/监控统计/日志中心/日志服务器/日志外发格式(#19386) | D73: (#0) | E73: 验证日志发送格式为s6000_ips时的日志发送频率 | F73: 1、防火墙正常启动 2、日志服务器正常启动，并且防火墙到日志服务器路由可达 | G73: 1. 在防火墙后台命令配置网元的日志模式为s6000_ips模式。 2. 观察心跳日志、基本信息日志、告警日志的发送周期。【check1】 3. 修改系统时间。【check2】 4. 在防火墙上配置日志服务器后，在日志日志服务器上观察接收到的日志。【check3】 | H73: 1. 【check1】心跳日志的发送频率为不低于次/5分钟，基本信息日志发送频率不低于次/24小时，告警日志的发送周期为实时发送 2. 【check2】修改系统时间不影响日志发送周期 3. 【check3】心跳日志、基本信息日志和访问控制策略日志会立即发送一次后按照特定的周期发送。包过滤日志不会发送。 4. | I73: 1. 2. 3. 4. | K73: P3 | L73: 功能测试 | N73: 正常 | O73: 0 | P73: 3 | Q73: 4 | R73: 江元芮 | S73: 2024-09-24 17:20:29 | T73: 通过 | U73: 赵海波 | V73: 2024-05-22 15:48:23 | W73: 赵海波 | X73: 2024-10-22 17:14:58 | Y73: 4 | AB73: TGFW-V6R01C00SPC600 | AC73: TGFW | AD73: 不实现
A74: 207785 | B74: 明御防火墙_通用(#10) | C74: /管理维护/监控统计/日志中心/日志服务器/日志外发格式(#19386) | D74: (#0) | E74: 验证日志外发模式为s6000_fw时的日志过滤功能 | F74: 1、防火墙正常启动 2、日志服务器正常启动，并且防火墙到日志服务器路由可达 | G74: 1. 后台命令配置网元的日志外发格式为为s6000_fw。 2. 配置防火墙不发送基本信息日志，并在防火墙上配置日志服务器后在服务器上观察接收到的日志。【check1】 3. 配置防火墙不发送心跳信息日志，并在防火墙上配置日志服务器后在服务器上观察接收到的日志。【check2】 4. 配置防火墙不发送安全策略日志，在防火墙上构造日志，在服务器上观察接收到的日志。【check3】 5. 配置防火墙不发送包过滤日志，在防火墙上构造IPv4和IPv6安全策略允许流量和阻断流量，在服务器上观察接收到的日志。【check4】 6. 在防火墙上配置不发送任何s6000_fw日志，并在防火墙上配置日志服务器后在服务器上观察接收到的日志。【check5】 7. 在防火墙上部分s6000_fw日志不发送，不分要发送。并在防火墙上配置日志服务器后再构造包过滤日志，再在服务器上观察接收到的日志。【check6】 | H74: 1. 【check1】日志服务器上不能接收到防火墙的基本信息日志 2. 【check2】日志服务器上不能接收到防火墙的心跳信息日志 3. 【check3】日志服务器上不能接收到防火墙的IPS信息日志 4. 【check4】日志服务器上不能接收到防火墙的IPv4允许信息日志和阻断信息日志。日志服务器上不能接收到防火墙的IPv6允许信息日志和阻断信息日志 5. 【check5】防火墙上不能收到任何s6000_fw日志 6. 【check6】防火墙上不能收到不发送s6000_fw日志，可以接收到要发送的s6000_fw日志。 7. | I74: 1. 2. 3. 4. 5. 6. 7. | K74: P3 | L74: 功能测试 | N74: 正常 | O74: 0 | P74: 1 | Q74: 7 | R74: 赵海波 | S74: 2024-07-19 14:49:12 | T74: 通过 | U74: 赵海波 | V74: 2024-05-22 15:48:23 | W74: 赵海波 | X74: 2024-10-22 17:14:58 | Y74: 3 | AB74: TGFW-V6R01C00SPC600 | AC74: TGFW | AD74: 不实现
A75: 207786 | B75: 明御防火墙_通用(#10) | C75: /管理维护/监控统计/日志中心/日志服务器/日志外发格式(#19386) | D75: (#0) | E75: 验证日志外发模式为s6000_ips时的日志过滤功能 | F75: 1、防火墙正常启动 2、日志服务器正常启动，并且防火墙到日志服务器路由可达 | G75: 1. 后台命令配置网元的日志外发格式为为s6000_ips。 2. 配置防火墙不发送基本信息日志，并在防火墙上配置日志服务器后在服务器上观察接收到的日志。【check1】 3. 配置防火墙不发送心跳信息日志，并在防火墙上配置日志服务器后在服务器上观察接收到的日志。【check2】 4. 配置防火墙不发送告警信息日志，在防火墙上构造IPS日志，在服务器上观察接收到的日志。【check3】 5. 在防火墙上配置不发送任何s6000_ips日志，并在防火墙上配置日志服务器后在服务器上观察接收到的日志。【check4】 6. 在防火墙上部分s6000_ips日志不发送，不分要发送。并在防火墙上配置日志服务器后再构造IPS日志，再在服务器上观察接收到的日志。【check4】 | H75: 1. 【check1】日志服务器上不能接收到防火墙的基本信息日志 2. 【check2】日志服务器上不能接收到防火墙的心跳信息日志 3. 【check3】日志服务器上不能接收到防火墙的IPS信息日志 4. 【check4】防火墙上不能收到任何s6000_ips日志 5. 【check5】防火墙上不能收到不发送s6000_ips日志，可以接收到要发送的s6000_ips日志。 6. | I75: 1. 2. 3. 4. 5. 6. | K75: P3 | L75: 功能测试 | N75: 正常 | O75: 0 | P75: 2 | Q75: 6 | R75: 赵海波 | S75: 2024-07-19 14:49:24 | T75: 通过 | U75: 赵海波 | V75: 2024-05-22 15:48:23 | W75: 赵海波 | X75: 2024-10-22 17:14:58 | Y75: 3 | AB75: TGFW-V6R01C00SPC600 | AC75: TGFW | AD75: 不实现
A76: 207787 | B76: 明御防火墙_通用(#10) | C76: /管理维护/监控统计/日志中心/日志服务器/日志外发格式(#19386) | D76: (#0) | E76: 验证日志格式为标准格式下大量的日志往外发功能 | F76: 1、防火墙正常启动 2、日志服务器正常启动，并且防火墙到日志服务器路由可达 | G76: 1. 后台命令配置网元的日志模式为标准格式。 2. 配置防火墙日志过滤，选择所有日志为要发送。 3. 打入流量产生大量的安全日志和策略阻断日志，同时进行挂脚本进行安全策略修改，使每s钟产生的日志接近200条左右。 4. 观察防火墙状态。【check1】【check2】 5. 在日志服务器观察接收到的日志。【check3】 | H76: 1. 【check1】influxd，dbtask，agent进程占用内存和CPU使用率增加合理，且无内存泄漏。 2. 【check2】网元可以正常进行访问和操作。 3. 【check3】日志服务器可以接收到产生的日志。且格式正确。 4. 5. | I76: 1. 2. 3. 4. 5. | K76: P4 | L76: 可靠性测试 | N76: 正常 | O76: 0 | P76: 2 | Q76: 5 | R76: 侯佳林 | S76: 2024-07-16 15:04:20 | T76: 通过 | U76: 赵海波 | V76: 2024-05-22 15:48:23 | W76: 赵海波 | X76: 2024-10-22 17:14:58 | Y76: 1 | AB76: TGFW-V6R01C00SPC600 | AC76: TGFW | AD76: 不实现
A77: 207788 | B77: 明御防火墙_通用(#10) | C77: /管理维护/监控统计/日志中心/日志服务器/日志外发格式(#19386) | D77: (#0) | E77: 验证日志格式为s6000_fw格式下大量的日志往外发功能 | F77: 1、防火墙正常启动 2、日志服务器正常启动，并且防火墙到日志服务器路由可达 | G77: 1. 后台命令配置网元的日志模式为s6000_fw格式。 2. 配置防火墙日志过滤，选择所有日志为要发送。 3. 打入流量产生大量的安全日志和策略阻断日志，同时进行挂脚本进行安全策略修改，使每s钟产生的日志接近200条左右。 4. 观察防火墙状态。【check1】【check2】 5. 在日志服务器观察接收到的日志。【check3】 | H77: 1. 【check1】influxd，dbtask，agent进程占用内存和CPU使用率增加合理，且无内存泄漏。 2. 【check2】网元可以正常进行访问和操作。 3. 【check3】日志服务器可以接收到产生的日志。且格式正确。 4. 5. | I77: 1. 2. 3. 4. 5. | K77: P4 | L77: 可靠性测试 | N77: 正常 | O77: 0 | P77: 1 | Q77: 5 | R77: 赵海波 | S77: 2024-07-19 14:48:51 | T77: 阻塞 | U77: 赵海波 | V77: 2024-05-22 15:48:23 | W77: 赵海波 | X77: 2024-10-22 17:14:58 | Y77: 1 | AB77: TGFW-V6R01C00SPC600 | AC77: TGFW | AD77: 不实现
A78: 207789 | B78: 明御防火墙_通用(#10) | C78: /管理维护/监控统计/日志中心/日志服务器/日志外发格式(#19386) | D78: (#0) | E78: 验证日志格式为s6000_ips格式下大量的日志往外发功能 | F78: 1、防火墙正常启动 2、日志服务器正常启动，并且防火墙到日志服务器路由可达 | G78: 1. 后台命令配置网元的日志模式为s6000_ips格式。 2. 配置防火墙日志过滤，选择所有日志为要发送。 3. 打入流量产生大量的安全日志和策略阻断日志，同时进行挂脚本进行安全策略修改，使每s钟产生的日志接近200条左右。 4. 观察防火墙状态。【check1】【check2】 5. 在日志服务器观察接收到的日志。【check3】 | H78: 1. 【check1】influxd，dbtask，agent进程占用内存和CPU使用率增加合理，且无内存泄漏。 2. 【check2】网元可以正常进行访问和操作。 3. 【check3】日志服务器可以接收到产生的日志。且格式正确。 4. 5. | I78: 1. 2. 3. 4. 5. | K78: P4 | L78: 可靠性测试 | N78: 正常 | O78: 1 | P78: 2 | Q78: 5 | R78: 赵海波 | S78: 2024-07-19 14:48:37 | T78: 阻塞 | U78: 赵海波 | V78: 2024-05-22 15:48:23 | W78: 赵海波 | X78: 2024-10-22 17:14:58 | Y78: 1 | AB78: TGFW-V6R01C00SPC600 | AC78: TGFW | AD78: 不实现
A79: 249397 | B79: 明御防火墙_通用(#10) | C79: /管理维护/监控统计/日志中心/设备日志管理/调试日志管理(#19387) | D79: (#0) | E79: 验证/trace目录每分钟清理功能 | F79: 1、网元正常启动 2、在/trace目录下创建至少两个.log结尾的文件，并在/trace/coredump目录下创建至少两个文件，并保证/trace目录占用率低于90% | G79: 1. 静置观察/trace和/trace/coredump目录超过1分钟【check1】 2. 使用dd命令在/trace/目录下构造文件使得构造/trace目录占用率大于90%，命令参考dd if=[任意源文件] of=/trace/test.log count=任意数量 bs=xxxM 3. 观察/trace目录和/trace/coredump目录【check2】【check3】 4. 使用dd命令在/trace/coredump目录下构造文件使得构造/trace目录占用率大于90%，命令参考dd if=[任意源文件] of=/trace/coredump count=任意数量 bs=xxxM 5. 在/trace目录下创建质量两个.log结尾的文件 6. 观察/trace目录和/trace/coredump目录【check2】【check3】 | H79: 1. 【check1】/trace/coredump目录不会被清空 2. 【check2】/trace/coredump在1分钟内被清空 3. 【check3】/trace目录下所有以.log结尾的文件全部被轮转。 4. 5. 6. | I79: 1. 2. 3. 4. 5. 6. | K79: P4 | L79: 功能测试 | N79: 正常 | O79: 0 | P79: 2 | Q79: 6 | R79: 邱宇 | S79: 2024-10-17 17:04:38 | T79: 通过 | U79: 赵海波 | V79: 2024-10-11 19:41:18 | W79: 邱宇 | X79: 2024-10-12 14:15:16 | Y79: 1 | AB79: TGFW-V6R01C01 | AD79: 待实现
A80: 249398 | B80: 明御防火墙_通用(#10) | C80: /管理维护/监控统计/日志中心/设备日志管理/调试日志管理(#19387) | D80: (#0) | E80: 验证/var/log目录每分钟清理功能 | F80: 1、网元正常启动 2、保证/var/log目录中存在文件，且/var/log占用率低于90% | G80: 1. 静置观察/var/log目录超过1分钟【check1】 2. 使用dd命令在/var/log目录下构造文件使得构造/var/log目录占用率大于90%，命令参考dd if=[任意源文件] of=/var/log/test.log count=任意数量 bs=xxxM 3. 观察/var/log目录【check2】 | H80: 1. 【check1】/var/log目录不会被清空 2. 【check1】/var/log在1分钟内被清空 3. | I80: 1. 2. 3. | K80: P4 | L80: 功能测试 | N80: 正常 | O80: 2 | P80: 2 | Q80: 3 | R80: 邱宇 | S80: 2024-10-17 13:49:35 | T80: 通过 | U80: 赵海波 | V80: 2024-10-11 19:41:18 | W80: 邱宇 | X80: 2024-10-12 14:15:16 | Y80: 1 | AB80: TGFW-V6R01C01 | AD80: 待实现
A81: 249399 | B81: 明御防火墙_通用(#10) | C81: /管理维护/监控统计/日志中心/设备日志管理/调试日志管理(#19387) | D81: (#0) | E81: 验证secure日志每小时轮转功能 | F81: 1、网元正常启动 | G81: 1. 构造/trace/log/目录下secure小于10M 2. 在整点或者修改防火墙系统时间到整点,观察/trace/log/目录下的secure文件【check1】 3. 构造/trace/log/目录下secure大于10M，重复步骤2.【check2】 4. 再次构造/trace/log/目录下secure大于10M，重复步骤2。【check3】 5. 重复步骤3和步骤2大于2次，观察/var/log目录下的secure文件和对应的压缩文件【check4】 | H81: 1. 【check1】/trace/log/目录下secure不会被压缩，并保持不变 2. 【check2】/trace/log/目录下secure被压缩生成压缩文件 3. 【check3】/trace/log/目录下secure被压缩生成第二个压缩文件 4. 【check4】/trace/log/目录下secure最大生成2个压缩文件，超过2轮转时仅保留最新的2个压缩文件，更早的压缩文件被删除。 5. | I81: 1. 2. 3. 4. 5. | K81: P4 | L81: 功能测试 | N81: 正常 | O81: 0 | P81: 2 | Q81: 5 | R81: 邱宇 | S81: 2024-10-17 15:35:41 | T81: 通过 | U81: 赵海波 | V81: 2024-10-11 19:41:18 | W81: 邱宇 | X81: 2024-10-17 15:33:55 | Y81: 2 | AB81: TGFW-V6R01C01 | AD81: 待实现
A82: 249400 | B82: 明御防火墙_通用(#10) | C82: /管理维护/监控统计/日志中心/设备日志管理/调试日志管理(#19387) | D82: (#0) | E82: 验证syslog日志每小时轮转功能 | F82: 1、网元正常启动 | G82: 1. 构造/var/log目录下syslog小于30M 2. 在整点或者修改防火墙系统时间到整点,观察/var/log目录下的syslog文件【check1】 3. 构造/var/log目录下syslog大于30M，重复步骤2.【check2】 4. 再次构造/var/log目录下syslog大于30M，重复步骤2。【check3】 5. 重复步骤3和步骤2大于4次，观察/var/log目录下的syslog文件和对应的压缩文件【check4】 | H82: 1. 【check1】/var/log目录下syslog不会被压缩，并保持不变 2. 【check2】/var/log目录下syslog被压缩生成压缩文件 3. 【check3】/var/log目录下syslog被压缩生成第二个压缩文件 4. 【check4】/var/log目录下syslog最大生成4个压缩文件，超过4轮转时仅保留最新的4个压缩文件，更早的压缩文件被删除。 5. | I82: 1. 2. 3. 4. 5. | K82: P4 | L82: 功能测试 | N82: 正常 | O82: 0 | P82: 2 | Q82: 5 | R82: 邱宇 | S82: 2024-10-17 17:00:38 | T82: 通过 | U82: 赵海波 | V82: 2024-10-11 19:41:18 | W82: 邱宇 | X82: 2024-10-17 17:00:22 | Y82: 2 | AB82: TGFW-V6R01C01 | AD82: 待实现
A83: 249401 | B83: 明御防火墙_通用(#10) | C83: /管理维护/监控统计/日志中心/设备日志管理/调试日志管理(#19387) | D83: (#0) | E83: 验证messages日志每小时轮转功能 | F83: 1、网元正常启动 | G83: 1. 构造/var/log目录下messages小于30M 2. 在整点或者修改防火墙系统时间到整点,观察/var/log目录下的messages文件【check1】 3. 构造/var/log目录下messages大于30M，重复步骤2.【check2】 4. 再次构造/var/log目录下messages大于30M，重复步骤2。【check3】 5. 重复步骤3和步骤2大于4次，观察/var/log目录下的messages文件和对应的压缩文件【check4】 | H83: 1. 【check1】/var/log目录下messages不会被压缩，并保持不变 2. 【check2】/var/log目录下messages被压缩生成压缩文件 3. 【check3】/var/log目录下messages被压缩生成第二个压缩文件 4. 【check4】/var/log目录下messages最大生成4个压缩文件，超过4轮转时仅保留最新的4个压缩文件，更早的压缩文件被删除。 5. | I83: 1. 2. 3. 4. 5. | K83: P4 | L83: 功能测试 | N83: 正常 | O83: 0 | P83: 2 | Q83: 5 | R83: 邱宇 | S83: 2024-10-17 13:40:06 | T83: 通过 | U83: 赵海波 | V83: 2024-10-11 19:41:18 | W83: 邱宇 | X83: 2024-10-12 14:15:16 | Y83: 1 | AB83: TGFW-V6R01C01 | AD83: 待实现
A84: 249402 | B84: 明御防火墙_通用(#10) | C84: /管理维护/监控统计/日志中心/设备日志管理/调试日志管理(#19387) | D84: (#0) | E84: 验证auth.log日志每小时轮转功能 | F84: 1、网元正常启动 | G84: 1. 构造/var/log目录下auth.log小于30M 2. 在整点或者修改防火墙系统时间到整点,观察/var/log目录下的auth.log文件【check1】 3. 构造/var/log目录下auth.log大于30M，重复步骤2.【check2】 4. 再次构造/var/log目录下auth.log大于30M，重复步骤2。【check3】 5. 重复步骤3和步骤2大于4次，观察/var/log目录下的auth.log文件和对应的压缩文件【check4】 | H84: 1. 【check1】/var/log目录下auth.log不会被压缩，并保持不变 2. 【check2】/var/log目录下auth.log被压缩生成压缩文件 3. 【check3】/var/log目录下auth.log被压缩生成第二个压缩文件 4. 【check4】/var/log目录下auth.log最大生成4个压缩文件，超过4轮转时仅保留最新的4个压缩文件，更早的压缩文件被删除。 5. | I84: 1. 2. 3. 4. 5. | K84: P4 | L84: 功能测试 | N84: 正常 | O84: 0 | P84: 2 | Q84: 5 | R84: 邱宇 | S84: 2024-10-16 21:09:40 | T84: 通过 | U84: 赵海波 | V84: 2024-10-11 19:41:18 | W84: 邱宇 | X84: 2024-10-12 14:15:16 | Y84: 1 | AB84: TGFW-V6R01C01 | AD84: 待实现
A85: 249468 | B85: 明御防火墙_通用(#10) | C85: /管理维护/监控统计/日志中心/设备日志管理/调试日志管理(#19387) | D85: (#0) | E85: 验证vpp异常重启记录die日志功能 | F85: 1、网元正常启动 | G85: 1. 通过kill组件vpp的进程模拟异常重启 2. 观察/trace/log目录【check1】 3. 30分钟内再次kill组件vpp的进程模拟异常重启，观察/trace/log目录【check2】 4. 超过30分钟以上再次kill组件vpp的进程模拟异常重启，观察/trace/log目录【check1】 | H85: 1. 2. 3. 4. 【check1】生成vpp对应的die日志 【check2】不会生成对应的die日志 | I85: 1. 2. 3. 4. | K85: P4 | L85: 可靠性测试 | N85: 正常 | O85: 0 | P85: 2 | Q85: 4 | R85: 邱宇 | S85: 2024-10-17 16:52:48 | T85: 通过 | U85: 赵海波 | V85: 2024-10-12 14:12:28 | W85: 邱宇 | X85: 2024-10-12 14:15:16 | Y85: 1 | AB85: TGFW-V6R01C01 | AD85: 不实现
A86: 249469 | B86: 明御防火墙_通用(#10) | C86: /管理维护/监控统计/日志中心/设备日志管理/调试日志管理(#19387) | D86: (#0) | E86: 验证agent异常重启记录die日志功能 | F86: 1、网元正常启动 | G86: 1. 通过kill组件agent的进程模拟异常重启 2. 观察/trace/log目录【check1】 3. 30分钟内再次kill组件agent的进程模拟异常重启，观察/trace/log目录【check2】 4. 超过30分钟以上再次kill组件agent的进程模拟异常重启，观察/trace/log目录【check1】 | H86: 1. 2. 3. 4. 【check1】生成agent对应的die日志 【check2】不会生成对应的die日志 | I86: 1. 2. 3. 4. | K86: P4 | L86: 可靠性测试 | N86: 正常 | O86: 0 | P86: 2 | Q86: 4 | R86: 邱宇 | S86: 2024-10-17 16:35:07 | T86: 通过 | U86: 赵海波 | V86: 2024-10-12 14:12:28 | W86: 邱宇 | X86: 2024-10-12 14:15:16 | Y86: 1 | AB86: TGFW-V6R01C01 | AD86: 不实现
A87: 249470 | B87: 明御防火墙_通用(#10) | C87: /管理维护/监控统计/日志中心/设备日志管理/调试日志管理(#19387) | D87: (#0) | E87: 验证influxdb异常重启记录die日志功能 | F87: 1、网元正常启动 | G87: 1. 通过kill组件influxdb的进程模拟异常重启 2. 观察/trace/log目录【check1】 3. 30分钟内再次kill组件influxdb的进程模拟异常重启，观察/trace/log目录【check2】 4. 超过30分钟以上再次kill组件influxdb的进程模拟异常重启，观察/trace/log目录【check1】 | H87: 1. 2. 3. 4. 【check1】生成influxdb对应的die日志 【check2】不会生成对应的die日志 | I87: 1. 2. 3. 4. | K87: P4 | L87: 可靠性测试 | N87: 正常 | O87: 0 | P87: 2 | Q87: 4 | R87: 邱宇 | S87: 2024-10-17 11:11:08 | T87: 通过 | U87: 赵海波 | V87: 2024-10-12 14:12:28 | W87: 邱宇 | X87: 2024-10-12 14:15:16 | Y87: 1 | AB87: TGFW-V6R01C01 | AD87: 不实现
A88: 249471 | B88: 明御防火墙_通用(#10) | C88: /管理维护/监控统计/日志中心/设备日志管理/调试日志管理(#19387) | D88: (#0) | E88: 验证瀚高异常重启记录die日志功能 | F88: 1、网元正常启动 | G88: 1. 通过kill组件瀚高的进程模拟异常重启 2. 观察/trace/log目录【check1】 3. 30分钟内再次kill组件瀚高的进程模拟异常重启，观察/trace/log目录【check2】 4. 超过30分钟以上再次kill组件瀚高的进程模拟异常重启，观察/trace/log目录【check1】 | H88: 1. 2. 3. 4. 【check1】生成瀚高对应的die日志 【check2】不会生成对应的die日志 | I88: 1. 2. 3. 4. | K88: P4 | L88: 可靠性测试 | N88: 正常 | O88: 0 | P88: 1 | Q88: 4 | R88: 邱宇 | S88: 2024-10-16 14:45:08 | T88: 通过 | U88: 赵海波 | V88: 2024-10-12 14:12:28 | W88: 邱宇 | X88: 2024-10-17 09:06:51 | Y88: 3 | AB88: TGFW-V6R01C01 | AD88: 不实现
A89: 249472 | B89: 明御防火墙_通用(#10) | C89: /管理维护/监控统计/日志中心/设备日志管理/调试日志管理(#19387) | D89: (#0) | E89: 验证sslvpn异常重启记录die日志功能 | F89: 1、网元正常启动 | G89: 1. 通过kill组件sslvpn的进程模拟异常重启 2. 观察/trace/log目录【check1】 3. 30分钟内再次kill组件sslvpn的进程模拟异常重启，观察/trace/log目录【check2】 4. 超过30分钟以上再次kill组件sslvpn的进程模拟异常重启，观察/trace/log目录【check1】 | H89: 1. 2. 3. 4. 【check1】生成sslvpn对应的die日志 【check2】不会生成对应的die日志 | I89: 1. 2. 3. 4. | K89: P4 | L89: 可靠性测试 | N89: 正常 | O89: 0 | P89: 2 | Q89: 4 | R89: 邱宇 | S89: 2024-10-16 20:36:14 | T89: 通过 | U89: 赵海波 | V89: 2024-10-12 14:12:28 | W89: 邱宇 | X89: 2024-10-12 14:15:16 | Y89: 1 | AB89: TGFW-V6R01C01 | AD89: 不实现
A90: 249473 | B90: 明御防火墙_通用(#10) | C90: /管理维护/监控统计/日志中心/设备日志管理/调试日志管理(#19387) | D90: (#0) | E90: 验证frr异常重启记录die日志功能 | F90: 1、网元正常启动 | G90: 1. 通过kill组件frr的进程模拟异常重启 2. 观察/trace/log目录【check1】 3. 30分钟内再次kill组件frr的进程模拟异常重启，观察/trace/log目录【check2】 4. 超过30分钟以上再次kill组件frr的进程模拟异常重启，观察/trace/log目录【check1】 | H90: 1. 2. 3. 4. 【check1】生成frr对应的die日志 【check2】不会生成对应的die日志 | I90: 1. 2. 3. 4. | K90: P4 | L90: 可靠性测试 | N90: 正常 | O90: 0 | P90: 2 | Q90: 4 | R90: 邱宇 | S90: 2024-10-17 14:45:10 | T90: 通过 | U90: 赵海波 | V90: 2024-10-12 14:12:28 | W90: 邱宇 | X90: 2024-10-12 14:15:16 | Y90: 1 | AB90: TGFW-V6R01C01 | AD90: 不实现
... A93: 249476 | B93: 明御防火墙_通用(#10) | C93: /管理维护/监控统计/日志中心/设备日志管理/调试日志管理(#19387) | D93: (#0) | E93: 验证调试日志开启和关闭功能 | F93: 1、网元正常启动 2、调试日志开关为关闭 | G93: 1. 观察/trace/log目录。【check1】 2. 开启调试日志【check2】 3. 关闭调试日志【check1】【check3】 | H93: 1. 【check1】防火墙后台目录中/appdata/etc/agentcfg/supervisor.conf描述所有进程不会记录调试日志 2. 【check2】防火墙后台目录中/appdata/etc/agentcfg/supervisor.conf描述所有进程开始记录调试日志 3. 【check3】防火墙后台目录中/userdata/userfile/gatherinfo，会生成collection_当前时间戳.zip的文件 | I93: 1. 2. 3. | K93: P3 | L93: 功能测试 | N93: 正常 | O93: 0 | P93: 2 | Q93: 3 | R93: 邱宇 | S93: 2024-10-16 21:07:23 | T93: 通过 | U93: 赵海波 | V93: 2024-10-12 14:12:28 | W93: 邱宇 | X93: 2024-10-12 14:15:16 | Y93: 1 | AB93: TGFW-V6R01C01 | AD93: 待实现
A94: 41114 | B94: 明御防火墙_通用(#10) | C94: /管理维护/监控统计/日志中心/设备日志管理/信息收集(#19388) | D94: (#0) | E94: 信息收集重启测试 | F94: 网元正常启动 组网图：http://10.113.53.155:2223/images/topo/node1_dut1.png | G94: 1. 开启调试日志开关 2. 进行系统重启操作 3. 重启完成后，查看信息收集信息【check2】【check3】 | H94: 1. 【check1】配置正确下发，开关开启 2. 3. 【check2】信息收集开关关闭，信息收集列表包含一条信息内容【check3】日志系统记录对应操作 | I94: 1. 2. 3. 禅道2463-已知问题 | K94: P3 | L94: 功能测试 | N94: 正常 | O94: 2 | P94: 1 | Q94: 3 | R94: 王杰(TGFW测试组) | S94: 2023-10-13 09:18:06 | T94: 失败 | U94: 侯佳林 | V94: 2023-07-12 14:53:04 | W94: 肖洋 | X94: 2024-04-18 17:02:31 | Y94: 1 | AC94: TGFW | AD94: 不实现 | AF94: Diatools.Http.08 | AG94: node1_dut1
A95: 249477 | B95: 明御防火墙_通用(#10) | C95: /管理维护/监控统计/日志中心/设备日志管理/信息收集(#19388) | D95: (#0) | E95: 验证防火墙异常信息收集功能 | F95: 1、网元正常启动 | G95: 1. 使用dd命令在/trace/coredump目录下构造11个core文件，使得/trace分区使用率在85%到90%之间 2. 打开异常信息收集【check1】 3. 下载最大和最小的core文件【check2】 4. 删除最大和最小的core文件【check3】 | H95: 1. 【check1】页面可以查看到所有的core文件 2. 【check2】下载成功，下载的文件与构造的文件完全一致 3. 【check3】删除成功，在linux后台产看core文件被删除 4. | I95: 1. 2. 3. 4. | K95: P3 | L95: 功能测试 | N95: 正常 | O95: 0 | P95: 2 | Q95: 4 | R95: 邱宇 | S95: 2024-10-17 17:32:07 | T95: 通过 | U95: 赵海波 | V95: 2024-10-12 14:12:28 | W95: 邱宇 | X95: 2024-10-12 14:15:16 | Y95: 1 | AB95: TGFW-V6R01C01 | AD95: 待实现
A96: 249478 | B96: 明御防火墙_通用(#10) | C96: /管理维护/监控统计/日志中心/设备日志管理/信息收集(#19388) | D96: (#0) | E96: 验证防火墙手动收集信息功能 | F96: 1、网元正常启动 2、在防火墙上开启调试日志 | G96: 1. 在防火墙发起手动收集信息，查看防火墙的信息文件列表。【check1】【check2】 2. 重复发起超过3次信息收集【check1】【check2】 3. 下载第一个和最后一个信息收集文件。【check3】 4. 删除任意信息收集文件。【check4】 5. 再次下载任意信息收集文件。【check3】 | H96: 1. 【check1】防火墙的上能够查当前时刻信息收集文件 2. 【check2】防火墙后台目录中/userdata/userfile/gatherinfo，会生成collection_当前时间戳.zip的文件 3. 【check3】下载成功 4. 【check4】删除成功 5. | I96: 1. 2. 3. 4. 5. | K96: P3 | L96: 功能测试 | N96: 正常 | O96: 0 | P96: 2 | Q96: 5 | R96: 邱宇 | S96: 2024-10-17 16:11:27 | T96: 通过 | U96: 赵海波 | V96: 2024-10-12 14:12:28 | W96: 邱宇 | X96: 2024-10-12 14:15:16 | Y96: 1 | AB96: TGFW-V6R01C01 | AD96: 待实现
A97: 249479 | B97: 明御防火墙_通用(#10) | C97: /管理维护/监控统计/日志中心/设备日志管理/信息收集(#19388) | D97: (#0) | E97: 验证防火墙自动收集信息功能 | F97: 1、网元正常启动 2、在防火墙上开启调试日志 | G97: 1. 配置信息收集方式为自动化，时间为60-720s任意值x，不启用自动化收集，在超过x秒周期观察信息收集文件。【check1】 2. 配置防火墙自动化收集信息周期为x，状态为启用。 3. 在超过11*x秒周期观察日志收集文件。【check2】 4. 删除任意信息收集文件，在下一周期观察信息收集文件。【check3】 | H97: 1. 【check1】防火墙前端和后台（/userdata/userfile/gatherinfo）均不会自动生成信息收集文件 2. 【check2】防火墙的前台和后台会查询到10个信息收集文件。且第11个周期的文件会覆盖第一个（时间最早的）收集的文件。文件的时间戳间隔与配置的x秒相同。 3. 【check3】信息收集文件在前端和后台会达到10个，不会删除任何信息收集文件。 4. | I97: 1. 2. 3. 4. | K97: P3 | L97: 功能测试 | N97: 正常 | O97: 0 | P97: 2 | Q97: 4 | R97: 邱宇 | S97: 2024-10-17 11:34:12 | T97: 通过 | U97: 赵海波 | V97: 2024-10-12 14:12:28 | W97: 邱宇 | X97: 2024-10-12 14:15:16 | Y97: 1 | AB97: TGFW-V6R01C01 | AD97: 待实现
A98: 249480 | B98: 明御防火墙_通用(#10) | C98: /管理维护/监控统计/日志中心/设备日志管理/信息收集(#19388) | D98: (#0) | E98: 防火墙自动收集信息功能长期测试 | F98: 1、网元正常启动 2、在防火墙上开启调试日志 | G98: 1. 配置信息收集方式为自动化，时间为60-720s任意值x，不启用自动化收集，在超过x秒周期观察信息收集文件。【check1】【check3】 2. 配置防火墙自动化收集信息周期为x，状态为启用。 3. 保持防护墙开启自动化信息收集超过12小时。【check2】【check3】 | H98: 1. 【check1】防火墙前端和后台（/userdata/userfile/gatherinfo）均不会自动生成信息收集文件 2. 【check2】防火墙的前台和后台会查询到10个信息收集文件。文件的时间戳间隔与配置的x秒相同。 3. 【check3】收集内存和cpu信息，设别无cpu和内存泄漏 | I98: 1. 2. 3. | K98: P4 | L98: 可靠性测试 | N98: 正常 | O98: 0 | P98: 2 | Q98: 3 | R98: 邱宇 | S98: 2024-10-17 17:32:22 | T98: 通过 | U98: 赵海波 | V98: 2024-10-12 14:12:28 | W98: 邱宇 | X98: 2024-10-12 14:15:16 | Y98: 1 | AB98: TGFW-V6R01C01 | AD98: 不实现
A99: 249481 | B99: 明御防火墙_通用(#10) | C99: /管理维护/监控统计/日志中心/设备日志管理/信息收集(#19388) | D99: (#0) | E99: 验证防火墙信息收集内容正确性 | F99: 1、网元正常启动 2、构造etcd中的配置总量低于2000 3、在防火墙上开启调试日志 | G99: 1. 在防火墙发起手动收集信息 2. 下载手动收集到的信息文件，解压观察收集到的信息。【check1】【check2】 3. 配置防火墙为自动化收集信息，且等待期完成至少1次自动化信息收。 4. 下载自动收集的信息，解压观察收集到的信息。【check1】【check2】 | H99: 1. 【check1】文件解压需要密码，密码为ngfw123!@# 2. 【check2】收集信息包含/appdata/etc/version,/appdata/etc/ngfwfeatureinfo,/apdata/etc/license/cliclienseinfo.txt,系统时间,CPU使用率,uptime,free -lh,df -lh,ps -aux | grep /opt,top -n 3,cat /appdata/etc/agentcfg/*,etcd配置(少于2k配置),操作日志（最少1个月）,系统日志（最少1个月）,dmesg,/var/log/messages,vpp下的show logging,最近一周的CPU、内存、磁盘使用率,设备流量大小（收集当时）,每个接口的pps（收集当时）会话总数（收集当时） 3. 4. | I99: 1. 2. 141744 3. 4. | K99: P3 | L99: 功能测试 | N99: 正常 | O99: 1 | P99: 2 | Q99: 4 | R99: 邱宇 | S99: 2024-10-17 11:25:18 | T99: 失败 | U99: 赵海波 | V99: 2024-10-12 14:12:28 | W99: 邱宇 | X99: 2024-10-12 14:15:16 | Y99: 1 | AB99: TGFW-V6R01C01 | AD99: 待实现
A100: 249482 | B100: 明御防火墙_通用(#10) | C100: /管理维护/监控统计/日志中心/设备日志管理/信息收集(#19388) | D100: (#0) | E100: 验证防火墙信息收集配置限制功能 | F100: 1、网元正常启动 2、构造etcd中的配置总量低于2000 3、在防火墙上开启调试日志 | G100: 1. 在防火墙发起手动或者自动收集信息 2. 下载手动收集到的信息文件，解压观察收集到的信息。【check1】【check2】 3. 在防火墙配置任意配置使防火墙的etcd配置超过2000个（etcdctl get --prefix / --keys-only | grep -v &#039;^$&#039; | wc -l ）返回值大于2000 4. 在防火墙发起手动或者自动收集信息【check1】【check3】 | H100: 1. 【check1】文件解压需要密码，密码为ngfw123!@# 2. 【check2】收集信息包含/appdata/etc/version,/appdata/etc/ngfwfeatureinfo,/apdata/etc/license/cliclienseinfo.txt,系统时间,CPU使用率,uptime,free -lh,df -lh,ps -aux | grep /opt,top -n 3,cat /appdata/etc/agentcfg/*,etcd配置(少于2k配置),操作日志（最少1个月）,系统日志（最少1个月）,dmesg,/var/log/messages,vpp下的show logging,最近一周的CPU、内存、磁盘使用率,设备流量大小（收集当时）,每个接口的pps（收集当时）会话总数（收集当时），且信息正确 3. 【check3】信息收集中check2中少了etcd配置，其他信息相同且信息正确 4. | I100: 1. 2. 3. 4. | K100: P3 | L100: 功能测试 | N100: 正常 | O100: 0 | P100: 2 | Q100: 4 | R100: 邱宇 | S100: 2024-10-17 17:29:08 | T100: 通过 | U100: 赵海波 | V100: 2024-10-12 14:12:28 | W100: 邱宇 | X100: 2024-10-16 13:42:29 | Y100: 3 | AB100: TGFW-V6R01C01 | AD100: 待实现
A101: 254426 | B101: 明御防火墙_通用(#10) | C101: /管理维护/监控统计/日志中心/管理维护/DFX(#19389) | D101: (#0) | E101: 验证防火墙整机日志容量 | F101: 1、网元正常启动 | G101: 1. 向日志侦听端口写入系统日志,操作日志,入侵防御日志,防病毒日志,内容过滤日志,文件过滤日志,URL过滤日志,WEB防护日志,防暴力破解日志,弱密码日志,控制策略阻断日志,本地控制策略日志,单包防护日志,Flood攻击日志,黑白名单日志,EDR推广日志,IPSecVPN日志中任意一种日志，使其达到该种日志的最大数量-1，使用接口查询日志。【check1】 2. 再向日志端口写入另外一种日志，使其达到最大规格的30%，并使用接口查询日志。【check1】 3. 遍历所有日志日类型，均写入最大数量的30%，并使用接口查询日志。【check1】【check2】 | H101: 1. 【check1】日志写入成功，查询日志与写入的数量和内容一致。 2. 【check2】日志响应时间无明显降低 3. | I101: 1. 2. 3. | K101: P4 | L101: 可靠性测试 | N101: 待评审 | O101: 0 | P101: 0 | Q101: 3 | U101: 赵海波 | V101: 2024-10-22 19:00:20 | Y101: 1 | AB101: TGFW-V6R01C01 | AD101: 不实现
A102: 254427 | B102: 明御防火墙_通用(#10) | C102: /管理维护/监控统计/日志中心/管理维护/DFX(#19389) | D102: (#0) | E102: 验证防火墙日志写入速率 | F102: 1、网元正常启动 | G102: 1. 选取系统日志,操作日志,入侵防御日志,防病毒日志,内容过滤日志,文件过滤日志,URL过滤日志,WEB防护日志,防暴力破解日志,弱密码日志,控制策略阻断日志,本地控制策略日志,单包防护日志,Flood攻击日志,黑白名单日志,EDR推广日志,IPSecVPN日志中任意两种以上日志。 2. 持续以200条/s的速率向日志侦听端口写入步骤1中选取的日志，使用接口观察日志。【check1】 3. 持续以超过1000条/s的速率向日志侦听端口写入步骤1中选取的日志，使用接口观察日志。【check2】【check3】 4. 持续以超过1000条/s的速率写入日志，同时没过10s查询一次日志，持续2小时以上。【check2】【chekc3】 | H102: 1. 【check1】日志写入成功，查询日志与写入的数量和内容一致。 2. 【check2】部分日志会被丢弃，但是写入的日志数据正确 3. 【check3】设备CPU、内容、磁盘无异常 4. | I102: 1. 2. 3. 4. | K102: P4 | L102: 性能测试 | N102: 待评审 | O102: 0 | P102: 0 | Q102: 4 | U102: 赵海波 | V102: 2024-10-22 19:00:20 | Y102: 1 | AB102: TGFW-V6R01C01 | AD102: 不实现
A103: 254428 | B103: 明御防火墙_通用(#10) | C103: /管理维护/监控统计/日志中心/管理维护/DFX(#19389) | D103: (#0) | E103: 验证防火墙日志外发速率 | F103: 1、网元正常启动 2、开启日志服务器并配置三个日志服务器，分别以syslog tcp，syslog udp和restapi方式发送日志 3、配置日志服务器路由可达 | G103: 1. 选取系统日志,操作日志,入侵防御日志,防病毒日志,内容过滤日志,文件过滤日志,URL过滤日志,WEB防护日志,防暴力破解日志,弱密码日志,控制策略阻断日志,本地控制策略日志,单包防护日志,Flood攻击日志,黑白名单日志,EDR推广日志,IPSecVPN日志中任意两种以上需要外发的日志。 2. 持续以200条/s的速率向日志侦听端口写入步骤1中选取的日志，使用接口观察日志，观察日志服务器。【check1】 3. 持续以超过1000条/s的速率向日志侦听端口写入步骤1中选取的日志，观察日志服务。【check2】【check3】 4. 持续以超过1000条/s的速率写入日志，持续2小时以上。【check2】【chekc3】 | H103: 1. 【check1】日志写入成功，查询日志与写入的数量和内容一致。 2. 【check2】日志服务器只能收到部分写入的日志，接收到的部分日志内容正确 3. 【check3】设备CPU、内容、磁盘无异常 4. | I103: 1. 2. 3. 4. | K103: P4 | L103: 性能测试 | N103: 待评审 | O103: 0 | P103: 0 | Q103: 4 | U103: 赵海波 | V103: 2024-10-22 19:00:20 | Y103: 1 | AB103: TGFW-V6R01C01 | AD103: 不实现
A104: 254429 | B104: 明御防火墙_通用(#10) | C104: /管理维护/监控统计/日志中心/管理维护/DFX(#19389) | D104: (#0) | E104: 验证反复修改日志格式的日志功能 | F104: 1、网元正常启动 2、开启日志服务器并配置三个日志服务器，分别以syslog tcp，syslog udp和restapi方式发送日志 3、配置日志服务器路由可达 | G104: 1. 选取系统日志,操作日志,入侵防御日志,防病毒日志,内容过滤日志,文件过滤日志,URL过滤日志,WEB防护日志,防暴力破解日志,弱密码日志,控制策略阻断日志,本地控制策略日志,单包防护日志,Flood攻击日志,黑白名单日志,EDR推广日志,IPSecVPN日志中任意两种以上日志。 2. 持续以200条/s的速率向日志侦听端口写入步骤1中选取的日志，使用接口观察日志。【check1】 3. 反复修改日志格式持续时间2小时以上，修改次数超过200次 4. 观察设备和使用接口观察日志【check1】【chekc2】 | H104: 1. 【check1】日志写入成功，查询日志与写入的数量和内容一致。 2. 【check2】设备CPU、内容、磁盘无异常 3. 4. | I104: 1. 2. 3. 4. | K104: P4 | L104: 性能测试 | N104: 待评审 | O104: 0 | P104: 0 | Q104: 4 | U104: 赵海波 | V104: 2024-10-22 19:00:20 | Y104: 1 | AB104: TGFW-V6R01C01 | AD104: 不实现
A105: 254430 | B105: 明御防火墙_通用(#10) | C105: /管理维护/监控统计/日志中心/管理维护/DFX(#19389) | D105: (#0) | E105: 验证反复修改日志过滤的日志功能 | F105: 1、网元正常启动 2、开启日志服务器并配置三个日志服务器，分别以syslog tcp，syslog udp和restapi方式发送日志 3、配置日志服务器路由可达 | G105: 1. 选取系统日志,操作日志,入侵防御日志,防病毒日志,内容过滤日志,文件过滤日志,URL过滤日志,WEB防护日志,防暴力破解日志,弱密码日志,控制策略阻断日志,本地控制策略日志,单包防护日志,Flood攻击日志,黑白名单日志,EDR推广日志,IPSecVPN日志中任意两种以上日志。 2. 持续以200条/s的速率向日志侦听端口写入步骤1中选取的日志，使用接口观察日志。【check1】 3. 反复修改日志过滤持续时间2小时以上，修改次数超过200次 4. 观察设备和使用接口观察日志【check1】【chekc2】 | H105: 1. 【check1】日志写入成功，查询日志与写入的数量和内容一致。 2. 【check2】设备CPU、内容、磁盘无异常 3. 4. | I105: 1. 2. 3. 4. | K105: P4 | L105: 性能测试 | N105: 待评审 | O105: 0 | P105: 0 | Q105: 4 | U105: 赵海波 | V105: 2024-10-22 19:00:20 | Y105: 1 | AB105: TGFW-V6R01C01 | AD105: 不实现
A106: 254431 | B106: 明御防火墙_通用(#10) | C106: /管理维护/监控统计/日志中心/管理维护/DFX(#19389) | D106: (#0) | E106: 验证反复修改日志导出的日志功能 | F106: 1、网元正常启动 2、开启日志服务器并配置三个日志服务器，分别以syslog tcp，syslog udp和restapi方式发送日志 3、配置日志服务器路由可达 | G106: 1. 选取系统日志,操作日志,入侵防御日志,防病毒日志,内容过滤日志,文件过滤日志,URL过滤日志,WEB防护日志,防暴力破解日志,弱密码日志,控制策略阻断日志,本地控制策略日志,单包防护日志,Flood攻击日志,黑白名单日志,EDR推广日志,IPSecVPN日志中任意两种以上日志。 2. 持续以200条/s的速率向日志侦听端口写入步骤1中选取的日志，使用接口观察日志。【check1】 3. 反复$修改{操作}持续时间2小时以上，修改次数超过200次 4. 观察日志导出【check2】【chekc3】 | H106: 1. 【check1】日志写入成功，查询日志与写入的数量和内容一致。 2. 【check2】日志导出功能正常 3. 【check3】设备CPU、内容、磁盘无异常 4. | I106: 1. 2. 3. 4. | K106: P4 | L106: 性能测试 | N106: 待评审 | O106: 0 | P106: 0 | Q106: 4 | U106: 赵海波 | V106: 2024-10-22 19:00:20 | Y106: 1 | AB106: TGFW-V6R01C01 | AD106: 不实现
A107: 254432 | B107: 明御防火墙_通用(#10) | C107: /管理维护/监控统计/日志中心/管理维护/DFX(#19389) | D107: (#0) | E107: 验证反复修改日志归并的日志功能 | F107: 1、网元正常启动 2、开启日志服务器并配置三个日志服务器，分别以syslog tcp，syslog udp和restapi方式发送日志 3、配置日志服务器路由可达 | G107: 1. 选取系统日志,操作日志,入侵防御日志,防病毒日志,内容过滤日志,文件过滤日志,URL过滤日志,WEB防护日志,防暴力破解日志,弱密码日志,控制策略阻断日志,本地控制策略日志,单包防护日志,Flood攻击日志,黑白名单日志,EDR推广日志,IPSecVPN日志中任意两种以上日志。 2. 持续以200条/s的速率向日志侦听端口写入步骤1中选取的日志，使用接口观察日志。【check1】 3. 反复$修改{操作}持续时间2小时以上，修改次数超过200次 4. 观察日志归并【check2】【chekc3】 | H107: 1. 【check1】日志写入成功，查询日志与写入的数量和内容一致。 2. 【check2】日志归并功能正常 3. 【check3】设备CPU、内容、磁盘无异常 4. | I107: 1. 2. 3. 4. | K107: P4 | L107: 性能测试 | N107: 待评审 | O107: 0 | P107: 0 | Q107: 4 | U107: 赵海波 | V107: 2024-10-22 19:00:20 | Y107: 1 | AB107: TGFW-V6R01C01 | AD107: 不实现
A108: 254433 | B108: 明御防火墙_通用(#10) | C108: /管理维护/监控统计/日志中心/管理维护/DFX(#19389) | D108: (#0) | E108: 验证反复修改日志备份的日志功能 | F108: 1、网元正常启动 2、开启日志服务器并配置三个日志服务器，分别以syslog tcp，syslog udp和restapi方式发送日志 3、配置日志服务器路由可达 | G108: 1. 选取系统日志,操作日志,入侵防御日志,防病毒日志,内容过滤日志,文件过滤日志,URL过滤日志,WEB防护日志,防暴力破解日志,弱密码日志,控制策略阻断日志,本地控制策略日志,单包防护日志,Flood攻击日志,黑白名单日志,EDR推广日志,IPSecVPN日志中任意两种以上日志。 2. 持续以200条/s的速率向日志侦听端口写入步骤1中选取的日志，使用接口观察日志。【check1】 3. 反复$修改{操作}持续时间2小时以上，修改次数超过200次 4. 观察日志备份【check2】【chekc3】 | H108: 1. 【check1】日志写入成功，查询日志与写入的数量和内容一致。 2. 【check2】日志备份功能正常 3. 【check3】设备CPU、内容、磁盘无异常 4. | I108: 1. 2. 3. 4. | K108: P4 | L108: 性能测试 | N108: 待评审 | O108: 0 | P108: 0 | Q108: 4 | U108: 赵海波 | V108: 2024-10-22 19:00:20 | Y108: 1 | AB108: TGFW-V6R01C01 | AD108: 不实现
A109: 254434 | B109: 明御防火墙_通用(#10) | C109: /管理维护/监控统计/日志中心/管理维护/DFX(#19389) | D109: (#0) | E109: 验证反复修改的日志功能 | F109: 1、网元正常启动 2、开启日志服务器并配置三个日志服务器，分别以syslog tcp，syslog udp和restapi方式发送日志 3、配置日志服务器路由可达 | G109: 1. 选取系统日志,操作日志,入侵防御日志,防病毒日志,内容过滤日志,文件过滤日志,URL过滤日志,WEB防护日志,防暴力破解日志,弱密码日志,控制策略阻断日志,本地控制策略日志,单包防护日志,Flood攻击日志,黑白名单日志,EDR推广日志,IPSecVPN日志中任意两种以上日志。 2. 持续以200条/s的速率向日志侦听端口写入步骤1中选取的日志，使用接口观察日志。【check1】 3. 反复$修改{操作}持续时间2小时以上，修改次数超过200次 4. 观察【check2】【chekc3】 | H109: 1. 【check1】日志写入成功，查询日志与写入的数量和内容一致。 2. 【check2】功能正常 3. 【check3】设备CPU、内容、磁盘无异常 4. | I109: 1. 2. 3. 4. | K109: P4 | L109: 性能测试 | N109: 待评审 | O109: 0 | P109: 0 | Q109: 4 | U109: 赵海波 | V109: 2024-10-22 19:00:20 | Y109: 1 | AB109: TGFW-V6R01C01 | AD109: 不实现
A110: 254435 | B110: 明御防火墙_通用(#10) | C110: /管理维护/监控统计/日志中心/管理维护/DFX(#19389) | D110: (#0) | E110: 验证反复日志查询的日志功能 | F110: 1、网元正常启动 2、开启日志服务器并配置三个日志服务器，分别以syslog tcp，syslog udp和restapi方式发送日志 3、配置日志服务器路由可达 | G110: 1. 选取系统日志,操作日志,入侵防御日志,防病毒日志,内容过滤日志,文件过滤日志,URL过滤日志,WEB防护日志,防暴力破解日志,弱密码日志,控制策略阻断日志,本地控制策略日志,单包防护日志,Flood攻击日志,黑白名单日志,EDR推广日志,IPSecVPN日志中任意两种以上日志。 2. 持续以200条/s的速率向日志侦听端口写入步骤1中选取的日志，使用接口观察日志。【check1】 3. 反复日志查询持续时间2小时以上，查询次数超过200次。【check1】【check2】 | H110: 1. 【check1】日志写入成功，查询日志与写入的数量和内容一致。 2. 【check2】设备CPU、内容、磁盘无异常 3. | I110: 1. 2. 3. | K110: P4 | L110: 性能测试 | N110: 待评审 | O110: 0 | P110: 0 | Q110: 3 | U110: 赵海波 | V110: 2024-10-22 19:00:20 | Y110: 1 | AB110: TGFW-V6R01C01 | AD110: 不实现
A111: 254436 | B111: 明御防火墙_通用(#10) | C111: /管理维护/监控统计/日志中心/管理维护/DFX(#19389) | D111: (#0) | E111: 验证反复修改修改信息收集的调试日志功能 | F111: 1、网元正常启动 2、开启调试日志 | G111: 1. 检查设备调试日志和信息收集功能。【check1】 2. 反复修改信息收集，持续2小时以上，次数超过200次 3. 验证调试日志记录和信息收集功能【check1】【chekc2】 | H111: 1. 【check1】调试信息记录和信息收集功能正常 2. 【check2】设备CPU、内容、磁盘无异常 3. | I111: 1. 2. 3. | K111: P4 | L111: 性能测试 | N111: 待评审 | O111: 0 | P111: 0 | Q111: 3 | U111: 赵海波 | V111: 2024-10-22 19:00:20 | Y111: 1 | AB111: TGFW-V6R01C01 | AD111: 不实现
A112: 254437 | B112: 明御防火墙_通用(#10) | C112: /管理维护/监控统计/日志中心/管理维护/DFX(#19389) | D112: (#0) | E112: 验证反复修改开启关闭调试日志的调试日志功能 | F112: 1、网元正常启动 2、开启调试日志 | G112: 1. 检查设备调试日志和信息收集功能。【check1】 2. 反复开启关闭调试日志，持续2小时以上，次数超过200次 3. 验证调试日志记录和信息收集功能【check1】【chekc2】 | H112: 1. 【check1】调试信息记录和信息收集功能正常 2. 【check2】设备CPU、内容、磁盘无异常 3. | I112: 1. 2. 3. | K112: P4 | L112: 性能测试 | N112: 待评审 | O112: 0 | P112: 0 | Q112: 3 | U112: 赵海波 | V112: 2024-10-22 19:00:20 | Y112: 1 | AB112: TGFW-V6R01C01 | AD112: 不实现
... A120: 254445 | B120: 明御防火墙_通用(#10) | C120: /管理维护/监控统计/日志中心/管理维护/DFX(#19389) | D120: (#0) | E120: 验证防火墙主主场景下的日志功能 | F120: 1、网元正常启动 2、双机主主关系正常建立 | G120: 1. 在配置主机上配置日志服务器、日志过滤、日志备份（无盘系统不支持不需要配置），日志归并，信息收集方式、日志格式（CLI配置）与默认值不一样。【check1】 2. 在配置备机上观察日志配置，并发起配置修改。【check2】【check3】 3. 在双机上观察日志查询、日志外发、日志备份、日志归并功能【check4】 4. 在双机上观察调试日志和信息收集功能【check5】 5. 发起主备切换，重复步骤3和步骤4。【check4】【check5】 6. 发起主备回切，，重复步骤3和步骤4。【check4】【check5】 | H120: 1. 【check1】日志服务器、日志过滤、日志备份（无盘系统不支持不需要配置），日志归并，信息收集方式、日志格式（CLI配置）的配置成功 2. 【check2】日志服务器、日志过滤、日志备份（无盘系统不支持不需要配置），日志归并，信息收集方式、日志格式（CLI配置）的配置同步到备机 3. 【check3】备机不允许修改日志服务器、日志过滤、日志备份（无盘系统不支持不需要配置），日志归并，信息收集方式、日志格式（CLI配置）配置，提示信息正确。 4. 【check4】双机的日志查询、日志外发（双机都外发）、日志备份、日志归并功能均正常 5. 【check5】双机调试日志和信息收集功能正常。调试日志开关双机不同步且备机可以开始调试日志记录功能。 6. | I120: 1. 2. 3. 4. 5. 6. | K120: P4 | L120: 耦合测试 | N120: 待评审 | O120: 0 | P120: 0 | Q120: 6 | U120: 赵海波 | V120: 2024-10-22 19:00:20 | Y120: 1 | AB120: TGFW-V6R01C01 | AD120: 不实现
A121: 238708 | B121: 明御防火墙_通用(#10) | C121: /管理维护/监控统计/日志中心/管理维护/日志进程管理(#19390) | D121: (#0) | E121: kill -STOP模拟数据库进程卡住，验证心跳检查机制自动重启数据库进程 | F121: 1.设备启动 2.存在背景流 | G121: 1. 后台执行kill -STOP 数据库进程pid 2. 查看supervisor日志 3. 持续观察数据库进程情况 4. 进程重启后观察日志入库 | H121: 1. 【check1】执行成功 2. 【check2】持续产生数据库进程异常日志 3. 【check3】1分钟内自动重启数据库进程，过程中背景流正常转发 4. 【check4】正常新增日志 | I121: 1. 2. 3. 4. | K121: P3 | L121: 功能测试 | N121: 正常 | O121: 0 | P121: 1 | Q121: 4 | R121: 朱玮泽 | S121: 2024-09-12 17:35:00 | T121: 通过 | U121: 朱玮泽 | V121: 2024-09-12 11:48:23 | W121: 朱玮泽 | X121: 2024-09-12 11:48:44 | Y121: 1 | AD121: 待实现
A122: 249403 | B122: 明御防火墙_通用(#10) | C122: /管理维护/监控统计/日志中心/管理维护/日志进程管理(#19390) | D122: (#0) | E122: 验证influxdb进程守护功能 | F122: 1、网元正常启动 | G122: 1. linux后台查看进程启动情况【check1】 2. kill -9 influxdb进程对应的进程号，linux后台查看进程【check2】 3. 构造产生任意操作日志，观察日志记录情况。【check3】 4. 频繁kill influxdb200次以上，重复步骤2和步骤3。【check2】【check3】 | H122: 1. 【check1】influxdb进程正常启动 2. 【check2】influxdb进程在5s内正常启动 3. 【check3】操作日志正常记录 4. | I122: 1. 2. 3. 4. | K122: P4 | L122: 可靠性测试 | N122: 正常 | O122: 1 | P122: 2 | Q122: 4 | R122: 邱宇 | S122: 2024-10-17 11:12:07 | T122: 通过 | U122: 赵海波 | V122: 2024-10-11 19:41:18 | W122: 邱宇 | X122: 2024-10-12 14:15:16 | Y122: 1 | AB122: TGFW-V6R01C01 | AD122: 不实现
A123: 249404 | B123: 明御防火墙_通用(#10) | C123: /管理维护/监控统计/日志中心/管理维护/日志进程管理(#19390) | D123: (#0) | E123: 验证dbtask进程守护功能 | F123: 1、网元正常启动 | G123: 1. linux后台查看进程启动情况【check1】 2. kill -9 dbtask进程对应的进程号，linux后台查看进程【check2】 3. 构造产生任意操作日志，观察日志记录情况。【check3】 4. 频繁kill dbtask200次以上，重复步骤2和步骤3。【check2】【check3】 | H123: 1. 【check1】dbtask进程正常启动 2. 【check2】dbtask进程在5s内正常启动 3. 【check3】操作日志正常记录 4. | I123: 1. 2. 3. 4. | K123: P4 | L123: 可靠性测试 | N123: 正常 | O123: 0 | P123: 2 | Q123: 4 | R123: 邱宇 | S123: 2024-10-17 14:46:00 | T123: 通过 | U123: 赵海波 | V123: 2024-10-11 19:41:18 | W123: 邱宇 | X123: 2024-10-12 14:15:16 | Y123: 1 | AB123: TGFW-V6R01C01 | AD123: 不实现
A124: 249405 | B124: 明御防火墙_通用(#10) | C124: /管理维护/监控统计/日志中心/管理维护/日志进程管理(#19390) | D124: (#0) | E124: 验证logservr进程守护功能 | F124: 1、网元正常启动 | G124: 1. linux后台查看进程启动情况【check1】 2. kill -9 logservr进程对应的进程号，linux后台查看进程【check2】 3. 构造产生任意操作日志，观察日志记录情况。【check3】 4. 频繁kill logservr200次以上，重复步骤2和步骤3。【check2】【check3】 | H124: 1. 【check1】logservr进程正常启动 2. 【check2】logservr进程在5s内正常启动 3. 【check3】操作日志正常记录 4. | I124: 1. 2. 3. 4. | K124: P4 | L124: 可靠性测试 | N124: 正常 | O124: 0 | P124: 2 | Q124: 4 | R124: 邱宇 | S124: 2024-10-16 20:34:16 | T124: 通过 | U124: 赵海波 | V124: 2024-10-11 19:41:18 | W124: 邱宇 | X124: 2024-10-12 14:15:16 | Y124: 1 | AB124: TGFW-V6R01C01 | AD124: 不实现
A125: 249406 | B125: 明御防火墙_通用(#10) | C125: /管理维护/监控统计/日志中心/管理维护/日志进程管理(#19390) | D125: (#0) | E125: 验证influxdb组件在有存储设备上的启动参数 | F125: 1、网元正常启动 | G125: 1. 使用ps进程观察influxdb的启动参数【check1】 2. 在/appdata/etc/agentcfg/supervisor.conf中观察influxdb的启动参数【check1】 3. 使用ll观察/userdata/influxdbdata和/userdata/userfile/influxTask目录【check3】 | H125: 1. 【check1】启动参数为"--bolt-path /appdata/etc/influxd.bolt --engine-path /userdata/influxdbdata/ --http-bind-address 127.0.0.1:8086 --http-idle-timeout 3m0s --http-read-timeout 10s --http-write-timeout 10s --query-memory-bytes 7730941132 --influxql-max-select-point 0" 2. 【check2】存在软件链接/userdata/userfile/influxTask -> /exdisk/userfile/influxTask和/userdata/influxdbdata -> /exdisk/influxdbdata 3. | I125: 1. 2. 3. | K125: P3 | L125: 功能测试 | N125: 正常 | O125: 0 | P125: 1 | Q125: 3 | R125: 邱宇 | S125: 2024-10-15 09:47:18 | T125: 通过 | U125: 赵海波 | V125: 2024-10-11 19:41:18 | W125: 邱宇 | X125: 2024-10-12 14:15:16 | Y125: 1 | AB125: TGFW-V6R01C01 | AC125: TGFW-160，TGFW-A100-FU | AD125: 待实现
A126: 249407 | B126: 明御防火墙_通用(#10) | C126: /管理维护/监控统计/日志中心/管理维护/日志进程管理(#19390) | D126: (#0) | E126: 验证influxdb组件在无存储设备上的启动参数 | F126: 1、网元正常启动 | G126: 1. 使用ps进程观察influxdb的启动参数【check1】 2. 在/appdata/etc/agentcfg/supervisor.conf中观察influxdb的启动参数【check1】 3. 使用ll观察/userdata/influxdbdata和/userdata/userfile/influxTask目录【check3】 | H126: 1. 【check1】启动参数为"--bolt-path /appdata/etc/influxd.bolt --engine-path /userdata/influxdbdata/ --http-bind-address 127.0.0.1:8086 --http-idle-timeout 3m0s --http-read-timeout 10s --http-write-timeout 10s --query-memory-bytes 966367641 --storage-cache-max-memory-size 5242880 --storage-cache-snapshot-write-cold-duration 1m --storage-max-index-log-file-size 524288 --storage-cache-snapshot-memory-size 5242880 --inluxql-max-select-point 0" 2. 【check2】两个文件不存在软链接 3. | I126: 1. 2. 3. | K126: P3 | L126: 功能测试 | N126: 正常 | O126: 0 | P126: 2 | Q126: 3 | R126: 邱宇 | S126: 2024-10-16 20:27:45 | T126: 通过 | U126: 赵海波 | V126: 2024-10-11 19:41:18 | W126: 邱宇 | X126: 2024-10-15 09:59:50 | Y126: 2 | AB126: TGFW-V6R01C01 | AC126: TGFW-EX-STORAGE | AD126: 待实现
A127: 254219 | B127: 明御防火墙_通用(#10) | C127: /管理维护/监控统计/日志中心/日志管理/防火墙日志(#22641) | D127: (#0) | E127: 验证系统日志的写入和查询功能 | F127: 网元正常启动 | G127: 1. 向防火墙的日志侦听端口写入系统日志，日志中的所有字段均不相同，写入方法参考wiki中的总结文档。 2. 在日志中心查询系统日志 3. 对比查询到日志的时间与步骤1中写入日志内容【check1】 4. 对比查询到日志的日志级别与步骤1中写入日志内容【check1】 5. 对比查询到日志的日志描述与步骤1中写入日志内容【check1】 | H127: 1. 【check1】查询到的数据与写入的数据完全相同 2. 3. 4. 5. | I127: 1. 2. 3. 4. 5. | K127: P2 | L127: 功能测试 | N127: 待评审 | O127: 0 | P127: 0 | Q127: 5 | U127: 赵海波 | V127: 2024-10-22 18:59:58 | Y127: 1 | AB127: TGFW-V6R01C01 | AD127: 待实现
A128: 254220 | B128: 明御防火墙_通用(#10) | C128: /管理维护/监控统计/日志中心/日志管理/防火墙日志(#22641) | D128: (#0) | E128: 验证操作日志的写入和查询功能 | F128: 网元正常启动 | G128: 1. 向防火墙的日志侦听端口写入操作日志，日志中的所有字段均不相同，写入方法参考wiki中的总结文档。 2. 在日志中心查询操作日志 3. 对比查询到日志的时间与步骤1中写入日志内容【check1】 4. 对比查询到日志的日志级别与步骤1中写入日志内容【check1】 5. 对比查询到日志的管理员与步骤1中写入日志内容【check1】 6. 对比查询到日志的管理员IP与步骤1中写入日志内容【check1】 7. 对比查询到日志的日志描述与步骤1中写入日志内容【check1】 | H128: 1. 【check1】查询到的数据与写入的数据完全相同 2. 3. 4. 5. 6. 7. | I128: 1. 2. 3. 4. 5. 6. 7. | K128: P2 | L128: 功能测试 | N128: 待评审 | O128: 0 | P128: 0 | Q128: 7 | U128: 赵海波 | V128: 2024-10-22 18:59:58 | Y128: 1 | AB128: TGFW-V6R01C01 | AD128: 待实现
A129: 254221 | B129: 明御防火墙_通用(#10) | C129: /管理维护/监控统计/日志中心/日志管理/防火墙日志(#22641) | D129: (#0) | E129: 验证入侵防御日志的写入和查询功能 | F129: 网元正常启动 | G129: 1. 向防火墙的日志侦听端口写入入侵防御日志，日志中的所有字段均不相同，写入方法参考wiki中的总结文档。 2. 在日志中心查询入侵防御日志 3. 对比查询到日志的时间与步骤1中写入日志内容【check1】 4. 对比查询到日志的日志级别与步骤1中写入日志内容【check1】 5. 对比查询到日志的源地址与步骤1中写入日志内容【check1】 6. 对比查询到日志的源端口与步骤1中写入日志内容【check1】 7. 对比查询到日志的目的地址与步骤1中写入日志内容【check1】 8. 对比查询到日志的目的端口与步骤1中写入日志内容【check1】 9. 对比查询到日志的协议与步骤1中写入日志内容【check1】 10. 对比查询到日志的策略ID与步骤1中写入日志内容【check1】 11. 对比查询到日志的规则名称与步骤1中写入日志内容【check1】 12. 对比查询到日志的命中配置与步骤1中写入日志内容【check1】 13. 对比查询到日志的动作与步骤1中写入日志内容【check1】 | H129: 1. 【check1】查询到的数据与写入的数据完全相同 2. 3. 4. 5. 6. 7. 8. 9. 10. 11. 12. 13. | I129: 1. 2. 3. 4. 5. 6. 7. 8. 9. 10. 11. 12. 13. | K129: P2 | L129: 功能测试 | N129: 待评审 | O129: 0 | P129: 0 | Q129: 13 | U129: 赵海波 | V129: 2024-10-22 18:59:58 | Y129: 1 | AB129: TGFW-V6R01C01 | AD129: 待实现
A130: 254222 | B130: 明御防火墙_通用(#10) | C130: /管理维护/监控统计/日志中心/日志管理/防火墙日志(#22641) | D130: (#0) | E130: 验证防病毒日志的写入和查询功能 | F130: 网元正常启动 | G130: 1. 向防火墙的日志侦听端口写入防病毒日志，日志中的所有字段均不相同，写入方法参考wiki中的总结文档。 2. 在日志中心查询防病毒日志 3. 对比查询到日志的时间与步骤1中写入日志内容【check1】 4. 对比查询到日志的日志级别与步骤1中写入日志内容【check1】 5. 对比查询到日志的源地址与步骤1中写入日志内容【check1】 6. 对比查询到日志的源端口与步骤1中写入日志内容【check1】 7. 对比查询到日志的目的地址与步骤1中写入日志内容【check1】 8. 对比查询到日志的目的端口与步骤1中写入日志内容【check1】 9. 对比查询到日志的协议与步骤1中写入日志内容【check1】 10. 对比查询到日志的策略ID与步骤1中写入日志内容【check1】 11. 对比查询到日志的应用类型与步骤1中写入日志内容【check1】 12. 对比查询到日志的文件名与步骤1中写入日志内容【check1】 13. 对比查询到日志的病毒类型与步骤1中写入日志内容【check1】 14. 对比查询到日志的动作与步骤1中写入日志内容【check1】 | H130: 1. 【check1】查询到的数据与写入的数据完全相同 2. 3. 4. 5. 6. 7. 8. 9. 10. 11. 12. 13. 14. | I130: 1. 2. 3. 4. 5. 6. 7. 8. 9. 10. 11. 12. 13. 14. | K130: P2 | L130: 功能测试 | N130: 待评审 | O130: 0 | P130: 0 | Q130: 14 | U130: 赵海波 | V130: 2024-10-22 18:59:58 | Y130: 1 | AB130: TGFW-V6R01C01 | AD130: 待实现
A131: 254223 | B131: 明御防火墙_通用(#10) | C131: /管理维护/监控统计/日志中心/日志管理/防火墙日志(#22641) | D131: (#0) | E131: 验证内容过滤日志的写入和查询功能 | F131: 网元正常启动 | G131: 1. 向防火墙的日志侦听端口写入内容过滤日志，日志中的所有字段均不相同，写入方法参考wiki中的总结文档。 2. 在日志中心查询内容过滤日志 3. 对比查询到日志的时间与步骤1中写入日志内容【check1】 4. 对比查询到日志的日志级别与步骤1中写入日志内容【check1】 5. 对比查询到日志的源地址与步骤1中写入日志内容【check1】 6. 对比查询到日志的源端口与步骤1中写入日志内容【check1】 7. 对比查询到日志的目的地址与步骤1中写入日志内容【check1】 8. 对比查询到日志的目的端口与步骤1中写入日志内容【check1】 9. 对比查询到日志的协议与步骤1中写入日志内容【check1】 10. 对比查询到日志的策略ID与步骤1中写入日志内容【check1】 11. 对比查询到日志的动作与步骤1中写入日志内容【check1】 | H131: 1. 【check1】查询到的数据与写入的数据完全相同 2. 3. 4. 5. 6. 7. 8. 9. 10. 11. | I131: 1. 2. 3. 4. 5. 6. 7. 8. 9. 10. 11. | K131: P2 | L131: 功能测试 | N131: 待评审 | O131: 0 | P131: 0 | Q131: 11 | U131: 赵海波 | V131: 2024-10-22 18:59:58 | Y131: 1 | AB131: TGFW-V6R01C01 | AD131: 待实现
A132: 254224 | B132: 明御防火墙_通用(#10) | C132: /管理维护/监控统计/日志中心/日志管理/防火墙日志(#22641) | D132: (#0) | E132: 验证文件过滤日志的写入和查询功能 | F132: 网元正常启动 | G132: 1. 向防火墙的日志侦听端口写入文件过滤日志，日志中的所有字段均不相同，写入方法参考wiki中的总结文档。 2. 在日志中心查询文件过滤日志 3. 对比查询到日志的时间与步骤1中写入日志内容【check1】 4. 对比查询到日志的日志级别与步骤1中写入日志内容【check1】 5. 对比查询到日志的源地址与步骤1中写入日志内容【check1】 6. 对比查询到日志的源端口与步骤1中写入日志内容【check1】 7. 对比查询到日志的目的地址与步骤1中写入日志内容【check1】 8. 对比查询到日志的目的端口与步骤1中写入日志内容【check1】 9. 对比查询到日志的策略ID与步骤1中写入日志内容【check1】 10. 对比查询到日志的应用类型与步骤1中写入日志内容【check1】 11. 对比查询到日志的文件名与步骤1中写入日志内容【check1】 12. 对比查询到日志的动作与步骤1中写入日志内容【check1】 | H132: 1. 【check1】查询到的数据与写入的数据完全相同 2. 3. 4. 5. 6. 7. 8. 9. 10. 11. 12. | I132: 1. 2. 3. 4. 5. 6. 7. 8. 9. 10. 11. 12. | K132: P2 | L132: 功能测试 | N132: 待评审 | O132: 0 | P132: 0 | Q132: 12 | U132: 赵海波 | V132: 2024-10-22 18:59:58 | Y132: 1 | AB132: TGFW-V6R01C01 | AD132: 待实现
A133: 254225 | B133: 明御防火墙_通用(#10) | C133: /管理维护/监控统计/日志中心/日志管理/防火墙日志(#22641) | D133: (#0) | E133: 验证URL过滤日志的写入和查询功能 | F133: 网元正常启动 | G133: 1. 向防火墙的日志侦听端口写入URL过滤日志，日志中的所有字段均不相同，写入方法参考wiki中的总结文档。 2. 在日志中心查询URL过滤日志 3. 对比查询到日志的时间与步骤1中写入日志内容【check1】 4. 对比查询到日志的日志级别与步骤1中写入日志内容【check1】 5. 对比查询到日志的源地址与步骤1中写入日志内容【check1】 6. 对比查询到日志的源端口与步骤1中写入日志内容【check1】 7. 对比查询到日志的目的地址与步骤1中写入日志内容【check1】 8. 对比查询到日志的目的端口与步骤1中写入日志内容【check1】 9. 对比查询到日志的协议与步骤1中写入日志内容【check1】 10. 对比查询到日志的策略ID与步骤1中写入日志内容【check1】 11. 对比查询到日志的动作与步骤1中写入日志内容【check1】 12. 对比查询到日志的过滤类型与步骤1中写入日志内容【check1】 | H133: 1. 【check1】查询到的数据与写入的数据完全相同 2. 3. 4. 5. 6. 7. 8. 9. 10. 11. 12. | I133: 1. 2. 3. 4. 5. 6. 7. 8. 9. 10. 11. 12. | K133: P2 | L133: 功能测试 | N133: 待评审 | O133: 0 | P133: 0 | Q133: 12 | U133: 赵海波 | V133: 2024-10-22 18:59:58 | Y133: 1 | AB133: TGFW-V6R01C01 | AD133: 待实现
A134: 254226 | B134: 明御防火墙_通用(#10) | C134: /管理维护/监控统计/日志中心/日志管理/防火墙日志(#22641) | D134: (#0) | E134: 验证WEB防护日志的写入和查询功能 | F134: 网元正常启动 | G134: 1. 向防火墙的日志侦听端口写入WEB防护日志，日志中的所有字段均不相同，写入方法参考wiki中的总结文档。 2. 在日志中心查询WEB防护日志 3. 对比查询到日志的时间与步骤1中写入日志内容【check1】 4. 对比查询到日志的日志级别与步骤1中写入日志内容【check1】 5. 对比查询到日志的源地址与步骤1中写入日志内容【check1】 6. 对比查询到日志的源端口与步骤1中写入日志内容【check1】 7. 对比查询到日志的目的地址与步骤1中写入日志内容【check1】 8. 对比查询到日志的目的端口与步骤1中写入日志内容【check1】 9. 对比查询到日志的协议与步骤1中写入日志内容【check1】 10. 对比查询到日志的防护类型与步骤1中写入日志内容【check1】 11. 对比查询到日志的攻击次数与步骤1中写入日志内容【check1】 12. 对比查询到日志的动作与步骤1中写入日志内容【check1】 | H134: 1. 【check1】查询到的数据与写入的数据完全相同 2. 3. 4. 5. 6. 7. 8. 9. 10. 11. 12. | I134: 1. 2. 3. 4. 5. 6. 7. 8. 9. 10. 11. 12. | K134: P2 | L134: 功能测试 | N134: 待评审 | O134: 0 | P134: 0 | Q134: 12 | U134: 赵海波 | V134: 2024-10-22 18:59:58 | Y134: 1 | AB134: TGFW-V6R01C01 | AD134: 待实现
A135: 254227 | B135: 明御防火墙_通用(#10) | C135: /管理维护/监控统计/日志中心/日志管理/防火墙日志(#22641) | D135: (#0) | E135: 验证防暴力破解日志的写入和查询功能 | F135: 网元正常启动 | G135: 1. 向防火墙的日志侦听端口写入防暴力破解日志，日志中的所有字段均不相同，写入方法参考wiki中的总结文档。 2. 在日志中心查询防暴力破解日志 3. 对比查询到日志的时间与步骤1中写入日志内容【check1】 4. 对比查询到日志的日志级别与步骤1中写入日志内容【check1】 5. 对比查询到日志的源地址与步骤1中写入日志内容【check1】 6. 对比查询到日志的源端口与步骤1中写入日志内容【check1】 7. 对比查询到日志的目的地址与步骤1中写入日志内容【check1】 8. 对比查询到日志的目的端口与步骤1中写入日志内容【check1】 9. 对比查询到日志的协议与步骤1中写入日志内容【check1】 10. 对比查询到日志的动作与步骤1中写入日志内容【check1】 | H135: 1. 【check1】查询到的数据与写入的数据完全相同 2. 3. 4. 5. 6. 7. 8. 9. 10. | I135: 1. 2. 3. 4. 5. 6. 7. 8. 9. 10. | K135: P2 | L135: 功能测试 | N135: 待评审 | O135: 0 | P135: 0 | Q135: 10 | U135: 赵海波 | V135: 2024-10-22 18:59:58 | Y135: 1 | AB135: TGFW-V6R01C01 | AD135: 待实现
A136: 254228 | B136: 明御防火墙_通用(#10) | C136: /管理维护/监控统计/日志中心/日志管理/防火墙日志(#22641) | D136: (#0) | E136: 验证弱密码日志的写入和查询功能 | F136: 网元正常启动 | G136: 1. 向防火墙的日志侦听端口写入弱密码日志，日志中的所有字段均不相同，写入方法参考wiki中的总结文档。 2. 在日志中心查询弱密码日志 3. 对比查询到日志的时间与步骤1中写入日志内容【check1】 4. 对比查询到日志的日志级别与步骤1中写入日志内容【check1】 5. 对比查询到日志的源地址与步骤1中写入日志内容【check1】 6. 对比查询到日志的源端口与步骤1中写入日志内容【check1】 7. 对比查询到日志的目的地址与步骤1中写入日志内容【check1】 8. 对比查询到日志的目的端口与步骤1中写入日志内容【check1】 9. 对比查询到日志的协议与步骤1中写入日志内容【check1】 10. 对比查询到日志的策略ID与步骤1中写入日志内容【check1】 11. 对比查询到日志的配置名称与步骤1中写入日志内容【check1】 12. 对比查询到日志的动作与步骤1中写入日志内容【check1】 | H136: 1. 【check1】查询到的数据与写入的数据完全相同 2. 3. 4. 5. 6. 7. 8. 9. 10. 11. 12. | I136: 1. 2. 3. 4. 5. 6. 7. 8. 9. 10. 11. 12. | K136: P2 | L136: 功能测试 | N136: 待评审 | O136: 0 | P136: 0 | Q136: 12 | U136: 赵海波 | V136: 2024-10-22 18:59:58 | Y136: 1 | AB136: TGFW-V6R01C01 | AD136: 待实现
A137: 254229 | B137: 明御防火墙_通用(#10) | C137: /管理维护/监控统计/日志中心/日志管理/防火墙日志(#22641) | D137: (#0) | E137: 验证控制策略阻断日志的写入和查询功能 | F137: 网元正常启动 | G137: 1. 向防火墙的日志侦听端口写入控制策略阻断日志，日志中的所有字段均不相同，写入方法参考wiki中的总结文档。 2. 在日志中心查询控制策略阻断日志 3. 对比查询到日志的时间与步骤1中写入日志内容【check1】 4. 对比查询到日志的日志级别与步骤1中写入日志内容【check1】 5. 对比查询到日志的源地址与步骤1中写入日志内容【check1】 6. 对比查询到日志的源端口与步骤1中写入日志内容【check1】 7. 对比查询到日志的目的地址与步骤1中写入日志内容【check1】 8. 对比查询到日志的目的端口与步骤1中写入日志内容【check1】 9. 对比查询到日志的源安全域与步骤1中写入日志内容【check1】 10. 对比查询到日志的目的安全域与步骤1中写入日志内容【check1】 11. 对比查询到日志的源地区与步骤1中写入日志内容【check1】 12. 对比查询到日志的目的与步骤1中写入日志内容【check1】 13. 对比查询到日志的应用与步骤1中写入日志内容【check1】 14. 对比查询到日志的协议号与步骤1中写入日志内容【check1】 15. 对比查询到日志的策略名称与步骤1中写入日志内容【check1】 16. 对比查询到日志的动作与步骤1中写入日志内容【check1】 | H137: 1. 【check1】查询到的数据与写入的数据完全相同 2. 3. 4. 5. 6. 7. 8. 9. 10. 11. 12. 13. 14. 15. 16. | I137: 1. 2. 3. 4. 5. 6. 7. 8. 9. 10. 11. 12. 13. 14. 15. 16. | K137: P2 | L137: 功能测试 | N137: 待评审 | O137: 0 | P137: 0 | Q137: 16 | U137: 赵海波 | V137: 2024-10-22 18:59:58 | Y137: 1 | AB137: TGFW-V6R01C01 | AD137: 待实现
A138: 254230 | B138: 明御防火墙_通用(#10) | C138: /管理维护/监控统计/日志中心/日志管理/防火墙日志(#22641) | D138: (#0) | E138: 验证本地控制策略日志的写入和查询功能 | F138: 网元正常启动 | G138: 1. 向防火墙的日志侦听端口写入本地控制策略日志，日志中的所有字段均不相同，写入方法参考wiki中的总结文档。 2. 在日志中心查询本地控制策略日志 3. 对比查询到日志的时间与步骤1中写入日志内容【check1】 4. 对比查询到日志的日志级别与步骤1中写入日志内容【check1】 5. 对比查询到日志的源地址与步骤1中写入日志内容【check1】 6. 对比查询到日志的源端口与步骤1中写入日志内容【check1】 7. 对比查询到日志的目的地址与步骤1中写入日志内容【check1】 8. 对比查询到日志的目的端口与步骤1中写入日志内容【check1】 9. 对比查询到日志的源安全域与步骤1中写入日志内容【check1】 10. 对比查询到日志的目的安全域与步骤1中写入日志内容【check1】 11. 对比查询到日志的源地区与步骤1中写入日志内容【check1】 12. 对比查询到日志的目的与步骤1中写入日志内容【check1】 13. 对比查询到日志的应用与步骤1中写入日志内容【check1】 14. 对比查询到日志的协议号与步骤1中写入日志内容【check1】 15. 对比查询到日志的策略名称与步骤1中写入日志内容【check1】 16. 对比查询到日志的动作与步骤1中写入日志内容【check1】 | H138: 1. 【check1】查询到的数据与写入的数据完全相同 2. 3. 4. 5. 6. 7. 8. 9. 10. 11. 12. 13. 14. 15. 16. | I138: 1. 2. 3. 4. 5. 6. 7. 8. 9. 10. 11. 12. 13. 14. 15. 16. | K138: P2 | L138: 功能测试 | N138: 待评审 | O138: 0 | P138: 0 | Q138: 16 | U138: 赵海波 | V138: 2024-10-22 18:59:58 | Y138: 1 | AB138: TGFW-V6R01C01 | AD138: 待实现
...

Sheet 附录1
A1: 统计信息
A2: 用例级别 | B2: 目标占比 | C2: 实际占比
A3: LEVEL0~1 | B3: <15% | C3: =C$9+C$10 -> #DIV/0!
A4: LEVEL2~3 | B4: >40% | C4: =C$11+C$12 -> #DIV/0!
A5: LEVEL0~3 | B5: >60% | C5: =C$9+C$10+C$11+C$12 -> #DIV/0!
A6: 可自动化率 | B6: =E9/SUM(E9:E10) -> #DIV/0!
A7: 详细数据
A8: 用例级别 | B8: 数量 | C8: 占比 | D8: 是否自动化 | E8: 数量
A9: LEVEL0 | B9: =COUNTIF(用例全集!$I:$I,A9) -> 0 | C9: =B9/SUM(B$9:B$15) -> #DIV/0! | D9: 是 | E9: =COUNTIF(用例全集!$T:$T,D9) -> 0
A10: LEVEL1 | B10: =COUNTIF(用例全集!$I:$I,A10) -> 0 | C10: =B10/SUM(B$9:B$15) -> #DIV/0! | D10: 否 | E10: =COUNTIF(用例全集!$T:$T,D10) -> 0
A11: LEVEL2 | B11: =COUNTIF(用例全集!$I:$I,A11) -> 0 | C11: =B11/SUM(B$9:B$15) -> #DIV/0!
A12: LEVEL3 | B12: =COUNTIF(用例全集!$I:$I,A12) -> 0 | C12: =B12/SUM(B$9:B$15) -> #DIV/0!
A13: LEVEL4 | B13: =COUNTIF(用例全集!$I:$I,A13) -> 0 | C13: =B13/SUM(B$9:B$15) -> #DIV/0!
A14: LEVEL5 | B14: =COUNTIF(用例全集!$I:$I,A14) -> 0 | C14: =B14/SUM(B$9:B$15) -> #DIV/0!
A15: LEVEL6 | B15: =COUNTIF(用例全集!$I:$I,A15) -> 0 | C15: =B15/SUM(B$9:B$15) -> #DIV/0!
A16: 总数 | B16: =SUM(B9:B15) -> 0
A19: 用例基线时间点
A20: TR5基线一次 | B20: TR6基线一次
A22: 字段填写说明
A23: 用例编号 | B23: 使用1到4级目录加三位数字，例如SrvQuality.Qos.Classfy.DiffServ001
A24: 用例级别 | B24: 使用LEVEL0~LEVEL6级，定义说明见下表
B25: 用例级别 | C25: 描述 | D25: 应用场景 | E25: 主要作用 | F25: 选取原则 | G25: 特殊要求
B26: P1 | C26: 接口用例 | D26: 【应用场景】API接口级测试 | E26: 【主要作用】验证设备所有功能配置接口可以正常下发，为所有测试活动开展的基础 | F26: 【选取原则】所有API接口测试的用例，不需要组网和仪表即可完成的测试用例 | G26: 【特殊要求】该层级的用例要求100%实现自动化
B27: P2 | C27: 冒烟/预测试用例 | D27: 【应用场景】开发转测前自验证 | E27: 【主要作用】保证代码修改合入不会影响特性基本功能，主要是保障转发测试的入口质量要求 | F27: 【选取原则】保证特性中最核心功能，测试通过后不会出现三分之一的用例阻塞 | G27: 【特殊要求】至少占特性功能用例的5%左右，对于老版本特性需要100%实现自动化
B28: P3 | C28: 接收/回归/必测用例 | D28: 【应用场景】用于版本转发测试评估（接收用例集），用于版本发布必须测试的用例（回归用例集/必测用例集） | E28: 【主要作用】用于版本转发测试评估是否存在阻塞的特性或功能，用于发布版本验证保证发布版本不存在客户必用的功能存在问题和性能不达标等 | F28: 【选取原则】特性中最基本功能、客户必然会使用的功能以及客户可以接受的最低性能要求 | G28: 【特殊要求】验证周期小于2天，占比所有非接口用例xx%以上，对于老版本用例自动化率高于xx%
B29: P4 | C29: 全量测试用例（测试验证，全量验证） | D29: 【应用场景】用于覆盖客户可能存在的使用场景和功能，以及验证产品满足设计规格以及相关的DFX要求 | E29: 【主要作用】验证保障版本发布后能够满足客户的使用，并满足相关的DFX需求 | F29: 【选取原则】全量用例集，包括可靠性、耦合、升级等测试用例 | G29: 【特殊要求】在非特性配置用例中占比低于xx%
B30: LEVEL4 | C30: 特性可靠性 | D30: 包含单特性的可靠性测试用例。包括反复增删单特性配置、复位重启、拔插单板、网线、主备切换等
B31: LEVEL5 | C31: 特性耦合测试 | D31: 包含两特性耦合和多特性耦合测试用例
B32: LEVEL6 | C32: 特性升级 | D32: 单特性的升级测试用例，包括升级前后配置检查、升级后观察业务、增删配置等
A33: 组网描述 | B33: 必须是用英文的逗号分隔。例如Update01,Update02
A34: 组网约束 | B34: 按实际情况填写
A35: 预置条件 | B35: 按实际情况填写
A36: 测试步骤 | B36: 通常一个用例不超过7步
A37: 预期结果 | B37: 使用check点的方式填写
A38: 适用版本 | B38: 必须以英文逗号分隔,必须使用统一的名称:V1R1C00,V1R1C01
A39: 设备类型* | B39: 必须以英文逗号分隔,J1900,C236,EP
A40: 单板类型 | B40: 必须以英文逗号分隔,
A41: 关键词 | B41: 必须以逗号分隔，公共的关键字必须一致，新增关键字找用例管理员申请
A42: 测试类型* | B42: 接口测试:API测试对应P0 功能测试: 可靠性测试:报错容错、容限、疲劳、配置恢复等测试 性能测试: 耦合测试: 安装部署:升级测试,安装测试 配置相关:UI 安全相关:设备安全性
A43: 是否自动化* | B43: "是"或者"否"
A44: 需求编号 | B44: 暂时不填
A45: 备注 | B45: 按实际情况填写 用例生成工具说明: 1、${}形式的测试数据直接替换 2、$[]形式的测试数据会在同一个用例中重复测试步骤
