Workbook

Sheet 首页
C4: NGFW V60R001C00 HA特性测试用例
C15: 拟定 | D15: 赵海波 | F15: 日期 | G15: 44764
C17: 审核 | F17: 日期 | G17: XXXX/XX/XX
C19: 批准 | F19: 日期
E23: 修订记录
C25: 日期 | D25: 修订版本 | E25: 修改记录 | I25: 修改人
C26: 44764 | D26: V1.0 | E26: 初稿输出 | I26: 赵海波

Sheet 测试点分析
A1: 四级目录 | B1: 五级目录 | C1: 测试点 | D1: 测试设计方法 | E1: 适用场景 | F1: 用例规模（个） | G1: 测试数据
A2: 配置管理
B3: 接口配置
C4: 接口带宽增加测试 | D4: 等价类划分&数据组合 | F4: 4 | G4: 接口、带宽、繁忙阈值、空闲阈值
C5: 接口带宽修改测试 | D5: 等价类划分&数据组合 | F5: 4 | G5: 接口、带宽、繁忙阈值、空闲阈值
C6: 接口带宽删除和批量删除测试 | D6: 直接分析 | F6: 2 | G6: 删除、批量删除
C7: 接口带宽的查询和分页查询测试 | D7: 直接分析 | F7: 2 | G7: 查询、分页查询
C8: 接口带宽容量测试 | D8: 直接分析 | F8: 1
C9: 接口带宽的Oplog测试 | D9: 直接分析 | F9: 1
C10: 接口带宽配置限制测试 | D10: 直接分析 | F10: 5 | G10: 物理接口,子接口、聚合口、bvi接口、隧道口
C11: 接口带宽配置响应时间测试 | D11: 直接分析 | F11: 1
C12: 接口带宽校验测试 | D12: 直接分析 | F12: 5 | G12: 物理口、子接口、bvi、聚合口、隧道口
B13: 通道配置
C14: 通道增加测试 | D14: 等价类划分&数据组合 | F14: 19 | G14: 名称、模式、上行最大带宽、上行保障带宽、下行最大带宽、下行保障带宽、上行总额、下行总额、最大连接数、新建连接速率）、限流对象、单用户配置（上行最大带宽、上行保障带宽、下行最大带宽、下行保障带宽、上行总额、下行总额、最大连接数、新建连接速率）
C15: 通道修改测试 | D15: 等价类划分&数据组合 | F15: 19 | G15: 名称、模式、上行最大带宽、上行保障带宽、下行最大带宽、下行保障带宽、上行总额、下行总额、最大连接数、新建连接速率）、限流对象、单用户配置（上行最大带宽、上行保障带宽、下行最大带宽、下行保障带宽、上行总额、下行总额、最大连接数、新建连接速率）
C16: 通道删除和批量删除测试 | D16: 直接分析 | F16: 2
C17: 通道查询和分页查询测试 | D17: 直接分析 | F17: 2
C18: 通道容量测试 | D18: 直接分析 | F18: 1
C19: 通道Oplog测试 | D19: 直接分析 | F19: 1
C20: 通道配置限制测试 | D20: 直接分析 | F20: 2 | G20: 被应用和取消引用
C21: 通道配置响应时间测试 | D21: 直接分析 | F21: 1
B22: 策略配置
C23: 带宽策略增加测试 | D23: 等价类划分&数据组合 | F23: 13 | G23: 状态、名称、上行接口、下行接口、原地址、源地址组、目的地址、目的地址组、服务、服务组、时间对象、通道
C24: 带宽策略修改测试 | D24: 等价类划分&数据组合 | F24: 13 | G24: 状态、名称、上行接口、下行接口、原地址、源地址组、目的地址、目的地址组、服务、服务组、时间对象、通道
C25: 带宽策略删除和批量删除测试 | D25: 直接分析 | F25: 2
C26: 带宽策略查询和分页查询测试 | D26: 直接分析 | F26: 2
C27: 带宽策略容量测试 | D27: 直接分析 | F27: 1
C28: 带宽策略Oplog测试 | D28: 直接分析 | F28: 1
C29: 带宽策略优先级调整测试 | D29: 直接分析 | F29: 2 | G29: 被调整ID、方式、目标ID
C30: 带宽策略优先级调整Oplog | D30: 直接分析 | F30: 1
C31: 带宽策略配置限制测试 | D31: 直接分析 | F31: 6 | G31: 带宽限制（带宽和），接口限制（物理接口,子接口、聚合口、bvi接口、隧道口）
C32: 策略与对象耦合测试 | D32: 直接分析 | F32: 6 | G32: 地址、地址组、服务、服务组、时间对象、安全域
C33: 策略优先级调整限制测试 | D33: 直接分析 | F33: 1 | G33: put
C34: 策略配置响应时间测试 | D34: 直接分析 | F34: 1
C35: 接口引用测试 | D35: 直接分析 | F35: 5 | G35: 物理口、子接口、bvi、聚合口、隧道口
A36: 流量策略
B37: 策略匹配
C38: 单策略单条件匹配测试 | D38: 等价类划分&数据组合 | F38: 10 | G38: 源接口、源安全域、源地址、目的接口、目的安全与、目的地址、服务、时间、应用、用户
C39: 单策略多条件匹配测试 | D39: 等价类划分&数据组合 | F39: 5 | G39: 源接口、源安全域、源地址、目的接口、目的安全与、目的地址、服务、时间、应用、用户
C40: 多策略单条件匹配测试 | D40: 等价类划分&数据组合 | F40: 4 | G40: 包含关系、交叉关系、冲突、半闭区间（上点匹配）、完全无包含关系
C41: 多策略多条件匹配测试 | D41: 等价类划分&数据组合 | F41: 4 | G41: 包含关系、交叉关系、冲突、半闭区间（上点匹配）、完全无包含关系
C42: 对象修改策略匹配生效测试 | D42: 直接分析 | F42: 6 | G42: 安全域、地址、地址组、服务、服务组、时间对象
C43: 策略匹配容量测试 | D43: 直接分析 | F43: 1
B44: 匹配优先级
C45: Qos策略匹配优先级测试 | D45: 直接分析 | F45: 2 | G45: 默认不匹配、按照顺序匹配
C46: Qos策略优先级调整测试 | D46: 直接分析 | F46: 4 | G46: 策略最前、指定ID之前、指定ID之后、默认策略之前
B47: 策略分析
C48: 带宽策略分析测试 | D48: 直接分析 | F48: 7 | G48: 冲突策略、冗余策略、隐藏策略、可合并策略、空策略、过期策略、忽略策略
A49: 流量限制
B50: 带宽保障
C51: 独占通道保障带宽测试 | D51: 等价类划分&数据组合 | F51: 2 | G51: 上行、下行
C52: 共享通道保障带宽测试 | D52: 等价类划分&数据组合 | F52: 2 | G52: 上行、下行
C53: 独占和共享带宽共存时保障带宽测试 | D53: 等价类划分&数据组合 | F53: 3 | G53: 上行、下行
C54: 保障带宽定时启停功能测试 | D54: 直接分析 | F54: 1 | G54: 上行、下行
C55: 保障带宽阈值启停功能测试 | D55: 直接分析 | F55: 1 | G55: 上行、下行
C56: 保障带宽和最大带宽混合使用 | D56: 直接分析 | F56: 1
C57: 不同模式下下接口的匹配和限速 | D57: 直接分析 | F57: 3 | G57: 交换、路由、接口对、二层（带IP和不带IP）、接口对、IPv4
C58: 不同接口类型的带宽限制功能 | D58: 直接分析 | F58: 5 | G58: 物理接口、子接口、bvi接口、聚合口、隧道接口（封装和净荷报文计算）
C59: 拥塞时的协议报文转发 | D59: 直接分析 | F59: 6 | G59: ARP、ND、PPPoE、DHCP、DNS、管理报文
C60: 丢弃报文不占用带宽 | D60: 直接分析 | F60: 2 | G60: 黑白名单、安全策略
C61: 出口拥塞测试 | D61: 直接分析 | F61: 2 | G61: 上行拥塞测试、下行拥塞测试
C62: 带宽保障配置顺序测试 | D62: 直接分析 | F62: 2 | G62: 先配接口带宽、先配策略和通道
B63: 带宽限制
C64: 独占通道最大带宽限制测试 | D64: 等价类划分&数据组合 | F64: 2 | G64: 上行、下行
C65: 共享通道最大带宽限制测试 | D65: 等价类划分&数据组合 | F65: 2 | G65: 上行、下行
C66: 独占和共享通道共存最大带宽限制测试 | D66: 等价类划分&数据组合 | F66: 3 | G66: 上行、下行
C67: 最大带宽限制启停测试 | D67: 直接分析 | F67: 1 | G67: 上行、下行
C68: 最大带宽限制阈值启停测试 | D68: 直接分析 | F68: 1 | G68: 上行、下行
B69: 总额限制
C70: 独占通道总额限制测试 | D70: 等价类划分&数据组合 | F70: 2 | G70: 上行、下行
C71: 共享通道总额限制测试 | D71: 等价类划分&数据组合 | F71: 3 | G71: 上行、下行
C72: 独占和共享通道共存总额制测试 | D72: 等价类划分&数据组合 | F72: 2 | G72: 上行、下行
C73: 总额限制限制阈值启停测试 | D73: 直接分析 | F73: 1 | G73: 上行、下行
C74: 总额限制启停测试 | D74: 直接分析 | F74: 1 | G74: 上行、下行
C75: 总额限制限制数据清除条件测试 | D75: 直接分析 | F75: 4 | G75: 手动启停、定时启停、阈值启停、会话老化和会话清除不清除
C76: 逻辑口与物理口嵌套匹配后的带宽限制和总额限制测试 | D76: 直接分析 | F76: 2 | G76: bvi口与bvi的成员口、隧道口与物理口
A77: 连接限制
B78: 连接数量
C79: 独占通道连接数量限制测试 | D79: 等价类划分&数据组合 | F79: 2 | G79: 上行、下行
C80: 共享通道连接数量限制测试 | D80: 等价类划分&数据组合 | F80: 2 | G80: 上行、下行
C81: 独占和共享通道共存连接数量限制测试 | D81: 等价类划分&数据组合 | F81: 3 | G81: 上行、下行
C82: 连接数量限制阈值启停测试 | D82: 直接分析 | F82: 1 | G82: 上行、下行
C83: 连接数量限制阈值启停测试 | D83: 直接分析 | F83: 1 | G83: 上行、下行
C84: 带宽管理混合使用 | D84: 直接分析 | F84: 3 | G84: 连接限制、带宽限制、总额限制
C85: 不同接口模式的连接限制 | D85: 直接分析 | F85: 3 | G85: 交换、路由、接口对、连接数量、新建连接速度
C86: 不同接口类型的连接限制 | D86: 直接分析 | F86: 5 | G86: 物理接口、子接口、bvi接口、聚合口、隧道接口、连接数量、新建连接速度
C87: 连接限制配置顺序测试 | D87: 直接分析 | F87: 2 | G87: 先配qos策略再配接口阈值启停、现配接口阈值启停再配Qos策略
B88: 新建速率
C89: 独占通道新建连接速度限制测试 | D89: 等价类划分&数据组合 | F89: 2 | G89: 上行、下行
C90: 共享通道新建连接速度限制测试 | D90: 等价类划分&数据组合 | F90: 2 | G90: 上行、下行
C91: 独占和共享通道共存新建连接速度限制测试 | D91: 等价类划分&数据组合 | F91: 2 | G91: 上行、下行
C92: 建连接速度限制阈值启停测试 | D92: 直接分析 | F92: 1 | G92: 上行、下行
C93: 建连接速度限制阈值启停测试 | D93: 直接分析 | F93: 1 | G93: 上行、下行
A94: DFX
B95: DFS
C96: Qos升级测试 | D96: 直接分析 | F96: 3 | G96: Qos匹配、带宽和总额限制、连接限制
B97: DFR
C98: Qos可靠性测试 | D98: 直接分析 | F98: 7 | G98: 策略启停、接口带宽、带宽策略、通道配置增删修改、接口Updown、反复修改阈值、反复调整优先级
C99: Qos配置恢复测试 | D99: 直接分析 | F99: 2 | G99: 配置导入导出、重启复位
C100: Qos主备切换测试 | D100: 直接分析 | F100: 3 | G100: 配置同步、带宽限制主备切换、连接限制主备切换
...

Sheet 测试组网设计
A1: 名称 | B1: NE1_link0
A2: 组网图
A23: 名称 | B23: NE1_ins
A24: 组网图
A45: 名称 | B45: NE1_link4_ins
A46: 组网图
A67: 名称 | B67: NE4_link5_ins
A68: 组网图

Sheet 接口配置
A1: 测试点汇总 | B1: 测试点 | C1: 测试设计方法 | D1: 适用场景 | E1: 用例规模（个） | F1: 测试数据
B2: 接口带宽增加测试 | C2: 等价类划分&数据组合 | E2: 4 | F2: 接口、带宽、繁忙阈值、空闲阈值
B3: 接口带宽修改测试 | C3: 等价类划分&数据组合 | E3: 4 | F3: 接口、带宽、繁忙阈值、空闲阈值
B4: 接口带宽删除和批量删除测试 | C4: 直接分析 | E4: 2 | F4: 删除、批量删除
B5: 接口带宽的查询和分页查询测试 | C5: 直接分析 | E5: 2 | F5: 查询、分页查询
B6: 接口带宽容量测试 | C6: 直接分析 | E6: 1
B7: 接口带宽的Oplog测试 | C7: 直接分析 | E7: 1
B8: 接口带宽配置限制测试 | C8: 直接分析 | E8: 5 | F8: 物理接口,子接口、聚合口、bvi接口、隧道口
B9: 接口带宽配置响应时间测试 | C9: 直接分析 | E9: 1
B10: 接口带宽校验测试 | C10: 直接分析 | E10: 5 | F10: 物理口、子接口、bvi、聚合口、隧道口（与开发确认暂时不做）
A11: 接口带宽增加测试 | B11: 【设计方法】等价类划分&数据组合
B12: 步骤1:等价类划分
B13: 等价类划分 | C13: 测试数据 | D13: 有效类 | E13: 无效类 | F13: 选取策略 | G13: 选取结果
C14: 接口 | D14: 任意物理接口 | E14: 管理口 | F14: 数据名称和分类独立 | G14: 数据名称=接口;有效值=任意物理接口,任意聚合口;无效值=管理口,子接口,bvi口,隧道口,聚合口的成员口,任意不存在的接口名称,空
D15: 任意聚合口 | E15: 子接口
E16: bvi口
E17: 隧道口
E18: 聚合口的成员口
E19: 任意不存在的接口名称
E20: 空
C21: 总带宽 | D21: 10 | E21: 9 | F21: 数据名称和分类独立 | G21: 数据名称=总带宽;有效值=10,20000,10-20000间任意10的整数倍;无效值=9,20001,空,超长字符串,其他任意非法字符串,非数字,空
D22: 20000 | E22: 20001
D23: 10-20000间任意10的整数倍 | E23: 空
E24: 超长字符串
E25: 其他任意非法字符串
E26: 非数字
C27: 繁忙阈值 | D27: 20 | E27: 10 | F27: 数据名称和分类独立 | G27: 数据名称=繁忙阈值;有效值=20,90,20-90间任意10的整数倍;无效值=10,100,繁忙阈值小于空闲阈值,繁忙阈值等于空闲阈值,20-90间任意非10的整数倍,空,非数字
D28: 90 | E28: 100
D29: 20-90间任意10的整数倍 | E29: 繁忙阈值小于空闲阈值
E30: 繁忙阈值等于空闲阈值
E31: 20-90间任意非10的整数倍
E32: 空
E33: 非数字
C34: 空闲阈值 | D34: 10 | E34: 0 | F34: 数据名称和分类独立 | G34: 数据名称=空闲阈值;有效值=10,80,10-80间任意10的整数倍;无效值=0,90,空闲阈值大于繁忙阈值,空闲阈值等于于繁忙阈值,10-80间任意非10的整数倍,空,非数字
D35: 80 | E35: 90
D36: 10-80间任意10的整数倍 | E36: 空闲阈值大于繁忙阈值
E37: 空闲阈值等于于繁忙阈值
E38: 10-80间任意非10的整数倍
E39: 空
E40: 非数字
B41: 步骤2:数据组合
B42: 数据组合 | C42: 测试数据 | D42: 数据取值 | E42: 组合数据分析 | F42: 约束条件和组合策略 | G42: 组合结果
C43: 所有数据不组合
B44: 步骤3:逻辑用例设计
B45: 逻辑用例编号 | C45: 测试用例描述 | F45: 覆盖的测试数据 | G45: 测试数据选取结果
B46: Qos.cfg.intf.post | C46: 验证添加QOS接口带宽时${数据名称}有效值和无效值测试 | F46: 接口、总贷款、繁忙阈值、空闲阈值 | G46: 数据名称=接口;有效值=任意物理接口,任意聚合口;无效值=管理口,子接口,bvi口,隧道口,聚合口的成员口,任意不存在的接口名称,空 数据名称=总带宽;有效值=10,20000,10-20000间任意10的整数倍;无效值=9,20001,空,超长字符串,其他任意非法字符串,非数字,空 数据名称=繁忙阈值;有效值=20,90,20-90间任意10的整数倍;无效值=10,100,繁忙阈值小于空闲阈值,繁忙阈值等于空闲阈值,20-90间任意非10的整数倍,空,非数字 数据名称=空闲阈值;有效值=10,80,10-80间任意10的整数倍;无效值=0,90,空闲阈值大于繁忙阈值,空闲阈值等于于繁忙阈值,10-80间任意非10的整数倍,空,非数字
B47: 步骤4:物理用例设计
B48: 逻辑用例编号 | C48: 用例标题 | D48: 测试数据 | E48: 预置条件 | F48: 测试步骤 | G48: 预期结果
B49: Qos.cfg.intf.post | C49: 验证添加QOS接口带宽时${数据名称}有效值和无效值测试 | D49: 数据名称=接口;有效值=任意物理接口,任意聚合口;无效值=管理口,子接口,bvi口,隧道口,聚合口的成员口,任意不存在的接口名称,空 数据名称=总带宽;有效值=10,20000,10-20000间任意10的整数倍;无效值=9,20001,空,超长字符串,其他任意非法字符串,非数字,空 数据名称=繁忙阈值;有效值=20,90,20-90间任意10的整数倍;无效值=10,100,繁忙阈值小于空闲阈值,繁忙阈值等于空闲阈值,20-90间任意非10的整数倍,空,非数字 数据名称=空闲阈值;有效值=10,80,10-80间任意10的整数倍;无效值=0,90,空闲阈值大于繁忙阈值,空闲阈值等于于繁忙阈值,10-80间任意非10的整数倍,空,非数字 | E49: 网元正常启动 | F49: 1、使用/api/v1/qosintf接口添加接口带宽时，配置${数据名称}为$[有效值]，其他参数为任意有效值,查询接口带宽配置【check1】 2、添加接口带宽时，配置${数据名称}为$[无效值]，其他参数为任意有效值,查询接口带宽配置【check2】 | G49: 【check1】配置成功，使用restful查询接口带宽配置与下发的配置相同。使用etcd查询接口带宽配置，查询的值与配置的值相同 【check2】配置失败，网元无异常。使用etcd查询接口带宽配置与配置前相同
A50: 接口带宽修改测试 | B50: 【设计方法】等价类划分&数据组合
B51: 步骤1:等价类划分
B52: 等价类划分 | C52: 测试数据 | D52: 有效类 | E52: 无效类 | F52: 选取策略 | G52: 选取结果
C53: ID | D53: 1 | E53: 空 | F53: 数据名称和分类独立 | G53: 数据名称=ID;有效值=1,存在的任意ID;无效值=空,0,不存在的ID,其他任意非法字符串
D54: 存在的任意ID | E54: 0
E55: 不存在的ID
E56: 其他任意非法字符串
C57: 接口 | D57: 任意物理接口 | E57: 管理口 | F57: 数据名称和分类独立 | G57: 数据名称=接口;有效值=任意物理接口,任意聚合口;无效值=管理口,子接口,bvi口,隧道口,聚合口的成员口,任意不存在的接口名称,空
D58: 任意聚合口 | E58: 子接口
E59: bvi口
E60: 隧道口
E61: 聚合口的成员口
E62: 任意不存在的接口名称
E63: 空
C64: 总带宽 | D64: 10 | E64: 9 | F64: 数据名称和分类独立 | G64: 数据名称=总带宽;有效值=10,20000,10-20000间任意10的整数倍;无效值=9,20001,空,超长字符串,其他任意非法字符串,非数字
D65: 20000 | E65: 20001
D66: 10-20000间任意10的整数倍 | E66: 空
E67: 超长字符串
E68: 其他任意非法字符串
E69: 非数字
C70: 繁忙阈值 | D70: 20 | E70: 10 | F70: 数据名称和分类独立 | G70: 数据名称=繁忙阈值;有效值=20,90,20-90间任意10的整数倍;无效值=10,100,繁忙阈值小于空闲阈值,繁忙阈值等于空闲阈值,20-90间任意非10的整数倍,空,非数字
D71: 90 | E71: 100
D72: 20-90间任意10的整数倍 | E72: 繁忙阈值小于空闲阈值
E73: 繁忙阈值等于空闲阈值
E74: 20-90间任意非10的整数倍
E75: 空
E76: 非数字
C77: 空闲阈值 | D77: 10 | E77: 0 | F77: 数据名称和分类独立 | G77: 数据名称=空闲阈值;有效值=10,80,10-80间任意10的整数倍;无效值=0,90,空闲阈值大于繁忙阈值,空闲阈值等于于繁忙阈值,10-80间任意非10的整数倍,空,非数字
D78: 80 | E78: 90
D79: 10-80间任意10的整数倍 | E79: 空闲阈值大于繁忙阈值
E80: 空闲阈值等于于繁忙阈值
E81: 10-80间任意非10的整数倍
E82: 空
E83: 非数字
B84: 步骤2:数据组合
B85: 数据组合 | C85: 测试数据 | D85: 数据取值 | E85: 组合数据分析 | F85: 约束条件和组合策略 | G85: 组合结果
C86: 所有数据不组合
B87: 步骤3:逻辑用例设计
B88: 逻辑用例编号 | C88: 测试用例描述 | F88: 覆盖的测试数据 | G88: 测试数据选取结果
B89: Qos.cfg.intf.put | C89: 验证添加QOS接口带宽时${数据名称}有效值和无效值测试 | F89: 接口、总贷款、繁忙阈值、空闲阈值 | G89: 数据名称=ID;有效值=1,存在的任意ID;无效值=空,0,不存在的ID,其他任意非法字符串 数据名称=接口;有效值=任意物理接口,任意聚合口;无效值=管理口,子接口,bvi口,隧道口,聚合口的成员口,任意不存在的接口名称,空 数据名称=总带宽;有效值=10,20000,10-20000间任意10的整数倍;无效值=9,20001,空,超长字符串,其他任意非法字符串,非数字,空 数据名称=繁忙阈值;有效值=20,90,20-90间任意10的整数倍;无效值=10,100,繁忙阈值小于空闲阈值,繁忙阈值等于空闲阈值,20-90间任意非10的整数倍,空,非数字 数据名称=空闲阈值;有效值=10,80,10-80间任意10的整数倍;无效值=0,90,空闲阈值大于繁忙阈值,空闲阈值等于于繁忙阈值,10-80间任意非10的整数倍,空,非数字
B90: 步骤4:物理用例设计
B91: 逻辑用例编号 | C91: 用例标题 | D91: 测试数据 | E91: 预置条件 | F91: 测试步骤 | G91: 预期结果
B92: Qos.cfg.intf.put | C92: 验证修改QOS接口带宽时${数据名称}有效值和无效值测试 | D92: 数据名称=ID;有效值=1,存在的任意ID;无效值=空,0,不存在的ID,其他任意非法字符串 数据名称=接口;有效值=任意物理接口,任意聚合口;无效值=管理口,子接口,bvi口,隧道口,聚合口的成员口,任意不存在的接口名称,空 数据名称=总带宽;有效值=10,20000,10-20000间任意10的整数倍;无效值=9,20001,空,超长字符串,其他任意非法字符串,非数字 数据名称=繁忙阈值;有效值=20,90,20-90间任意10的整数倍;无效值=10,100,繁忙阈值小于空闲阈值,繁忙阈值等于空闲阈值,20-90间任意非10的整数倍,空,非数字 数据名称=空闲阈值;有效值=10,80,10-80间任意10的整数倍;无效值=0,90,空闲阈值大于繁忙阈值,空闲阈值等于于繁忙阈值,10-80间任意非10的整数倍,空,非数字 | E92: 网元正常启动 | F92: 1、使用/api/v1/qosintf接口修改接口带宽时，配置${数据名称}为$[有效值]，其他参数为任意有效值,查询接口带宽配置【check1】 2、修改接口带宽时，配置${数据名称}为$[无效值]，其他参数为任意有效值,查询接口带宽配置【check2】 | G92: 【check1】配置成功，使用restful查询接口带宽配置与下发的配置相同。使用etcd查询接口带宽配置，查询的值与配置的值相同 【check2】配置失败，网元无异常。使用rest接口和etcd查询接口带宽配置与配置前相同
A93: 接口带宽删除和批量删除测试 | B93: 【设计方法】直接设计法
B94: 步骤1:逻辑用例设计
B95: 逻辑用例编号 | C95: 测试用例描述 | F95: 覆盖的测试数据 | G95: 测试数据选取结果
B96: Qos.cfg.intf.delete | C96: 验证Qos接口带宽删除和批量删除 | F96: 接口配置校验 | G96: 数据名称=Id;有效值=1,存在的任意值;无效值=0,不存在的Id,空,超长字符串
B97: 步骤2:物理用例设计
B98: 逻辑用例编号 | C98: 用例标题 | D98: 测试数据 | E98: 预置条件 | F98: 测试步骤 | G98: 预期结果
B99: Qos.cfg.intf.delete | C99: 验证Qos接口带宽删除和批量删除 | D99: 数据名称=Id;有效值=1,存在的任意值;无效值=0,不存在的Id,空,超长字符串 | E99: 1、网元正常启动 | F99: 1、配置大于3条Qos接口带宽 2、使用/api/v1/qosintf?id=<id>删除接口带宽。【check1】【check2】【check3】 2、使用/api/v1/qosintf?id=<id>删除不存在的接口带宽id。【check4】 3、使用/api/v1/batch接口删除不存在的Qos接口带宽id。【check5】 4、使用/api/v1/batch接口删除部分存在部分不存在的QOS接口带宽【check5】 5、使用/api/v1/batch接口删除大于两条存在QoS接口带宽。【check1】【check2】【check3】 | G99: 【check1】删除成功，Qos接口带宽配置表中配置被删除。 【check2】使用restful查询Qos接口带宽，对应的接口带宽不存在 【check3】使用etcd查询Qos接口带宽，接口带宽被删除 【check4】删除失败，提示信息正确。查询Qos接口带宽表与删除前完全一致（无误删）。 【check5】返回删除失败，其中有效的ID被删除。查看Qos接口带宽配置中不包含在有效ID中的接口带宽不会被删除
A100: 接口带宽的查询和分页查询测试 | B100: 【设计方法】直接设计法
...

Sheet 通道配置
A1: 测试点汇总 | B1: 测试点 | C1: 测试设计方法 | D1: 适用场景 | E1: 用例规模（个） | F1: 测试数据
B2: 通道增加测试 | C2: 等价类划分&数据组合 | E2: 19 | F2: 名称、模式、上行最大带宽、上行保障带宽、下行最大带宽、下行保障带宽、上行总额、下行总额、最大连接数、新建连接速率）、限流对象、单用户配置（上行最大带宽、上行保障带宽、下行最大带宽、下行保障带宽、上行总额、下行总额、最大连接数、新建连接速率）
B3: 通道修改测试 | C3: 等价类划分&数据组合 | E3: 19 | F3: 名称、模式、上行最大带宽、上行保障带宽、下行最大带宽、下行保障带宽、上行总额、下行总额、最大连接数、新建连接速率）、限流对象、单用户配置（上行最大带宽、上行保障带宽、下行最大带宽、下行保障带宽、上行总额、下行总额、最大连接数、新建连接速率）
B4: 通道删除和批量删除测试 | C4: 直接分析 | E4: 2
B5: 通道查询和分页查询测试 | C5: 直接分析 | E5: 2
B6: 通道容量测试 | C6: 直接分析 | E6: 1
B7: 通道Oplog测试 | C7: 直接分析 | E7: 1
B8: 通道配置限制测试 | C8: 直接分析 | E8: 2 | F8: 被应用和取消引用
B9: 通道配置响应时间测试 | C9: 直接分析 | E9: 1
A10: 通道新增测试 | B10: 【设计方法】等价类划分&数据组合
B11: 步骤1:等价类划分
B12: 等价类划分 | C12: 测试数据 | D12: 有效类 | E12: 无效类 | F12: 选取策略 | G12: 选取结果
C13: 名称 | D13: 1个字符 | E13: 0个字符 | F13: 数据名称和分类独立 | G13: 数据名称=名称;有效值=1个字符,31个字符,1-31任意个字符;无效值=0个字符,32个字符,空,已存在的任意名称
D14: 31个字符 | E14: 32个字符
D15: 1-31任意个字符 | E15: 空
E16: 已存在的任意名称
C17: 通道模式 | D17: 独享 | E17: 其他任意非法字符串 | F17: 数据名称和分类独立 | G17: 数据名称=通道模式;有效值=独享,共享;无效值=其他任意非法字符串,空,超长字符串
D18: 共享 | E18: 空
E19: 超长字符串
C20: 上行最大带宽 | D20: 0 | E20: 1 | F20: 数据名称和分类独立 | G20: 数据名称=上行最大带宽;有效值=0,60,200000000,60-200000000间任意值,最大带宽等于保障带宽;无效值=1,-1,59,200000001,上行最大带宽小于上行保障带宽,非数字,空
D21: 60 | E21: -1
D22: 200000000 | E22: 59
D23: 60-200000000间任意值 | E23: 200000001
D24: 最大带宽等于保障带宽 | E24: 上行最大带宽小于上行保障带宽
E25: 非数字
E26: 空
C27: 上行保障带宽 | D27: 0 | E27: 1 | F27: 数据名称和分类独立 | G27: 数据名称=上行保障带宽;有效值=0,60,200000000,60-200000000间任意值,保障带宽等于最大带宽;无效值=1,-1,59,200000000,上行保障带宽大于上行最大带宽,非数字,空
D28: 60 | E28: -1
D29: 200000000 | E29: 59
D30: 60-200000000间任意值 | E30: 200000000
D31: 保障带宽等于最大带宽 | E31: 上行保障带宽大于上行最大带宽
E32: 非数字
E33: 空
C34: 下行最大带宽 | D34: 0 | E34: 1 | F34: 数据名称和分类独立 | G34: 数据名称=下行最大带宽;有效值=0,60,200000000,60-200000000间任意值,最大带宽等于保障带宽;无效值=1,-1,59,200000001,下行最大带宽小于下行保障带宽,非数字,空
D35: 60 | E35: -1
D36: 200000000 | E36: 59
D37: 60-200000000间任意值 | E37: 200000001
D38: 最大带宽等于保障带宽 | E38: 下行最大带宽小于下行保障带宽
E39: 非数字
E40: 空
C41: 下行保障带宽 | D41: 0 | E41: 1 | F41: 数据名称和分类独立 | G41: 数据名称=下行保障带宽;有效值=0,60,200000000,60-200000000间任意值,保障带宽等于最大带宽;无效值=1,-1,59,200000000,下行保障带宽大于下行最大带宽,非数字,空
D42: 60 | E42: -1
D43: 200000000 | E43: 59
D44: 60-200000000间任意值 | E44: 200000000
D45: 保障带宽等于最大带宽 | E45: 下行保障带宽大于下行最大带宽
E46: 非数字
E47: 空
C48: 上行总额 | D48: 0 | E48: 1 | F48: 数据名称和分类独立 | G48: 数据名称=上行总额;有效值=0,10,100000000,10-100000000间任意值;无效值=1,-1,9,100000001,非数字,空
D49: 10 | E49: -1
D50: 100000000 | E50: 9
D51: 10-100000000间任意值 | E51: 100000001
E52: 非数字
E53: 空
C54: 下行总额 | D54: 0 | E54: 1 | F54: 数据名称和分类独立 | G54: 数据名称=下行总额;有效值=0,10,100000000,10-100000000间任意值;无效值=1,-1,9,100000001,非数字,空
D55: 10 | E55: -1
D56: 100000000 | E56: 9
D57: 10-100000000间任意值 | E57: 100000001
E58: 非数字
E59: 空
C60: 最大连接数 | D60: 0 | E60: -1 | F60: 数据名称和分类独立 | G60: 数据名称=最大连接数;有效值=0,1,6000000 ,1-6000000间任意值;无效值=-1,6000001,非数字,空
D61: 1 | E61: 6000001
D62: 6000000 | E62: 非数字
D63: 1-6000000间任意值 | E63: 空
C64: 新建连接速率 | D64: 0 | E64: -1 | F64: 数据名称和分类独立 | G64: 数据名称=新建连接速率;有效值=0,1,500000,1-500000间任意值;无效值=-1,500001,非数字,空
D65: 1 | E65: 500001
D66: 500000 | E66: 非数字
D67: 1-500000间任意值 | E67: 空
C68: 限流对象 | D68: 每IP | E68: 其他任意非法字符串 | F68: 数据名称和分类独立 | G68: 数据名称=限流对象;有效值=每IP,每用户;无效值=其他任意非法字符串,空,超长字符串
D69: 每用户 | E69: 空
E70: 超长字符串
C71: 用户上行最大带宽 | D71: 0 | E71: 1 | F71: 数据名称和分类独立 | G71: 数据名称=用户上行最大带宽;有效值=0,60,200000000,60-200000000间任意值,用户最大带宽等于用户保障带宽;无效值=1,-1,59,200000001,用户上行最大带宽小于用户上行保障带宽,非数字,用户上行最大带宽大于通道上行最大带宽,空
D72: 60 | E72: -1
D73: 200000000 | E73: 59
D74: 60-200000000间任意值 | E74: 200000001
D75: 用户最大带宽等于用户保障带宽 | E75: 用户上行最大带宽小于用户上行保障带宽
E76: 非数字
E77: 用户上行最大带宽大于通道上行最大带宽
E78: 空
C79: 用户上行保障带宽 | D79: 0 | E79: 1 | F79: 数据名称和分类独立 | G79: 数据名称=用户上行保障带宽;有效值=0,60,200000000,60-200000000间任意值,用户保障带宽等于用户最大带宽;无效值=1,-1,59,200000000,用户上行保障带宽大于用户上行最大带宽,非数字,用户上行保障带宽大于通道上行保障带宽,空
D80: 60 | E80: -1
D81: 200000000 | E81: 59
D82: 60-200000000间任意值 | E82: 200000000
D83: 用户保障带宽等于用户最大带宽 | E83: 用户上行保障带宽大于用户上行最大带宽
E84: 非数字
E85: 用户上行保障带宽大于通道上行保障带宽
E86: 空
C87: 用户下行最大带宽 | D87: 0 | E87: 1 | F87: 数据名称和分类独立 | G87: 数据名称=用户下行最大带宽;有效值=0,60,200000000,60-200000000间任意值,用户最大带宽等于用户保障带宽;无效值=1,-1,59,200000001,用户下行最大带宽小于用户下行保障带宽,非数字,用户下行最大带宽大于通道下行最大带宽,空
D88: 60 | E88: -1
D89: 200000000 | E89: 59
D90: 60-200000000间任意值 | E90: 200000001
D91: 用户最大带宽等于用户保障带宽 | E91: 用户下行最大带宽小于用户下行保障带宽
E92: 非数字
E93: 用户下行最大带宽大于通道下行最大带宽
E94: 空
C95: 用户下行保障带宽 | D95: 0 | E95: 1 | F95: 数据名称和分类独立 | G95: 数据名称=用户下行保障带宽;有效值=0,60,200000000,60-200000000间任意值,用户保障带宽等于用户最大带宽;无效值=1,-1,59,200000000,用户保障带宽大于用户保障带宽,非数字,用户下行保障带宽大于通道下行保障带宽,空
D96: 60 | E96: -1
D97: 200000000 | E97: 59
D98: 60-200000000间任意值 | E98: 200000000
D99: 用户保障带宽等于用户最大带宽 | E99: 用户保障带宽大于用户保障带宽
E100: 非数字
...

Sheet 策略配置
A1: 测试点汇总 | B1: 测试点 | C1: 测试设计方法 | D1: 适用场景 | E1: 用例规模（个） | F1: 测试数据
B2: 带宽策略增加测试 | C2: 等价类划分&数据组合 | E2: 13 | F2: 状态、名称、上行接口、下行接口、原地址、源地址组、目的地址、目的地址组、服务、服务组、时间对象、通道
B3: 带宽策略修改测试 | C3: 等价类划分&数据组合 | E3: 13 | F3: 状态、名称、上行接口、下行接口、原地址、源地址组、目的地址、目的地址组、服务、服务组、时间对象、通道
B4: 带宽策略删除和批量删除测试 | C4: 直接分析 | E4: 2
B5: 带宽策略查询和分页查询测试 | C5: 直接分析 | E5: 2
B6: 带宽策略批量启用和禁用测试 | C6: 直接分析 | E6: 1
B7: 带宽策略容量测试 | C7: 直接分析 | E7: 1
B8: 带宽策略Oplog测试 | C8: 直接分析 | E8: 1
B9: 带宽策略优先级调整测试 | C9: 直接分析 | E9: 2 | F9: 被调整ID、方式、目标ID
B10: 带宽策略优先级调整Oplog | C10: 直接分析 | E10: 1
B11: 带宽策略配置限制测试 | C11: 直接分析 | E11: 6 | F11: 带宽限制（带宽和），接口限制（物理接口,子接口、聚合口、bvi接口、隧道口）
B12: 策略与对象耦合测试 | C12: 直接分析 | E12: 6 | F12: 地址、地址组、服务、服务组、时间对象、安全域
B13: 策略优先级调整限制测试 | C13: 直接分析 | E13: 1 | F13: put
B14: 策略配置响应时间测试 | C14: 直接分析 | E14: 1
B15: 接口引用测试 | C15: 直接分析 | E15: 5 | F15: 物理口、子接口、bvi、聚合口、隧道口不支持
A16: 带宽策略增加测试 | B16: 【设计方法】等价类划分&数据组合
B17: 步骤1:等价类划分
B18: 等价类划分 | C18: 测试数据 | D18: 有效类 | E18: 无效类 | F18: 选取策略 | G18: 选取结果
C19: 状态 | D19: 启用 | E19: 其他任意非法字符串 | F19: 数据名称和分类独立 | G19: 数据名称=状态;有效值=启用,禁用;无效值=其他任意非法字符串,空,超长字符串
D20: 禁用 | E20: 空
E21: 超长字符串
C22: 策略名称 | D22: 1个字符 | E22: 0个字符 | F22: 数据名称和分类独立 | G22: 数据名称=名称;有效值=1个字符,31个字符,1-31任意个字符;无效值=0个字符,32个字符,空,名称已存在
D23: 31个字符 | E23: 32个字符
D24: 1-31任意个字符 | E24: 名称已存在
E25: 空
C26: 上行接口 | D26: 任意物理接口 | E26: 管理口 | F26: 数据名称和分类独立 | G26: 数据名称=上行接口;有效值=任意物理接口,任意聚合口,上行接口与下行接口相同;无效值=管理口,子接口,bvi口,隧道口,聚合口的成员口,任意不存在的接口名称,空
D27: 任意聚合口 | E27: 子接口
D28: 上行接口与下行接口相同 | E28: bvi口
E29: 隧道口
E30: 聚合口的成员口
E31: 任意不存在的接口名称
E32: 空
C33: 下行接口 | D33: 任意物理接口 | E33: 管理口 | F33: 数据名称和分类独立 | G33: 数据名称=下行接口;有效值=任意物理接口,任意聚合口,下行接口与上行接口相同;无效值=管理口,子接口,bvi口,隧道口,聚合口的成员口,任意不存在的接口名称,空
D34: 任意聚合口 | E34: 子接口
D35: 下行接口与上行接口相同 | E35: bvi口
E36: 隧道口
E37: 聚合口的成员口
E38: 任意不存在的接口名称
E39: 空
C40: 源地址 | D40: any | E40: 空 | F40: 数据名称和分类独立 | G40: 数据名称=源地址;有效值=any,已存在地址对象名称,多个地址对象共存;无效值=空,不存在的地址对象名称,any和单个对象同时存在,64字节字符串
D41: 已存在地址对象名称 | E41: 不存在的地址对象名称
D42: 多个地址对象共存 | E42: any和单个对象同时存在
E43: 64字节字符串
C44: 源地址组 | D44: any | E44: 空 | F44: 数据名称和分类独立 | G44: 数据名称=源地址组;有效值=any,已存在的地址组对象名称,多个地址组对象共存;无效值=空,不存在的地址组对象名称,any和单个对象同时存在,64字节字符串
D45: 已存在的地址组对象名称 | E45: 不存在的地址组对象名称
D46: 多个地址组对象共存 | E46: any和单个对象同时存在
E47: 64字节字符串
C48: 目的地址 | D48: any | E48: 空 | F48: 数据名称和分类独立 | G48: 数据名称=目的地址;有效值=any,已存在地址对象名称,多个地址对象共存;无效值=空,不存在的地址对象名称,any和单个对象同时存在,64字节字符串
D49: 已存在地址对象名称 | E49: 不存在的地址对象名称
D50: 多个地址对象共存 | E50: any和单个对象同时存在
E51: 64字节字符串
C52: 目的地址组 | D52: any | E52: 空 | F52: 数据名称和分类独立 | G52: 数据名称=目的地址组;有效值=any,已存在的地址组对象名称,多个地址组对象共存;无效值=空,不存在的地址组对象名称,any和单个对象同时存在,64字节字符串
D53: 已存在的地址组对象名称 | E53: 不存在的地址组对象名称
D54: 多个地址组对象共存 | E54: any和单个对象同时存在
E55: 64字节字符串
C56: 服务 | D56: any | E56: 空 | F56: 数据名称和分类独立 | G56: 数据名称=服务;有效值=any,已存在地址对象名称,多个服务对象共存;无效值=空,不存在的服务对象名称,any和单个对象同时存在,64字节字符串
D57: 已存在地址对象名称 | E57: 不存在的服务对象名称
D58: 多个服务对象共存 | E58: any和单个对象同时存在
E59: 64字节字符串
C60: 服务组 | D60: any | E60: 空 | F60: 数据名称和分类独立 | G60: 数据名称=服务组;有效值=any,已存在的地址组对象名称,多个服务组对象共存;无效值=空,不存在的服务组对象名称,any和单个对象同时存在,64字节字符串
D61: 已存在的地址组对象名称 | E61: 不存在的服务组对象名称
D62: 多个服务组对象共存 | E62: any和单个对象同时存在
E63: 64字节字符串
C64: 应用 | D64: 实现后再补充
C65: 用户 | D65: 实现后再补充
C66: 时间 | D66: 空 | E66: 不存在的时间对象名称 | F66: 数据名称和分类独立 | G66: 数据名称=时间;有效值=空,已存在的时间对象;无效值=不存在的时间对象名称,64字节字符串
D67: 已存在的时间对象 | E67: 64字节字符串
C68: 通道 | D68: 已存在的时间对象 | E68: 空 | F68: 数据名称和分类独立 | G68: 数据名称=通道;有效值=已存在的时间对象;无效值=空,不存在的通道,64字节字符串
E69: 不存在的通道
E70: 64字节字符串
B71: 步骤2:数据组合
B72: 数据组合 | C72: 测试数据 | D72: 数据取值 | E72: 组合数据分析 | F72: 约束条件和组合策略 | G72: 组合结果
C73: 所有数据不组合
B74: 步骤3:逻辑用例设计
B75: 逻辑用例编号 | C75: 测试用例描述 | F75: 覆盖的测试数据 | G75: 测试数据选取结果
B76: Qos.cfg.policy.post | C76: 验证添加QOS带宽策略时${数据名称}有效值和无效值测试 | F76: 状态,策略名称,上行接口,下行接口,源地址,源地址组,目的地址,目的地址组,服务,服务组,时间,通道 | G76: 数据名称=状态;有效值=启用,禁用;无效值=其他任意非法字符串,空,超长字符串 数据名称=策略名称;有效值=原值相同;无效值=与原值不同,0个字符,32个字符,空 数据名称=上行接口;有效值=任意物理接口,任意聚合口,上行接口与下行接口相同;无效值=管理口,子接口,bvi口,隧道口,聚合口的成员口,任意不存在的接口名称,空 数据名称=下行接口;有效值=任意物理接口,任意聚合口,下行接口与上行接口相同;无效值=管理口,子接口,bvi口,隧道口,聚合口的成员口,任意不存在的接口名称,空 数据名称=源地址;有效值=any,已存在地址对象名称,多个地址对象共存;无效值=空,不存在的地址对象名称,any和单个对象同时存在,64字节字符串 数据名称=源地址组;有效值=any,已存在的地址组对象名称,多个地址组对象共存;无效值=空,不存在的地址组对象名称,any和单个对象同时存在,64字节字符串 数据名称=目的地址;有效值=any,已存在地址对象名称,多个地址对象共存;无效值=空,不存在的地址对象名称,any和单个对象同时存在,64字节字符串 数据名称=目的地址组;有效值=any,已存在的地址组对象名称,多个地址组对象共存;无效值=空,不存在的地址组对象名称,any和单个对象同时存在,64字节字符串 数据名称=服务;有效值=any,已存在地址对象名称,多个服务对象共存;无效值=空,不存在的服务对象名称,any和单个对象同时存在,64字节字符串 数据名称=服务组;有效值=any,已存在的地址组对象名称,多个服务组对象共存;无效值=空,不存在的服务组对象名称,any和单个对象同时存在,64字节字符串 数据名称=时间;有效值=空,已存在的时间对象;无效值=不存在的时间对象名称,64字节字符串 数据名称=通道;有效值=已存在的时间对象;无效值=空,不存在的通道,64字节字符串
B77: 步骤4:物理用例设计
B78: 逻辑用例编号 | C78: 用例标题 | D78: 测试数据 | E78: 预置条件 | F78: 测试步骤 | G78: 预期结果
B79: Qos.cfg.policy.post | C79: 验证添加QOS带宽策略时${数据名称}有效值和无效值测试 | D79: 数据名称=状态;有效值=启用,禁用;无效值=其他任意非法字符串,空,超长字符串 数据名称=策略名称;有效值=原值相同;无效值=与原值不同,0个字符,32个字符,空 数据名称=上行接口;有效值=任意物理接口,任意聚合口,上行接口与下行接口相同;无效值=管理口,子接口,bvi口,隧道口,聚合口的成员口,任意不存在的接口名称,空 数据名称=下行接口;有效值=任意物理接口,任意聚合口,下行接口与上行接口相同;无效值=管理口,子接口,bvi口,隧道口,聚合口的成员口,任意不存在的接口名称,空 数据名称=源地址;有效值=any,已存在地址对象名称,多个地址对象共存;无效值=空,不存在的地址对象名称,any和单个对象同时存在,64字节字符串 数据名称=源地址组;有效值=any,已存在的地址组对象名称,多个地址组对象共存;无效值=空,不存在的地址组对象名称,any和单个对象同时存在,64字节字符串 数据名称=目的地址;有效值=any,已存在地址对象名称,多个地址对象共存;无效值=空,不存在的地址对象名称,any和单个对象同时存在,64字节字符串 数据名称=目的地址组;有效值=any,已存在的地址组对象名称,多个地址组对象共存;无效值=空,不存在的地址组对象名称,any和单个对象同时存在,64字节字符串 数据名称=服务;有效值=any,已存在地址对象名称,多个服务对象共存;无效值=空,不存在的服务对象名称,any和单个对象同时存在,64字节字符串 数据名称=服务组;有效值=any,已存在的地址组对象名称,多个服务组对象共存;无效值=空,不存在的服务组对象名称,any和单个对象同时存在,64字节字符串 数据名称=时间;有效值=空,已存在的时间对象;无效值=不存在的时间对象名称,64字节字符串 数据名称=通道;有效值=已存在的时间对象;无效值=空,不存在的通道,64字节字符串 | E79: 网元正常启动 | F79: 1、使用/api/v1/qospolicer接口添加带宽策略时，配置${数据名称}为$[有效值]，其他参数为任意有效值,查询带宽策略配置【check1】 2、添加带宽策略时，配置${数据名称}为$[无效值]，其他参数为任意有效值,查询带宽策略配置【check2】 | G79: 【check1】配置成功，使用restful查询带宽策略配置与下发的配置相同。使用etcd查询带宽策略配置，查询的值与配置的值相同 【check2】配置失败，网元无异常。使用etcd查询带宽策略配置与配置前相同
A80: 带宽策略修改测试 | B80: 【设计方法】等价类划分&数据组合
B81: 步骤1:等价类划分
B82: 等价类划分 | C82: 测试数据 | D82: 有效类 | E82: 无效类 | F82: 选取策略 | G82: 选取结果
C83: ID | D83: 1 | E83: 空 | F83: 数据名称和分类独立 | G83: 数据名称=ID;有效值=1,存在的任意ID;无效值=空,0,不存在的ID,其他任意非法字符串
D84: 存在的任意ID | E84: 0
E85: 不存在的ID
E86: 其他任意非法字符串
C87: 状态 | D87: 启用 | E87: 其他任意非法字符串 | F87: 数据名称和分类独立 | G87: 数据名称=状态;有效值=启用,禁用;无效值=其他任意非法字符串,空,超长字符串
D88: 禁用 | E88: 空
E89: 超长字符串
C90: 策略名称 | D90: 原值相同 | E90: 与原值不同 | F90: 数据名称和分类独立 | G90: 数据名称=策略名称;有效值=原值相同;无效值=与原值不同,0个字符,32个字符,空
E91: 0个字符
E92: 32个字符
E93: 空
C94: 上行接口 | D94: 任意物理接口 | E94: 管理口 | F94: 数据名称和分类独立 | G94: 数据名称=上行接口;有效值=任意物理接口,任意聚合口,上行接口与下行接口相同;无效值=管理口,子接口,bvi口,隧道口,聚合口的成员口,任意不存在的接口名称,空
D95: 任意聚合口 | E95: 子接口
D96: 上行接口与下行接口相同 | E96: bvi口
E97: 隧道口
E98: 聚合口的成员口
E99: 任意不存在的接口名称
E100: 空
...

Sheet 策略匹配
A1: 测试点汇总 | B1: 测试点 | C1: 测试设计方法 | D1: 适用场景 | E1: 用例规模（个） | F1: 测试数据
B2: 单策略单条件匹配测试 | C2: 等价类划分&数据组合 | E2: 10 | F2: 源接口、源安全域、源地址、目的接口、目的安全与、目的地址、服务、时间、应用、用户
B3: 单策略多条件匹配测试 | C3: 等价类划分&数据组合 | E3: 5 | F3: 源接口、源安全域、源地址、目的接口、目的安全与、目的地址、服务、时间、应用、用户
B4: 多策略单条件匹配测试 | C4: 等价类划分&数据组合 | E4: 4 | F4: 包含关系、交叉关系、冲突、半闭区间（上点匹配）、完全无包含关系
B5: 多策略多条件匹配测试 | C5: 等价类划分&数据组合 | E5: 4 | F5: 包含关系、交叉关系、冲突、半闭区间（上点匹配）、完全无包含关系
B6: 对象修改策略匹配生效测试 | C6: 直接分析 | E6: 6 | F6: 安全域、地址、地址组、服务、服务组、时间对象
B7: 策略匹配容量测试 | C7: 直接分析 | E7: 1
A8: Ipv4单策略单条件匹配测试 | B8: 【设计方法】等价类划分&数据组合
B9: 步骤1:等价类划分
B10: 等价类划分 | C10: 测试数据 | D10: 有效类 | E10: 无效类 | F10: 选取策略 | G10: 选取结果
C11: 匹配对象 | D11: 入接口 | F11: 选取数据不分类 | G11: 匹配对象=入接口,出接口,源地址,源地址组,目的地址,目的地址组,服务,服务组,用户,应用,时间对象
D12: 出接口
D13: 入安全域
D14: 出安全域
D15: 源地址
D16: 源地址组
D17: 目的地址
D18: 目的地址组
D19: 服务
D20: 服务组
D21: 用户
D22: 应用
D23: 时间对象
B24: 步骤2:数据组合
B25: 数据组合 | C25: 测试数据 | D25: 数据取值 | E25: 发生组合的数据 | F25: 约束条件&选取策略 | G25: 组合结果
C26: 所有数据不组合
B27: 步骤2:逻辑用例设计
B28: 逻辑用例编号 | C28: 测试用例描述 | F28: 覆盖的测试数据 | G28: 测试数据选取结果
B29: Qos.ipv4.match.1p1c.intf.same | C29: 验证IPv4带宽策略出入接口不同时策略匹配功能 | F29: 匹配对象 | G29: 匹配对象=入接口和出接口不同
B30: Qos.ipv4.match.1p1c.intf.different | C30: 验证IPv4带宽策略出入接口相同时策略匹配功能 | F30: 匹配对象 | G30: 匹配对象=入接口和出接口相同
B31: Qos.ipv4.match.1p1c.domain.same | C31: 验证IPv4带宽策略出入安全域不同时策略匹配功能 | F31: 匹配对象 | G31: 匹配对象=出入安全域相同
B32: Qos.ipv4.match.1p1c.domain.different | C32: 验证IPv4带宽策略出入安全域相同时策略匹配功能 | F32: 匹配对象 | G32: 匹配对象=出入安全域不相同
B33: Qos.ipv4.match.1p1c.intf.domain.norelative | C33: 验证IPv4带宽策略出入安全域不同时策略匹配功能 | F33: 匹配对象 | G33: 匹配对象=出入端分别为安全域和接口
B34: Qos.ipv4.match.1p1c.intf.domain.contain | C34: 验证IPv4带宽策略出入安全域相同时策略匹配功能 | F34: 匹配对象 | G34: 匹配对象=出入端分别为安全域和安全域包含的接口
B35: Qos.ipv4.match.1p1c.optional | C35: 验证IPv4带宽策略单策略匹配${匹配对象}功能 | F35: 匹配对象 | G35: 匹配对象=源地址,源地址组,目的地址,目的地址组,服务,服务组,时间对象
B36: 步骤3:物理用例设计
B37: 逻辑用例编号 | C37: 用例标题 | D37: 测试数据 | E37: 预置条件 | F37: 测试步骤 | G37: 预期结果
B38: Qos.ipv4.match.1p1c.intf.different | C38: 验证IPv4带宽策略${匹配对象}时策略匹配功能 | D38: 匹配对象=入接口和出接口不同 | E38: 1、网元正常启动 | F38: 1、在网元上选取任意两个以上的接口（记为port1，port2，port3）配置二层转发或者路由转发 2、在port1和port2上配置带宽策略，仅匹配接口其他参数均为any，引用Qos通道的上下行限制最大带宽。 3、在Port1和Port2之间双向发送五元组变化的流量，流量大于通道的最大带宽，观察流量。【check1】 4、在Port3与Port1之间双向发送大于通道最大带宽的流量。【check2】 5、在Port3与Port2之间双向发送大于通道最大带宽的流量。【check2】 | G38: 【check1】上行流量按照通道上行最大带宽通过，下行流量按照下行流量的最大带宽通过。 【check2】流量不受影响带宽通道的最大带宽限制。
B39: Qos.ipv4.match.1p1c.intf.same | C39: 验证IPv4带宽策略${匹配对象}时策略匹配功能 | D39: 匹配对象=入接口和出接口相同 | E39: 1、网元正常启动 | F39: 1、在网元上选取任意两个接口（记为port1，port2）配置路由转发，其中Port1上配置单臂路由转发 2、在port1配置带宽策略（出入接口均为port1），仅匹配接口其他参数均为any，引用Qos通道的上下行限制最大带宽。 3、在Port1上内双向发送流量形成单臂转发，流量大于通道的最大带宽，观察流量。【check1】 4、在Port1与Port2之间双向发送大于通道最大带宽的流量。【check2】 | G39: 【check1】上行流量按照通道上行最大带宽通过，下行流量按照下行流量的最大带宽通过。 【check2】流量不受影响带宽通道的最大带宽限制。
B40: Qos.ipv4.match.1p1c.domain.different | C40: 验证IPv4带宽策略${匹配对象}时策略匹配功能 | D40: 匹配对象=出入安全域不同 | E40: 1、网元正常启动 | F40: 1、在网元上选取任意1个或多个接口创建两个安全域（记为Domain1、Domain2和Domain3，三个域之间不包含相同的接口）并在安全域内的接口上配置二层转发或者路由转发。选取另外的接口配置安全域 2、在Domain1和Domain2上配置带宽策略，仅匹配接口其他参数均为any，引用Qos通道的上下行限制最大带宽。 3、在Domain1和Domain2之间双向发送五元组变化的流量，流量大于通道的最大带宽，观察流量。【check1】 4、在Domain3与Domain1之间双向发送大于通道最大带宽的流量。【check2】 5、在Domain3与Domain2之间双向发送大于通道最大带宽的流量。【check2】 | G40: 【check1】上行流量按照通道上行最大带宽通过，下行流量按照下行流量的最大带宽通过。 【check2】流量不受影响带宽通道的最大带宽限制。
B41: Qos.ipv4.match.1p1c.domain.same | C41: 验证IPv4带宽策略${匹配对象}时策略匹配功能 | D41: 匹配对象=出入安全域相同 | E41: 1、网元正常启动 | F41: 1、在网元上选取任意接口创建两个安全域（记为Domain1，Domain2）配置路由转发或者二层转发，其中Domain1上存在域内转发（不同接口间的路由转发） 2、在Domain1配置带宽策略（出入接口均为Domain1），仅匹配接口其他参数均为any，引用Qos通道的上下行限制最大带宽。 3、在Domain1的域内双向发送流量，流量大于通道的最大带宽，观察流量。【check1】 4、在Domain1与Domain2之间双向发送大于通道最大带宽的流量。【check2】 | G41: 【check1】上行流量按照通道上行最大带宽通过，下行流量按照下行流量的最大带宽通过。 【check2】流量不受影响带宽通道的最大带宽限制。
B42: Qos.ipv4.match.1p1c.intf.domain.norelative | C42: 验证IPv4带宽策略${匹配对象}时策略匹配功能 | D42: 匹配对象=出入端分别为安全域和接口 | E42: 1、网元正常启动 | F42: 1、在网元上选取任意接口配置安全域（记为Domain1）其他任意两个接口记为Port2，Port3），并在域和接口之间配置二层转发或者路由转发 2、在Domain1（入）和Port2（出）上配置带宽策略，仅匹配接口其他参数均为any，引用Qos通道的上下行限制最大带宽。 3、在Domain1和Port2之间双向发送五元组变化的流量，流量大于通道的最大带宽，观察流量。【check1】 4、在Port3与Domain1之间双向发送大于通道最大带宽的流量。【check2】 5、在Port3与Port2之间双向发送大于通道最大带宽的流量。【check2】 | G42: 【check1】上行流量按照通道上行最大带宽通过，下行流量按照下行流量的最大带宽通过。 【check2】流量不受影响带宽通道的最大带宽限制。
B43: Qos.ipv4.match.1p1c.intf.domain.contain | C43: 验证IPv4带宽策略${匹配对象}时策略匹配功能 | D43: 匹配对象=出入端分别为安全域和安全域包含的接口 | E43: 1、网元正常启动 | F43: 1、在网元上选取任意接口配置安全域（记为Domain1），在域内选取任意接口Port2，域外选取任意接口Port3），并在域和接口之间配置二层转发或者路由转发 2、在Domain1（出）和Port2（入）上配置带宽策略，仅匹配接口其他参数均为any，引用Qos通道的上下行限制最大带宽。 3、在Domain1和Port2之间双向发送五元组变化的流量，流量大于通道的最大带宽，观察流量。【check1】 4、在Port3与Domain1之间双向发送大于通道最大带宽的流量。【check2】 5、在Port3与Port2之间双向发送大于通道最大带宽的流量。【check2】 | G43: 【check1】上行流量按照通道上行最大带宽通过，下行流量按照下行流量的最大带宽通过。 【check2】流量不受影响带宽通道的最大带宽限制。
B44: Qos.ipv4.match.1p1c.optional | C44: 验证IPv4带宽策略单策略匹配${匹配对象}功能 | D44: 匹配对象=源地址,源地址组,目的地址,目的地址组,服务,服务组,时间对象 | E44: 1、网元正常启动 | F44: 1、在网元上选取任意两个接口配置二层转发或者路由转发 2、在这两个接口上配置带宽策略，带宽策略匹配${匹配对象}，其他匹配内容全部为any，引用Qos通道的上下行限制最大带宽。 3、在上行发送匹配${匹配对象}的流量，流量大于带宽通道上行最大带宽，观察流量。【check1】 4、在下行方向匹配会话的流量（五元组与上行流量相同，源目的和端口互换）的流量，流量大于带宽通道下行方法的最大带宽，观察流量。【check2】 5、在上行发送仅${匹配对象}不同其他字段均相同的流量，下行同时发送匹配该会话的流量，双向流量大小大于通道最大带宽，观察流量。【check3】 | G44: 【check1】上行方向匹配流量的按带宽通道上行最大带宽的流量通过。 【check2】下行方向匹配流量的按带宽通道下行最大带宽的流量通过。 【check3】流量不受影响带宽通道的最大带宽限制。
A45: IPv6单策略单条件匹配测试 | B45: 【设计方法】等价类划分&数据组合
B46: 步骤1:等价类划分
B47: 等价类划分 | C47: 测试数据 | D47: 有效类 | E47: 无效类 | F47: 选取策略 | G47: 选取结果
C48: 匹配对象 | D48: 入接口 | F48: 选取数据不分类 | G48: 匹配对象=入接口,出接口,源地址,源地址组,目的地址,目的地址组,服务,服务组,用户,应用,时间对象
D49: 出接口
D50: 入安全域
D51: 出安全域
D52: 源地址
D53: 源地址组
D54: 目的地址
D55: 目的地址组
D56: 服务
D57: 服务组
D58: 用户
D59: 应用
D60: 时间对象
B61: 步骤2:数据组合
B62: 数据组合 | C62: 测试数据 | D62: 数据取值 | E62: 发生组合的数据 | F62: 约束条件&选取策略 | G62: 组合结果
C63: 所有数据不组合
B64: 步骤2:逻辑用例设计
B65: 逻辑用例编号 | C65: 测试用例描述 | F65: 覆盖的测试数据 | G65: 测试数据选取结果
B66: Qos.ipv6.match.1p1c.intf.same | C66: 验证IPv6带宽策略出入接口不同时策略匹配功能 | F66: 匹配对象 | G66: 匹配对象=入接口和出接口不同
B67: Qos.ipv6.match.1p1c.intf.different | C67: 验证IPv6带宽策略出入接口相同时策略匹配功能 | F67: 匹配对象 | G67: 匹配对象=入接口和出接口相同
B68: Qos.ipv6.match.1p1c.domain.same | C68: 验证IPv6带宽策略出入安全域不同时策略匹配功能 | F68: 匹配对象 | G68: 匹配对象=出入安全域相同
B69: Qos.ipv6.match.1p1c.domain.different | C69: 验证IPv6带宽策略出入安全域相同时策略匹配功能 | F69: 匹配对象 | G69: 匹配对象=出入安全域不相同
B70: Qos.ipv6.match.1p1c.intf.domain.norelative | C70: 验证IPv6带宽策略出入安全域不同时策略匹配功能 | F70: 匹配对象 | G70: 匹配对象=出入端分别为安全域和接口
B71: Qos.ipv6.match.1p1c.intf.domain.contain | C71: 验证IPv6带宽策略出入安全域相同时策略匹配功能 | F71: 匹配对象 | G71: 匹配对象=出入端分别为安全域和安全域包含的接口
B72: Qos.ipv6.match.1p1c.optional | C72: 验证IPv6带宽策略单策略匹配${匹配对象}功能 | F72: 匹配对象 | G72: 匹配对象=源地址,源地址组,目的地址,目的地址组,服务,服务组,时间对象
B73: 步骤3:物理用例设计
B74: 逻辑用例编号 | C74: 用例标题 | D74: 测试数据 | E74: 预置条件 | F74: 测试步骤 | G74: 预期结果
B75: Qos.ipv6.match.1p1c.intf.different | C75: 验证IPv6带宽策略${匹配对象}时策略匹配功能 | D75: 匹配对象=入接口和出接口不同 | E75: 1、网元正常启动 | F75: 1、在网元上选取任意两个以上的接口（记为port1，port2，port3）配置二层转发或者路由转发 2、在port1和port2上配置带宽策略，仅匹配接口其他参数均为any，引用Qos通道的上下行限制最大带宽。 3、在Port1和Port2之间双向发送五元组变化的流量，流量大于通道的最大带宽，观察流量。【check1】 4、在Port3与Port1之间双向发送大于通道最大带宽的流量。【check2】 5、在Port3与Port2之间双向发送大于通道最大带宽的流量。【check2】 | G75: 【check1】上行流量按照通道上行最大带宽通过，下行流量按照下行流量的最大带宽通过。 【check2】流量不受影响带宽通道的最大带宽限制。
B76: Qos.ipv6.match.1p1c.intf.same | C76: 验证IPv6带宽策略${匹配对象}时策略匹配功能 | D76: 匹配对象=入接口和出接口相同 | E76: 1、网元正常启动 | F76: 1、在网元上选取任意两个接口（记为port1，port2）配置路由转发，其中Port1上配置单臂路由转发 2、在port1配置带宽策略（出入接口均为port1），仅匹配接口其他参数均为any，引用Qos通道的上下行限制最大带宽。 3、在Port1上内双向发送流量形成单臂转发，流量大于通道的最大带宽，观察流量。【check1】 4、在Port1与Port2之间双向发送大于通道最大带宽的流量。【check2】 | G76: 【check1】上行流量按照通道上行最大带宽通过，下行流量按照下行流量的最大带宽通过。 【check2】流量不受影响带宽通道的最大带宽限制。
B77: Qos.ipv6.match.1p1c.domain.different | C77: 验证IPv6带宽策略${匹配对象}时策略匹配功能 | D77: 匹配对象=出入安全域不同 | E77: 1、网元正常启动 | F77: 1、在网元上选取任意1个或多个接口创建两个安全域（记为Domain1、Domain2和Domain3，三个域之间不包含相同的接口）并在安全域内的接口上配置二层转发或者路由转发。选取另外的接口配置安全域 2、在Domain1和Domain2上配置带宽策略，仅匹配接口其他参数均为any，引用Qos通道的上下行限制最大带宽。 3、在Domain1和Domain2之间双向发送五元组变化的流量，流量大于通道的最大带宽，观察流量。【check1】 4、在Domain3与Domain1之间双向发送大于通道最大带宽的流量。【check2】 5、在Domain3与Domain2之间双向发送大于通道最大带宽的流量。【check2】 | G77: 【check1】上行流量按照通道上行最大带宽通过，下行流量按照下行流量的最大带宽通过。 【check2】流量不受影响带宽通道的最大带宽限制。
B78: Qos.ipv6.match.1p1c.domain.same | C78: 验证IPv6带宽策略${匹配对象}时策略匹配功能 | D78: 匹配对象=出入安全域相同 | E78: 1、网元正常启动 | F78: 1、在网元上选取任意接口创建两个安全域（记为Domain1，Domain2）配置路由转发或者二层转发，其中Domain1上存在域内转发（不同接口间的路由转发） 2、在Domain1配置带宽策略（出入接口均为Domain1），仅匹配接口其他参数均为any，引用Qos通道的上下行限制最大带宽。 3、在Domain1的域内双向发送流量，流量大于通道的最大带宽，观察流量。【check1】 4、在Domain1与Domain2之间双向发送大于通道最大带宽的流量。【check2】 | G78: 【check1】上行流量按照通道上行最大带宽通过，下行流量按照下行流量的最大带宽通过。 【check2】流量不受影响带宽通道的最大带宽限制。
B79: Qos.ipv6.match.1p1c.intf.domain.norelative | C79: 验证IPv6带宽策略${匹配对象}时策略匹配功能 | D79: 匹配对象=出入端分别为安全域和接口 | E79: 1、网元正常启动 | F79: 1、在网元上选取任意接口配置安全域（记为Domain1）其他任意两个接口记为Port2，Port3），并在域和接口之间配置二层转发或者路由转发 2、在Domain1（入）和Port2（出）上配置带宽策略，仅匹配接口其他参数均为any，引用Qos通道的上下行限制最大带宽。 3、在Domain1和Port2之间双向发送五元组变化的流量，流量大于通道的最大带宽，观察流量。【check1】 4、在Port3与Domain1之间双向发送大于通道最大带宽的流量。【check2】 5、在Port3与Port2之间双向发送大于通道最大带宽的流量。【check2】 | G79: 【check1】上行流量按照通道上行最大带宽通过，下行流量按照下行流量的最大带宽通过。 【check2】流量不受影响带宽通道的最大带宽限制。
B80: Qos.ipv6.match.1p1c.intf.domain.contain | C80: 验证IPv6带宽策略${匹配对象}时策略匹配功能 | D80: 匹配对象=出入端分别为安全域和安全域包含的接口 | E80: 1、网元正常启动 | F80: 1、在网元上选取任意接口配置安全域（记为Domain1），在域内选取任意接口Port2，域外选取任意接口Port3），并在域和接口之间配置二层转发或者路由转发 2、在Domain1（出）和Port2（入）上配置带宽策略，仅匹配接口其他参数均为any，引用Qos通道的上下行限制最大带宽。 3、在Domain1和Port2之间双向发送五元组变化的流量，流量大于通道的最大带宽，观察流量。【check1】 4、在Port3与Domain1之间双向发送大于通道最大带宽的流量。【check2】 5、在Port3与Port2之间双向发送大于通道最大带宽的流量。【check2】 | G80: 【check1】上行流量按照通道上行最大带宽通过，下行流量按照下行流量的最大带宽通过。 【check2】流量不受影响带宽通道的最大带宽限制。
B81: Qos.ipv6.match.1p1c.optional | C81: 验证IPv6带宽策略单策略匹配${匹配对象}功能 | D81: 匹配对象=源地址,源地址组,目的地址,目的地址组,服务,服务组,用户,应用,时间对象 | E81: 1、网元正常启动 | F81: 1、在网元上选取任意两个接口配置二层转发或者路由转发 2、在这两个接口上配置带宽策略，带宽策略匹配${匹配对象}，其他匹配内容全部为any，引用Qos通道的上下行限制最大带宽。 3、在上行发送匹配${匹配对象}的流量，流量大于带宽通道上行最大带宽，观察流量。【check1】 4、在下行方向匹配会话的流量（五元组与上行流量相同，源目的和端口互换）的流量，流量大于带宽通道下行方法的最大带宽，观察流量。【check2】 5、在上行发送仅${匹配对象}不同其他字段均相同的流量，下行同时发送匹配该会话的流量，双向流量大小大于通道最大带宽，观察流量。【check3】 | G81: 【check1】上行方向匹配流量的按带宽通道上行最大带宽的流量通过。 【check2】下行方向匹配流量的按带宽通道下行最大带宽的流量通过。 【check3】流量不受影响带宽通道的最大带宽限制。
A82: 单策略多条件匹配测试 | B82: 【设计方法】等价类划分&数据组合
B83: 步骤1:等价类划分
B84: 等价类划分 | C84: 测试数据 | D84: 有效类 | E84: 无效类 | F84: 选取策略 | G84: 选取结果
C85: 接口 | D85: 入接口 | F85: 选取数据不分类 | G85: 接口=入接口,出接口
D86: 出接口
C87: 源地址 | D87: 源地址 | F87: 选取数据不分类 | G87: 源地址=源地址,源地址组
D88: 源地址组
C89: 目的地址 | D89: 目的地址 | F89: 选取数据不分类 | G89: 目的地址=目的地址,目的地址组
D90: 目的地址组
C91: 服务 | D91: 服务 | F91: 选取数据不分类 | G91: 服务=服务,服务组
D92: 服务组
C93: 时间对象 | D93: 时间对象 | F93: 选取数据不分类 | G93: 时间对象=时间对象
B94: 步骤2:数据组合
B95: 数据组合 | C95: 测试数据 | D95: 数据取值 | E95: 发生组合的数据 | F95: 约束条件&选取策略 | G95: 组合结果
C96: 接口 | D96: 入接口 | E96: 所有 | F96: 必选,全组合
D97: 出接口
C98: 源地址 | D98: 源地址 | E98: 目的地址,服务 | F98: 每一类看做一个等价类，与时间对象不组合 | G98: 匹配对象1=源地址;匹配对象2=目的地址 匹配对象1=源地址;匹配对象2=服务组
D99: 源地址组 | F99: 每一类看做一个等价类，与时间对象不组合 | G99: 匹配对象1=源地址组;匹配对象2=目的地址组 匹配对象1=源地址组;匹配对象2=服务
C100: 目的地址 | D100: 目的地址 | E100: 源地址,服务 | F100: 每一类看做一个等价类，与时间对象不组合 | G100: 匹配对象1=目的地址;匹配对象2=服务组
...

Sheet 匹配优先级
A1: 测试点汇总 | B1: 测试点 | C1: 测试设计方法 | D1: 适用场景 | E1: 用例规模（个） | F1: 测试数据
B2: Qos策略匹配优先级测试 | C2: 直接分析 | E2: 2 | F2: 默认不匹配、按照顺序匹配
B3: Qos策略优先级调整测试 | C3: 直接分析 | E3: 4 | F3: 策略最前、指定ID之前、指定ID之后、策略最后
A4: Qos策略匹配优先级测试 | B4: 【设计方法】直接设计法
B5: 步骤1:逻辑用例设计
B6: 逻辑用例编号 | C6: 测试用例描述 | F6: 覆盖的测试数据 | G6: 测试数据选取结果
B7: Qos.match.pri | C7: 验证带宽策略顺序匹配功能 | F7: 匹配优先级 | G7: 匹配优先级=顺序匹配
B8: 步骤2:物理用例设计
B9: 逻辑用例编号 | C9: 用例标题 | D9: 测试数据 | E9: 预置条件 | F9: 测试步骤 | G9: 预期结果
B10: Qos.ipv4.match.pri | C10: 验证IPv4带宽策略从上往下顺序匹配功能 | D10: 匹配优先级=顺序匹配 | E10: 1、网元正常启动 2、在网元上选取任意两个接口（记为port1，port2）配置二层转发或者路由转发 | F10: 1、在网元上创建三个对象其中C1包含C2，C2包含C3。同时配置三条带宽通道，三条带宽通道的最大带宽均不相同。 2、在port1和port2上配置三条带宽策略，分别引用C1,C2和C3。其中带宽策略C1在最前面，C2在中间，C3在最后. 3、在Port1和Port2之间双向发送匹配C3的流量流量，流量大于通道的最大带宽，观察流量。【check1】 4、不停止流量禁用C1策略，观察流量。【check2】 5、不停止流量禁用C2策略，观察流量。【check3】 6、不停止流量禁用C3策略，观察流量。【check4】 | G10: 【check1】上下行流量按照C1引用的带宽通道的最大带宽通过。 【check2】上下行流量按照C2引用的带宽通道的最大带宽通过。 【check3】上下行流量按照C3引用的带宽通道的最大带宽通过。 【check4】流量不受影响带宽通道的最大带宽限制。
B11: Qos.ipv6.match.pri | C11: 验证IPv6带宽策略从上往下顺序匹配功能 | D11: 匹配优先级=顺序匹配 | E11: 1、网元正常启动 2、在网元上选取任意两个接口（记为port1，port2）配置二层转发或者路由转发 | F11: 1、在网元上创建三个对象其中C1包含C2，C2包含C3。同时配置三条带宽通道，三条带宽通道的最大带宽均不相同。 2、在port1和port2上配置三条带宽策略，分别引用C1,C2和C3。其中带宽策略C1在最前面，C2在中间，C3在最后. 3、在Port1和Port2之间双向发送匹配C3的流量流量，流量大于通道的最大带宽，观察流量。【check1】 4、不停止流量禁用C1策略，观察流量。【check2】 5、不停止流量禁用C2策略，观察流量。【check3】 6、不停止流量禁用C3策略，观察流量。【check4】 | G11: 【check1】上下行流量按照C1引用的带宽通道的最大带宽通过。 【check2】上下行流量按照C2引用的带宽通道的最大带宽通过。 【check3】上下行流量按照C3引用的带宽通道的最大带宽通过。 【check4】流量不受影响带宽通道的最大带宽限制。
A12: Qos策略优先级调整测试 | B12: 【设计方法】直接设计法
B13: 步骤1:逻辑用例设计
B14: 逻辑用例编号 | C14: 测试用例描述 | F14: 覆盖的测试数据 | G14: 测试数据选取结果
B15: Qos.match.pri.put | C15: 验证带宽策略优先级调整到${调整方式}的匹配功能 | F15: 调整方式 | G15: 调整方式=策略最前、指定ID之前、指定ID之后、策略最后
B16: 步骤2:物理用例设计
B17: 逻辑用例编号 | C17: 用例标题 | D17: 测试数据 | E17: 预置条件 | F17: 测试步骤 | G17: 预期结果
B18: Qos.IPv4.match.pri.put | C18: 验证IPv4带宽策略优先级调整到${调整方式}的匹配功能 | D18: 调整方式=策略最前,指定ID之前,指定ID之后,策略最后 | E18: 1、网元正常启动 2、在网元上选取任意两个接口（记为port1，port2）配置二层转发或者路由转发 | F18: 1、网元上配置超过10个带宽通道，通道的上下行最大带宽都不相同 2、在port1和port2上配置超过10条带宽策略，引用步骤1中配置的${调整方式}，他参数均为any，引用Qos通道的上下行限制最大带宽。 3、在Port1和Port2之间双向发送五元组变化的流量，流量大于通道的最大带宽，观察流量。【check1】 4、不停止流量修改带宽策略，使其不再匹配该流量，观察流量。【check2】 | G18: 【check1】上行流量按照通道上行最大带宽通过，下行流量按照下行流量的最大带宽通过。 【check2】流量不受影响带宽通道的最大带宽限制。
B19: Qos.IPv6.match.pri.put | C19: 验证IPv6带宽策略优先级调整到${调整方式}的匹配功能 | D19: 调整方式=策略最前,指定ID之前,指定ID之后,策略最后 | E19: 1、网元正常启动 2、在网元上选取任意两个接口（记为port1，port2）配置二层转发或者路由转发 | F19: 1、网元上配置超过10个带宽通道，通道的上下行最大带宽都不相同 2、在port1和port2上配置超过10条带宽策略，引用步骤1中配置的${调整方式}，他参数均为any，引用Qos通道的上下行限制最大带宽。 3、在Port1和Port2之间双向发送五元组变化的流量，流量大于通道的最大带宽，观察流量。【check1】 4、不停止流量修改带宽策略，使其不再匹配该流量，观察流量。【check2】 | G19: 【check1】上行流量按照通道上行最大带宽通过，下行流量按照下行流量的最大带宽通过。 【check2】流量不受影响带宽通道的最大带宽限制。

Sheet 策略分析
A1: 测试点汇总 | B1: 测试点 | C1: 测试设计方法 | D1: 适用场景 | E1: 用例规模（个） | F1: 测试数据
B2: 带宽策略分析测试 | C2: 直接分析 | E2: 7 | F2: 冲突策略、冗余策略、隐藏策略、可合并策略、空策略、过期策略、忽略策略
A3: 带宽策略分析测试 | B3: 【设计方法】直接设计法
B4: 步骤1:逻辑用例设计
B5: 逻辑用例编号 | C5: 测试用例描述 | F5: 覆盖的测试数据 | G5: 测试数据选取结果
B6: Qos.conf.analyze | C6: 验证带宽策略${数据名称}分析功能 | F6: 冲突策略、冗余策略、隐藏策略、可合并策略、空策略、过期策略、忽略策略、禁用策略和未命中策略 | G6: 测试数据=冲突策略,冗余策略,隐藏策略,可合并策略,空策略,过期策略,忽略策略,禁用策略,未命中策略
B7: 步骤2:物理用例设计
B8: 逻辑用例编号 | C8: 用例标题 | D8: 测试数据 | E8: 预置条件 | F8: 测试步骤 | G8: 预期结果
B9: ACL.conf.analy.004 | C9: 验证带宽策略${数据名称}分析功能 | D9: 数据名称=冲突策略,冗余策略,隐藏策略,可合并策略,空策略,过期策略,忽略策略,禁用策略,未命中策略 | E9: 网元正常启动 | F9: 1、在网元上添加多个带宽策略形成${数据名称}【check1】 2、打开策略分析开关，其余值为默认值【check2】 3、查看策略分析结果。【check3】 | G9: 【check1】添加成功 【check2】配置成功 【check3】查询结果返回${数据名称}与配置的相同

Sheet 带宽保障
A1: 测试点汇总 | B1: 测试点 | C1: 测试设计方法 | D1: 适用场景 | E1: 用例规模（个） | F1: 测试数据
B2: 独占通道保障带宽测试 | C2: 等价类划分&数据组合 | E2: 2 | F2: 上行、下行
B3: 共享通道保障带宽测试 | C3: 等价类划分&数据组合 | E3: 2 | F3: 上行、下行
B4: 独占和共享带宽共存时保障带宽测试 | C4: 等价类划分&数据组合 | E4: 3 | F4: 上行、下行
B5: 保障带宽定时启停功能测试 | C5: 直接分析 | E5: 1 | F5: 上行、下行
B6: 保障带宽阈值启停功能测试 | C6: 直接分析 | E6: 1 | F6: 上行、下行
B7: 保障带宽和最大带宽混合使用 | C7: 直接分析 | E7: 1
B8: 不同模式下下接口的匹配和限速 | C8: 直接分析 | E8: 3 | F8: 交换、路由、接口对、二层（带IP和不带IP）、接口对、IPv4
B9: 不同接口类型的带宽限制功能 | C9: 直接分析 | E9: 5 | F9: 物理接口、子接口、bvi接口、聚合口、隧道接口（封装和净荷报文计算）
B10: 拥塞时的协议报文转发 | C10: 直接分析 | E10: 6 | F10: ARP、ND、PPPoE、DHCP、DNS、管理报文（不支持）
B11: 丢弃报文不占用带宽 | C11: 直接分析 | E11: 2 | F11: 黑白名单、安全策略
B12: 出口拥塞测试 | C12: 直接分析 | E12: 2 | F12: 上行拥塞测试、下行拥塞测试(已覆盖)
B13: 带宽保障配置顺序测试 | C13: 直接分析 | E13: 2 | F13: 先配接口带宽、先配策略和通道
B14: 带宽限制精度测试 | C14: 直接分析 | E14: 2 | F14: 最小值，最大值
A15: IPv4独占通道保障带宽测试 | B15: 【设计方法】等价类划分&数据组合
B16: 步骤1:等价类划分
B17: 等价类划分 | C17: 测试数据 | D17: 有效类 | E17: 无效类 | F17: 选取策略 | G17: 选取结果
C18: 方向 | D18: 入接口到出接口 | F18: 选取数据不分类 | G18: 方向=入接口到出接口,出接口到入接口
D19: 出接口到入接口
B20: 步骤2:数据组合
B21: 数据组合 | C21: 测试数据 | D21: 数据取值 | E21: 发生组合的数据 | F21: 约束条件&选取策略 | G21: 组合结果
C22: 所有数据不组合
B23: 步骤2:逻辑用例设计
B24: 逻辑用例编号 | C24: 测试用例描述 | F24: 覆盖的测试数据 | G24: 测试数据选取结果
B25: Qos.ipv4.cir.sole.forward.intfs | C25: 验证IPv4独占通道不同接口间${方向}方向带宽保障功能 | F25: 方向 | G25: 方向=入接口到出接口
B26: Qos.ipv4.cir.sole.forward.intf | C26: 验证IPv4独占通道单臂路由${方向}方向带宽保障功能 | F26: 方向 | G26: 方向=入接口到出接口
B27: Qos.ipv4.cir.sole.reverse.intfs | C27: 验证IPv4独占通道不同接口间${方向}方向带宽保障功能 | F27: 方向 | G27: 方向=出接口到入接口
B28: Qos.ipv4.cir.sole.reverse.intf | C28: 验证IPv4独占通道单臂路由${方向}方向带宽保障功能 | F28: 方向 | G28: 方向=出接口到入接口
B29: 步骤3:物理用例设计
B30: 逻辑用例编号 | C30: 用例标题 | D30: 测试数据 | E30: 预置条件 | F30: 测试步骤 | G30: 预期结果
B31: Qos.ipv4.cir.sole.forward.intfs | C31: 验证IPv4独占通道不同接口间${方向}方向带宽保障功能 | D31: 方向=入接口到出接口 | E31: 1、网元正常启动 2、在网元上选取任意三个接口（记为port1，port2，port3）配置二层转发或者路由转发 | F31: 1、在port1（入）和port2（出）上配置带宽策略，匹配任意参数，引用Qos独占通道保障带宽大于接口带宽的50%。 2、从Port3向Port2发送线速带宽的背景流量。 3、从Port1向Port2发送线速带宽的流量，流量正向匹配带宽策略，观察流量通过情况。【check1】 4、不停止流量，禁用带宽策略，观察流量。【check2】 | G31: 【check1】该流通过的流量大于等于带宽策略引用通道的保障带宽。 【check2】从Port1到Port2的流量不再被保障
B32: Qos.ipv4.cir.sole.forward.intf | C32: 验证IPv4独占通道单臂路由${方向}方向带宽保障功能 | D32: 方向=入接口到出接口 | E32: 1、网元正常启动 2、在网元上选取任意三个接口（记为port1，port2）配置二层转发或者路由转发，其中Port1存在一跳单臂转发的路由 | F32: 1、在port1（出入接口均为Port1）上配置带宽策略，匹配任意参数，引用Qos独占通道保障带宽大于接口带宽的50%。 2、从Port2向Port1发送线速带宽的背景流量。 3、向Port1发送线速带宽的流量形成单臂转发，流量正向匹配带宽策略，观察流量通过情况。【check1】 4、不停止流量，禁用带宽策略，观察流量。【check2】 | G32: 【check1】该流通过的流量大于等于带宽策略引用通道的保障带宽。 【check2】Port1上单臂转发的流量不再被保障
B33: Qos.ipv4.cir.sole.reverse.intfs | C33: 验证IPv4独占通道不同接口间${方向}方向带宽保障功能 | D33: 方向=出接口到入接口 | E33: 1、网元正常启动 2、在网元上选取任意三个接口（记为port1，port2，port3）配置二层转发或者路由转发 | F33: 1、在port1（入）和port2（出）上配置带宽策略，匹配任意参数，引用Qos独占通道保障带宽大于接口带宽的50%。 2、从Port3向Port2发送线速带宽的背景流量。 3、从Port2向Port1发送线速带宽的流量，流量反向匹配带宽策略，观察流量通过情况。（此时无正向会话，必要时可以清除会话）【check2】 4、不停止流量，从Port1向Port2发送正向匹配带宽策略的流量，观察流量。（此时无正向会话，必要时可以清除会话）【check1】 5、不停止流量，禁用带宽策略，观察流量。【check3】 | G33: 【check1】该流通过的流量大于等于带宽策略引用通道的保障带宽。 【check2】从Port1到Port2的流量不再被保障
B34: Qos.ipv4.cir.sole.reverse.intf | C34: 验证IPv4独占通道单臂路由${方向}方向带宽保障功能 | D34: 方向=出接口到入接口 | E34: 1、网元正常启动 2、在网元上选取任意三个接口（记为port1，port2）配置二层转发或者路由转发，其中Port1存在一跳单臂转发的路由 | F34: 1、在port1（出入接口均为Port1）上配置带宽策略，匹配任意参数，引用Qos独占通道保障带宽大于接口带宽的50%。 2、从Port2向Port1发送线速带宽的背景流量。 3、向Port1发送线速带宽的流量形成单臂转发，流量反向匹配带宽策略，观察流量通过情况。【check2】 4、不停止流量，在Port1发送正向匹配带宽策略的流量，形成单臂转发。观察流量。【check1】 5、不停止流量，禁用带宽策略，观察流量。【check2】 | G34: 【check1】该流通过的流量大于等于带宽策略引用通道的保障带宽。 【check2】从Port1到Port2的流量不再被保障
A35: IPv6独占通道保障带宽测试 | B35: 【设计方法】等价类划分&数据组合
B36: 步骤1:等价类划分
B37: 等价类划分 | C37: 测试数据 | D37: 有效类 | E37: 无效类 | F37: 选取策略 | G37: 选取结果
C38: 方向 | D38: 入接口到出接口 | F38: 选取数据不分类 | G38: 方向=入接口到出接口,出接口到入接口
D39: 出接口到入接口
B40: 步骤2:数据组合
B41: 数据组合 | C41: 测试数据 | D41: 数据取值 | E41: 发生组合的数据 | F41: 约束条件&选取策略 | G41: 组合结果
C42: 所有数据不组合
B43: 步骤2:逻辑用例设计
B44: 逻辑用例编号 | C44: 测试用例描述 | F44: 覆盖的测试数据 | G44: 测试数据选取结果
B45: Qos.ipv6.cir.sole.forward.intfs | C45: 验证IPv6独占通道不同接口间${方向}方向带宽保障功能 | F45: 方向 | G45: 方向=入接口到出接口
B46: Qos.ipv6.cir.sole.forward.intf | C46: 验证IPv6独占通道单臂路由${方向}方向带宽保障功能 | F46: 方向 | G46: 方向=入接口到出接口
B47: Qos.ipv6.cir.sole.reverse.intfs | C47: 验证IPv6独占通道不同接口间${方向}方向带宽保障功能 | F47: 方向 | G47: 方向=出接口到入接口
B48: Qos.ipv6.cir.sole.reverse.intf | C48: 验证IPv6独占通道单臂路由${方向}方向带宽保障功能 | F48: 方向 | G48: 方向=出接口到入接口
B49: 步骤3:物理用例设计
B50: 逻辑用例编号 | C50: 用例标题 | D50: 测试数据 | E50: 预置条件 | F50: 测试步骤 | G50: 预期结果
B51: Qos.ipv6.cir.sole.forward.intfs | C51: 验证IPv6独占通道不同接口间${方向}方向带宽保障功能 | D51: 方向=入接口到出接口 | E51: 1、网元正常启动 2、在网元上选取任意三个接口（记为port1，port2，port3）配置二层转发或者路由转发 | F51: 1、在port1（入）和port2（出）上配置带宽策略，匹配任意参数，引用Qos独占通道保障带宽大于接口带宽的50%。 2、从Port3向Port2发送线速带宽的背景流量。 3、从Port1向Port2发送线速带宽的流量，流量正向匹配带宽策略，观察流量通过情况。【check1】 4、不停止流量，禁用带宽策略，观察流量。【check2】 | G51: 【check1】该流通过的流量大于等于带宽策略引用通道的保障带宽。 【check2】从Port1到Port2的流量不再被保障
B52: Qos.ipv6.cir.sole.forward.intf | C52: 验证IPv6独占通道单臂路由${方向}方向带宽保障功能 | D52: 方向=入接口到出接口 | E52: 1、网元正常启动 2、在网元上选取任意三个接口（记为port1，port2）配置二层转发或者路由转发，其中Port1存在一跳单臂转发的路由 | F52: 1、在port1（出入接口均为Port1）上配置带宽策略，匹配任意参数，引用Qos独占通道保障带宽大于接口带宽的50%。 2、从Port2向Port1发送线速带宽的背景流量。 3、向Port1发送线速带宽的流量形成单臂转发，流量正向匹配带宽策略，观察流量通过情况。【check1】 4、不停止流量，禁用带宽策略，观察流量。【check2】 | G52: 【check1】该流通过的流量大于等于带宽策略引用通道的保障带宽。 【check2】Port1上单臂转发的流量不再被保障
B53: Qos.ipv6.cir.sole.reverse.intfs | C53: 验证IPv6独占通道不同接口间${方向}方向带宽保障功能 | D53: 方向=出接口到入接口 | E53: 1、网元正常启动 2、在网元上选取任意三个接口（记为port1，port2，port3）配置二层转发或者路由转发 | F53: 1、在port1（入）和port2（出）上配置带宽策略，匹配任意参数，引用Qos独占通道保障带宽大于接口带宽的50%。 2、从Port3向Port2发送线速带宽的背景流量。 3、从Port2向Port1发送线速带宽的流量，流量反向匹配带宽策略，观察流量通过情况。（此时无正向会话，必要时可以清除会话）【check2】 4、不停止流量，从Port1向Port2发送正向匹配带宽策略的流量，观察流量。（此时无正向会话，必要时可以清除会话）【check1】 5、不停止流量，禁用带宽策略，观察流量。【check3】 | G53: 【check1】该流通过的流量大于等于带宽策略引用通道的保障带宽。 【check2】从Port1到Port2的流量不再被保障
B54: Qos.ipv6.cir.sole.reverse.intf | C54: 验证IPv6独占通道单臂路由${方向}方向带宽保障功能 | D54: 方向=出接口到入接口 | E54: 1、网元正常启动 2、在网元上选取任意三个接口（记为port1，port2）配置二层转发或者路由转发，其中Port1存在一跳单臂转发的路由 | F54: 1、在port1（出入接口均为Port1）上配置带宽策略，匹配任意参数，引用Qos独占通道保障带宽大于接口带宽的50%。 2、从Port2向Port1发送线速带宽的背景流量。 3、向Port1发送线速带宽的流量形成单臂转发，流量反向匹配带宽策略，观察流量通过情况。【check2】 4、不停止流量，在Port1发送正向匹配带宽策略的流量，形成单臂转发。观察流量。【check1】 5、不停止流量，禁用带宽策略，观察流量。【check2】 | G54: 【check1】该流通过的流量大于等于带宽策略引用通道的保障带宽。 【check2】从Port1到Port2的流量不再被保障
A55: 共享通道保障带宽测试 | B55: 【设计方法】等价类划分&数据组合
B56: 步骤1:等价类划分
B57: 等价类划分 | C57: 测试数据 | D57: 有效类 | E57: 无效类 | F57: 选取策略 | G57: 选取结果
C58: 方向 | D58: 入接口到出接口 | F58: 选取数据不分类 | G58: 方向=入接口到出接口,出接口到入接口
D59: 出接口到入接口
B60: 步骤2:数据组合
B61: 数据组合 | C61: 测试数据 | D61: 数据取值 | E61: 发生组合的数据 | F61: 约束条件&选取策略 | G61: 组合结果
C62: 所有数据不组合
B63: 步骤2:逻辑用例设计
B64: 逻辑用例编号 | C64: 测试用例描述 | F64: 覆盖的测试数据 | G64: 测试数据选取结果
B65: Qos.cir.share.forward.intfs | C65: 验证共享通道不同接口间${方向}方向带宽保障功能 | F65: 方向 | G65: 方向=入接口到出接口
B66: Qos.cir.share.forward.intf | C66: 验证共享通道单臂路由${方向}方向带宽保障功能 | F66: 方向 | G66: 方向=入接口到出接口
B67: Qos.cir.share.reverse.intfs | C67: 验证共享通道不同接口间${方向}方向带宽保障功能 | F67: 方向 | G67: 方向=出接口到入接口
B68: Qos.cir.share.reverse.intf | C68: 验证共享通道单臂路由${方向}方向带宽保障功能 | F68: 方向 | G68: 方向=出接口到入接口
B69: Qos.cir.share.intfs | C69: 验证共享通道多接口匹配功能 | F69: 方向 | G69: 方向=出接口到入接口
B70: 步骤3:物理用例设计
B71: 逻辑用例编号 | C71: 用例标题 | D71: 测试数据 | E71: 预置条件 | F71: 测试步骤 | G71: 预期结果
B72: Qos.cir.share.forward.intfs | C72: 验证共享通道不同接口间${方向}方向带宽保障功能 | D72: 方向=入接口到出接口 | E72: 1、网元正常启动 2、在网元上选取任意三个接口（记为port1，port2，port3）配置二层转发或者路由转发 | F72: 1、在port1（入）和port2（出）上配置至少三条带宽策略，匹配任意参数，三条策略都引用同一共享带宽通道，带宽通道的保障带宽大于接口带宽的50%。 2、从Port3向Port2发送线速带宽的背景流量。 3、从Port1向Port2发送至少三条流，流量之和为接口线速，流量正向匹配带宽策略，观察流量通过情况。【check1】 4、不停止流量，禁用带宽策略，观察流量。【check2】 | G72: 【check1】这些流量之和大于等于带宽策略引用通道的保障带宽。 【check2】从Port1到Port2的流量不再被保障
B73: Qos.cir.share.forward.intf | C73: 验证共享通道单臂路由${方向}方向带宽保障功能 | D73: 方向=入接口到出接口 | E73: 1、网元正常启动 2、在网元上选取任意三个接口（记为port1，port2）配置二层转发或者路由转发，其中Port1存在一跳单臂转发的路由 | F73: 1、在port1（出入接口均为Port1）上至少配置3条带宽策略，匹配任意参数，三条策略都引用同一共享带宽通道，带宽通道的保障带宽大于接口带宽的50%。 2、从Port2向Port1发送线速带宽的背景流量。 3、向Port1发送至少三条流量，流量之和为接口线速并形成单臂转发，流量正向匹配带宽策略，观察流量通过情况。【check1】 4、不停止流量，禁用带宽策略，观察流量。【check2】 | G73: 【check1】这些流量之和大于等于带宽策略引用通道的保障带宽。 【check2】Port1上单臂转发的流量不再被保障
B74: Qos.cir.share.reverse.intfs | C74: 验证共享通道不同接口间${方向}方向带宽保障功能 | D74: 方向=出接口到入接口 | E74: 1、网元正常启动 2、在网元上选取任意三个接口（记为port1，port2，port3）配置二层转发或者路由转发 | F74: 1、在port1（入）和port2（出）上配置至少三条带宽策略，匹配任意参数，三条策略都引用同一共享带宽通道，带宽通道的保障带宽大于接口带宽的50%。 2、从Port3向Port2发送线速带宽的背景流量。 3、从Port2向Port1至少发送3条流，流量之和为接口线速，流量反向匹配带宽策略，观察流量通过情况。（此时无正向会话，必要时可以清除会话）【check2】 4、不停止流量，从Port1向Port2发送正向匹配带宽策略的流量，观察流量。（此时无正向会话，必要时可以清除会话）【check1】 5、不停止流量，禁用带宽策略，观察流量。【check3】 | G74: 【check1】该流通过的流量大于等于带宽策略引用通道的保障带宽。 【check2】从Port1到Port2的流量不再被保障
B75: Qos.cir.share.reverse.intf | C75: 验证共享通道单臂路由${方向}方向带宽保障功能 | D75: 方向=出接口到入接口 | E75: 1、网元正常启动 2、在网元上选取任意三个接口（记为port1，port2）配置二层转发或者路由转发，其中Port1存在一跳单臂转发的路由 | F75: 1、在port1（出入接口均为Port1）上至少配置3条带宽策略，匹配任意参数，三条策略都引用同一共享带宽通道，带宽通道的保障带宽大于接口带宽的50%。 2、从Port2向Port1发送线速带宽的背景流量。 3、向Port1发送至少三条流量，流量之和为接口线速并形成单臂转发，流量反向匹配带宽策略，观察流量通过情况。【check2】 4、不停止流量，在Port1发送正向匹配带宽策略的流量，形成单臂转发。观察流量。【check1】 5、不停止流量，禁用带宽策略，观察流量。【check2】 | G75: 【check1】该流通过的流量大于等于带宽策略引用通道的保障带宽。 【check2】从Port1到Port2的流量不再被保障
B76: Qos.cir.share.intfs | C76: 验证共享通道可以匹配多个接口功能 | D76: 匹配=接口 | E76: 1、网元正常启动 2、在网元上选取任意四个接口（记为port1，port2，port3，port4）配置二层转发或者路由转发 | F76: 1、在设备上配置共享通道chl1，并配置通道保障带宽 2、在port1（入）和port2（出）上配置带宽策略P1，匹配任意参数，引用chl1。在port2（入）和port2（出）上配置带宽策略P2，匹配任意参数，引用chl1。在port1（入）和port3（出）上配置带宽策略P3，匹配任意参数，引用chl1。 2、从Port4（10GE口或者多个GE口）向Port2和Port1发送线速带宽的背景流量占满Port1和Port2的出口带宽。 3、从Port1向Port2之间双向满流量发送匹配P1和P2的流量，Port1和Port3之间双向满流量发送匹配P3的流量，观察流量通过情况。【check1】 4、不停止流量，禁用带宽策略，观察流量。【check2】 | G76: 【check1】所有流量之和大于等于通道chl1的保障带宽。 【check2】所有流量不再有带宽保障
A77: 独占和共享带宽共存时保障带宽测试 | B77: 【设计方法】等价类划分&数据组合
B78: 步骤1:等价类划分
B79: 等价类划分 | C79: 测试数据 | D79: 有效类 | E79: 无效类 | F79: 选取策略 | G79: 选取结果
C80: 方向 | D80: 入接口到出接口 | F80: 选取数据不分类 | G80: 方向=入接口到出接口,出接口到入接口
D81: 出接口到入接口
B82: 步骤2:数据组合
B83: 数据组合 | C83: 测试数据 | D83: 数据取值 | E83: 发生组合的数据 | F83: 约束条件&选取策略 | G83: 组合结果
C84: 所有数据不组合
B85: 步骤2:逻辑用例设计
B86: 逻辑用例编号 | C86: 测试用例描述 | F86: 覆盖的测试数据 | G86: 测试数据选取结果
B87: Qos.cir.share.sole.intfs | C87: 验证不同接口业务共享通道和独占通道共存时的保障带宽 | F87: 方向 | G87: 方向=接口间业务
B88: Qos.cir.share.sole.intf | C88: 验证单臂路由共享通道和独占通道共存时的保障带宽 | F88: 方向 | G88: 方向=单臂路由
B89: 步骤3:物理用例设计
B90: 逻辑用例编号 | C90: 用例标题 | D90: 测试数据 | E90: 预置条件 | F90: 测试步骤 | G90: 预期结果
B91: Qos.cir.share.sole.intfs | C91: 验证不同接口业务共享通道和独占通道共存时的保障带宽 | D91: 方向=接口间业务 | E91: 1、网元正常启动 2、在网元上选取任意三个接口（记为port1，port2，port3）配置二层转发或者路由转发 3、在设备上配置2条共享带宽，两条独占带宽 | F91: 1、配置一条带宽策略P1，入接口为Port1出接口为Port2，匹配任意参数，引用独占通道chl1。配置一条带宽策略P2，入接口为Port2出接口为Port1，匹配任意参数，引用独占通道chl2。 2、配置两条带宽策略P3和P4，入接口为Port1出接口为Port2，匹配任意参数，引用相同的共享通道chl3。配置两条带宽策略P5和P6，入接口为Port2出接口为Port1，匹配任意参数，引用相同的共享通道chl4。 3、在Port3（10GE接口或者多个接口）与Port1与Port2之间发送背景流量，占满Port1和Port2的出口带宽 4、在Port1和Port2之间双向发送匹配P1、P2、P3、P4、P5、P6的流量。流量之和为接口线速，观察流量通过情况。【check1】【check2】【check3】 5、不停止流量，禁用带宽策略，观察流量。【check4】 | G91: 【check1】匹配P1和P2的上下行流量大于等于各自引用通道的保障带宽 【check2】P3和P4的上下行流量之和大于等于chl3的上下行保障带宽 【check3】P5和P6的上下行流量之和大于等于chl4的上下行保障带宽 【check4】所有流量的随机丢弃不再有保障带宽
B92: Qos.cir.share.sole.intf | C92: 验证单臂路由共享通道和独占通道共存时的保障带宽 | D92: 方向=单臂路由 | E92: 1、网元正常启动 2、在网元上选取任意三个接口（记为port1，port2）配置二层转发或者路由转发，其中Port1存在一跳单臂转发的路由 | F92: 1、配置一条带宽策略P1和P2，出入接口为Port1，匹配任意参数，分别引用独占通道chl1和chl2。 2、配置两条带宽策略P3和P4，出入接口为Port1，匹配任意参数，引用相同的共享通道chl3。配置两条带宽策略P5和P6，出入接口为Port1，匹配任意参数，引用相同的共享通道chl4。 3、在Port2与Port1之间发送背景流量，占满Port1的出口带宽 4、在Port1上双向发送匹配P1、P2、P3、P4、P5、P6的流量形成单臂转发。流量之和为接口线速，观察流量通过情况。【check1】【check2】【check3】 5、不停止流量，禁用带宽策略，观察流量。【check4】 | G92: 【check1】匹配P1和P2的上下行流量大于等于各自引用通道的保障带宽 【check2】P3和P4的上下行流量之和大于等于chl3的上下行保障带宽 【check3】P5和P6的上下行流量之和大于等于chl4的上下行保障带宽 【check4】所有流量的随机丢弃不再有保障带宽
A93: 保障带宽定时启停功能测试 | B93: 【设计方法】直接设计法
B94: 步骤1:逻辑用例设计
B95: 逻辑用例编号 | C95: 测试用例描述 | F95: 覆盖的测试数据 | G95: 测试数据选取结果
B96: Qos.cir.timer | C96: 验证带宽策略定时启停带宽保障功能 | F96: 启停=定时 | G96: 启停=定时
B97: 步骤2:物理用例设计
B98: 逻辑用例编号 | C98: 用例标题 | D98: 测试数据 | E98: 预置条件 | F98: 测试步骤 | G98: 预期结果
B99: Qos.cir.timer | C99: 验证带宽策略定时启停带宽保障功能 | D99: 启停=定时 | E99: 1、网元正常启动 | F99: 1、选取任意接口配置带宽策略，匹配时间对象，其他参数任意，并引用共享通道或者独占通道，在通道上配置保障带宽 2、发送背景流量，背景流量占满接口出口带宽 3、在带宽策略引用的两个接口之间双向发送匹配带宽策略的流量。在时间对象生效区间内观察带宽策略和流量。【check1】 4、等待时间对象过期后，观察带宽策略和流量。【check2】 | G99: 【check1】带宽策略为启用，通过的流量大于等于通道的保障带宽 【check2】带宽策略为禁用，匹配的带宽策略的流量与背景流量公平竞争带宽
A100: 保障带宽阈值启停功能测试 | B100: 【设计方法】直接设计法
...

Sheet 带宽限制
A1: 测试点汇总 | B1: 测试点 | C1: 测试设计方法 | D1: 适用场景 | E1: 用例规模（个） | F1: 测试数据
B2: 独占通道最大带宽限制测试 | C2: 等价类划分&数据组合 | E2: 2 | F2: 上行、下行
B3: 共享通道最大带宽限制测试 | C3: 等价类划分&数据组合 | E3: 2 | F3: 上行、下行
B4: 独占和共享通道共存最大带宽限制测试 | C4: 等价类划分&数据组合 | E4: 3 | F4: 上行、下行
B5: 最大带宽限制启停测试 | C5: 直接分析 | E5: 1 | F5: 上行、下行
B6: 接口带宽限制功能 | C6: 直接分析 | E6: 2 | F6: 物理接口,聚合接口
B7: 最大带宽限制阈值启停测试 | C7: 直接分析 | E7: 1 | F7: 上行、下行（在带宽保障中已覆盖）
A8: 独占通道带宽限制测试 | B8: 【设计方法】等价类划分&数据组合
B9: 步骤1:等价类划分
B10: 等价类划分 | C10: 测试数据 | D10: 有效类 | E10: 无效类 | F10: 选取策略 | G10: 选取结果
C11: 方向 | D11: 入接口到出接口 | F11: 选取数据不分类 | G11: 方向=入接口到出接口,出接口到入接口
D12: 出接口到入接口
B13: 步骤2:数据组合
B14: 数据组合 | C14: 测试数据 | D14: 数据取值 | E14: 发生组合的数据 | F14: 约束条件&选取策略 | G14: 组合结果
C15: 所有数据不组合
B16: 步骤2:逻辑用例设计
B17: 逻辑用例编号 | C17: 测试用例描述 | F17: 覆盖的测试数据 | G17: 测试数据选取结果
B18: Qos.pir.sole.forward.intfs | C18: 验证独占通道不同接口间${方向}方向带宽限制功能 | F18: 方向 | G18: 方向=入接口到出接口
B19: Qos.pir.sole.forward.intf | C19: 验证独占通道单臂路由${方向}方向带宽限制功能 | F19: 方向 | G19: 方向=入接口到出接口
B20: Qos.pir.sole.reverse.intfs | C20: 验证独占通道不同接口间${方向}方向带宽限制功能 | F20: 方向 | G20: 方向=出接口到入接口
B21: Qos.pir.sole.reverse.intf | C21: 验证独占通道单臂路由${方向}方向带宽限制功能 | F21: 方向 | G21: 方向=出接口到入接口
B22: 步骤3:物理用例设计
B23: 逻辑用例编号 | C23: 用例标题 | D23: 测试数据 | E23: 预置条件 | F23: 测试步骤 | G23: 预期结果
B24: Qos.pir.sole.forward.intfs | C24: 验证独占通道不同接口间${方向}方向带宽限制功能 | D24: 方向=入接口到出接口 | E24: 1、网元正常启动 2、在网元上选取任意三个接口（记为port1，port2，port3）配置二层转发或者路由转发 | F24: 1、在port1（入）和port2（出）上配置带宽策略，匹配任意参数，引用Qos独占通道最大带宽小于接口带宽 2、从Port1向Port2发送线速带宽的流量，流量正向匹配带宽策略，观察流量通过情况。【check1】 3、不停止流量，禁用带宽策略，观察流量。【check2】 | G24: 【check1】该流通过的流量等于带宽策略引用通道的最大带宽。 【check2】从Port1到Port2的流量不被限制
B25: Qos.pir.sole.forward.intf | C25: 验证独占通道单臂路由${方向}方向带宽限制功能 | D25: 方向=入接口到出接口 | E25: 1、网元正常启动 2、在网元上选取任意三个接口（记为port1，port2）配置二层转发或者路由转发，其中Port1存在一跳单臂转发的路由 | F25: 1、在port1（出入接口均为Port1）上配置带宽策略，匹配任意参数，引用Qos独占通道最大带宽小于接口带宽 2、向Port1发送线速带宽的流量形成单臂转发，流量正向匹配带宽策略，观察流量通过情况。【check1】 3、不停止流量，禁用带宽策略，观察流量。【check2】 | G25: 【check1】该流通过的流量等于带宽策略引用通道的最大带宽。 【check2】Port1上单臂转发的流量不被限制
B26: Qos.pir.sole.reverse.intfs | C26: 验证独占通道不同接口间${方向}方向带宽限制功能 | D26: 方向=出接口到入接口 | E26: 1、网元正常启动 2、在网元上选取任意三个接口（记为port1，port2，port3）配置二层转发或者路由转发 | F26: 1、在port1（入）和port2（出）上配置带宽策略，匹配任意参数，引用Qos独占通道最大带宽小于接口带宽 2、从Port2向Port1发送线速带宽的流量，流量反向匹配带宽策略，观察流量通过情况。（此时无正向会话，必要时可以清除会话）【check2】 3、不停止流量，从Port1向Port2发送正向匹配带宽策略的流量，观察流量。（此时无正向会话，必要时可以清除会话）【check1】 4、不停止流量，禁用带宽策略，观察流量。【check3】 | G26: 【check1】该流通过的流量等于带宽策略引用通道的最大带宽。 【check2】从Port1到Port2的流量不被限制
B27: Qos.pir.sole.reverse.intf | C27: 验证独占通道单臂路由${方向}方向带宽限制功能 | D27: 方向=出接口到入接口 | E27: 1、网元正常启动 2、在网元上选取任意三个接口（记为port1，port2）配置二层转发或者路由转发，其中Port1存在一跳单臂转发的路由 | F27: 1、在port1（出入接口均为Port1）上配置带宽策略，匹配任意参数，引用Qos独占通道最大带宽小于接口带宽 2、向Port1发送线速带宽的流量形成单臂转发，流量反向匹配带宽策略，观察流量通过情况。【check2】 3、不停止流量，在Port1发送正向匹配带宽策略的流量，形成单臂转发。观察流量。【check1】 4、不停止流量，禁用带宽策略，观察流量。【check2】 | G27: 【check1】该流通过的流量等于带宽策略引用通道的最大带宽。 【check2】从Port1到Port2的流量不被限制
A28: IPv4共享通道带宽限制测试 | B28: 【设计方法】等价类划分&数据组合
B29: 步骤1:等价类划分
B30: 等价类划分 | C30: 测试数据 | D30: 有效类 | E30: 无效类 | F30: 选取策略 | G30: 选取结果
C31: 方向 | D31: 入接口到出接口 | F31: 选取数据不分类 | G31: 方向=入接口到出接口,出接口到入接口
D32: 出接口到入接口
B33: 步骤2:数据组合
B34: 数据组合 | C34: 测试数据 | D34: 数据取值 | E34: 发生组合的数据 | F34: 约束条件&选取策略 | G34: 组合结果
C35: 所有数据不组合
B36: 步骤2:逻辑用例设计
B37: 逻辑用例编号 | C37: 测试用例描述 | F37: 覆盖的测试数据 | G37: 测试数据选取结果
B38: Qos.IPv4.pir.share.forward.intfs | C38: 验证IPv4共享通道不同接口间${方向}方向带宽限制功能 | F38: 方向 | G38: 方向=入接口到出接口
B39: Qos.IPv4.pir.share.forward.intf | C39: 验证IPv4共享通道单臂路由${方向}方向带宽限制功能 | F39: 方向 | G39: 方向=入接口到出接口
B40: Qos.IPv4.pir.share.reverse.intfs | C40: 验证IPv4共享通道不同接口间${方向}方向带宽限制功能 | F40: 方向 | G40: 方向=出接口到入接口
B41: Qos.IPv4.pir.share.reverse.intf | C41: 验证IPv4共享通道单臂路由${方向}方向带宽限制功能 | F41: 方向 | G41: 方向=出接口到入接口
B42: Qos.IPv4.pir.share.intfs | C42: 验证IPv4共享通道多接口匹配功能 | F42: 方向 | G42: 方向=出接口到入接口
B43: 步骤3:物理用例设计
B44: 逻辑用例编号 | C44: 用例标题 | D44: 测试数据 | E44: 预置条件 | F44: 测试步骤 | G44: 预期结果
B45: Qos.IPv4.pir.share.forward.intfs | C45: 验证IPv4共享通道不同接口间${方向}方向带宽限制功能 | D45: 方向=入接口到出接口 | E45: 1、网元正常启动 2、在网元上选取任意三个接口（记为port1，port2，port3）配置二层转发或者路由转发 | F45: 1、在port1（入）和port2（出）上配置至少三条带宽策略，匹配任意参数，三条策略都引用同一共享带宽通道，带宽通道的最大带宽小于接口带宽。 2、从Port1向Port2发送至少三条流，流量之和为接口线速，流量正向匹配带宽策略，观察流量通过情况。【check1】 3、不停止流量，禁用带宽策略，观察流量。【check2】 | G45: 【check1】这些流量之和等于带宽策略引用通道的最大带宽。 【check2】从Port1到Port2的流量不被限制
B46: Qos.IPv4.pir.share.forward.intf | C46: 验证IPv4共享通道单臂路由${方向}方向带宽限制功能 | D46: 方向=入接口到出接口 | E46: 1、网元正常启动 2、在网元上选取任意三个接口（记为port1，port2）配置二层转发或者路由转发，其中Port1存在一跳单臂转发的路由 | F46: 1、在port1（出入接口均为Port1）上至少配置3条带宽策略，匹配任意参数，三条策略都引用同一共享带宽通道，带宽通道的最大带宽小于接口带宽。 2、向Port1发送至少三条流量，流量之和为接口线速并形成单臂转发，流量正向匹配带宽策略，观察流量通过情况。【check1】 3、不停止流量，禁用带宽策略，观察流量。【check2】 | G46: 【check1】这些流量之和等于带宽策略引用通道的最大带宽。 【check2】Port1上单臂转发的流量不被限制
B47: Qos.IPv4.pir.share.reverse.intfs | C47: 验证IPv4共享通道不同接口间${方向}方向带宽限制功能 | D47: 方向=出接口到入接口 | E47: 1、网元正常启动 2、在网元上选取任意三个接口（记为port1，port2，port3）配置二层转发或者路由转发 | F47: 1、在port1（入）和port2（出）上配置至少三条带宽策略，匹配任意参数，三条策略都引用同一共享带宽通道，带宽通道的最大带宽小于接口带宽。 2、从Port2向Port1至少发送3条流，流量之和为接口线速，流量反向匹配带宽策略，观察流量通过情况。（此时无正向会话，必要时可以清除会话）【check2】 3、不停止流量，从Port1向Port2发送正向匹配带宽策略的流量，观察流量。（此时无正向会话，必要时可以清除会话）【check1】 4、不停止流量，禁用带宽策略，观察流量。【check3】 | G47: 【check1】该流通过的流量等于带宽策略引用通道的最大带宽。 【check2】从Port1到Port2的流量不被限制
B48: Qos.IPv4.pir.share.reverse.intf | C48: 验证IPv4共享通道单臂路由${方向}方向带宽限制功能 | D48: 方向=出接口到入接口 | E48: 1、网元正常启动 2、在网元上选取任意三个接口（记为port1，port2）配置二层转发或者路由转发，其中Port1存在一跳单臂转发的路由 | F48: 1、在port1（出入接口均为Port1）上至少配置3条带宽策略，匹配任意参数，三条策略都引用同一共享带宽通道，带宽通道的最大带宽小于接口带宽。 2、向Port1发送至少三条流量，流量之和为接口线速并形成单臂转发，流量反向匹配带宽策略，观察流量通过情况。【check2】 3、不停止流量，在Port1发送正向匹配带宽策略的流量，形成单臂转发。观察流量。【check1】 4、不停止流量，禁用带宽策略，观察流量。【check2】 | G48: 【check1】该流通过的流量等于带宽策略引用通道的最大带宽。 【check2】从Port1到Port2的流量不被限制
B49: Qos.IPv4.pir.share.intfs | C49: 验证IPv4共享通道可以匹配多个接口功能 | D49: 匹配=接口 | E49: 1、网元正常启动 2、在网元上选取任意四个接口（记为port1，port2，port3，port4）配置二层转发或者路由转发 | F49: 1、在设备上配置共享通道chl1，并配置通道最大带宽 2、在port1（入）和port2（出）上配置带宽策略P1，匹配任意参数，引用chl1。在port2（入）和port2（出）上配置带宽策略P2，匹配任意参数，引用chl1。在port1（入）和port3（出）上配置带宽策略P3，匹配任意参数，引用chl1。 3、从Port1向Port2之间双向满流量发送匹配P1和P2的流量，Port1和Port3之间双向满流量发送匹配P3的流量，观察流量通过情况。【check1】 4、不停止流量，禁用带宽策略，观察流量。【check2】 | G49: 【check1】所有流量之和等于通道chl1的最大带宽。 【check2】所有流量不被带宽限制
A50: IPv6共享通道带宽限制测试 | B50: 【设计方法】等价类划分&数据组合
B51: 步骤1:等价类划分
B52: 等价类划分 | C52: 测试数据 | D52: 有效类 | E52: 无效类 | F52: 选取策略 | G52: 选取结果
C53: 方向 | D53: 入接口到出接口 | F53: 选取数据不分类 | G53: 方向=入接口到出接口,出接口到入接口
D54: 出接口到入接口
B55: 步骤2:数据组合
B56: 数据组合 | C56: 测试数据 | D56: 数据取值 | E56: 发生组合的数据 | F56: 约束条件&选取策略 | G56: 组合结果
C57: 所有数据不组合
B58: 步骤2:逻辑用例设计
B59: 逻辑用例编号 | C59: 测试用例描述 | F59: 覆盖的测试数据 | G59: 测试数据选取结果
B60: Qos.IPv6.pir.share.forward.intfs | C60: 验证IPv6共享通道不同接口间${方向}方向带宽限制功能 | F60: 方向 | G60: 方向=入接口到出接口
B61: Qos.IPv6.pir.share.forward.intf | C61: 验证IPv6共享通道单臂路由${方向}方向带宽限制功能 | F61: 方向 | G61: 方向=入接口到出接口
B62: Qos.IPv6.pir.share.reverse.intfs | C62: 验证IPv6共享通道不同接口间${方向}方向带宽限制功能 | F62: 方向 | G62: 方向=出接口到入接口
B63: Qos.IPv6.pir.share.reverse.intf | C63: 验证IPv6共享通道单臂路由${方向}方向带宽限制功能 | F63: 方向 | G63: 方向=出接口到入接口
B64: Qos.IPv6.pir.share.intfs | C64: 验证IPv6共享通道多接口匹配功能 | F64: 方向 | G64: 方向=出接口到入接口
B65: 步骤3:物理用例设计
B66: 逻辑用例编号 | C66: 用例标题 | D66: 测试数据 | E66: 预置条件 | F66: 测试步骤 | G66: 预期结果
B67: Qos.IPv6.pir.share.forward.intfs | C67: 验证IPv6共享通道不同接口间${方向}方向带宽限制功能 | D67: 方向=入接口到出接口 | E67: 1、网元正常启动 2、在网元上选取任意三个接口（记为port1，port2，port3）配置二层转发或者路由转发 | F67: 1、在port1（入）和port2（出）上配置至少三条带宽策略，匹配任意参数，三条策略都引用同一共享带宽通道，带宽通道的最大带宽小于接口带宽。 2、从Port1向Port2发送至少三条流，流量之和为接口线速，流量正向匹配带宽策略，观察流量通过情况。【check1】 3、不停止流量，禁用带宽策略，观察流量。【check2】 | G67: 【check1】这些流量之和等于带宽策略引用通道的最大带宽。 【check2】从Port1到Port2的流量不被限制
B68: Qos.IPv6.pir.share.forward.intf | C68: 验证IPv6共享通道单臂路由${方向}方向带宽限制功能 | D68: 方向=入接口到出接口 | E68: 1、网元正常启动 2、在网元上选取任意三个接口（记为port1，port2）配置二层转发或者路由转发，其中Port1存在一跳单臂转发的路由 | F68: 1、在port1（出入接口均为Port1）上至少配置3条带宽策略，匹配任意参数，三条策略都引用同一共享带宽通道，带宽通道的最大带宽小于接口带宽。 2、向Port1发送至少三条流量，流量之和为接口线速并形成单臂转发，流量正向匹配带宽策略，观察流量通过情况。【check1】 3、不停止流量，禁用带宽策略，观察流量。【check2】 | G68: 【check1】这些流量之和等于带宽策略引用通道的最大带宽。 【check2】Port1上单臂转发的流量不被限制
B69: Qos.IPv6.pir.share.reverse.intfs | C69: 验证IPv6共享通道不同接口间${方向}方向带宽限制功能 | D69: 方向=出接口到入接口 | E69: 1、网元正常启动 2、在网元上选取任意三个接口（记为port1，port2，port3）配置二层转发或者路由转发 | F69: 1、在port1（入）和port2（出）上配置至少三条带宽策略，匹配任意参数，三条策略都引用同一共享带宽通道，带宽通道的最大带宽小于接口带宽。 2、从Port2向Port1至少发送3条流，流量之和为接口线速，流量反向匹配带宽策略，观察流量通过情况。（此时无正向会话，必要时可以清除会话）【check2】 3、不停止流量，从Port1向Port2发送正向匹配带宽策略的流量，观察流量。（此时无正向会话，必要时可以清除会话）【check1】 4、不停止流量，禁用带宽策略，观察流量。【check3】 | G69: 【check1】该流通过的流量等于带宽策略引用通道的最大带宽。 【check2】从Port1到Port2的流量不被限制
B70: Qos.IPv6.pir.share.reverse.intf | C70: 验证IPv6共享通道单臂路由${方向}方向带宽限制功能 | D70: 方向=出接口到入接口 | E70: 1、网元正常启动 2、在网元上选取任意三个接口（记为port1，port2）配置二层转发或者路由转发，其中Port1存在一跳单臂转发的路由 | F70: 1、在port1（出入接口均为Port1）上至少配置3条带宽策略，匹配任意参数，三条策略都引用同一共享带宽通道，带宽通道的最大带宽小于接口带宽。 2、向Port1发送至少三条流量，流量之和为接口线速并形成单臂转发，流量反向匹配带宽策略，观察流量通过情况。【check2】 3、不停止流量，在Port1发送正向匹配带宽策略的流量，形成单臂转发。观察流量。【check1】 4、不停止流量，禁用带宽策略，观察流量。【check2】 | G70: 【check1】该流通过的流量等于带宽策略引用通道的最大带宽。 【check2】从Port1到Port2的流量不被限制
B71: Qos.IPv6.pir.share.intfs | C71: 验证IPv6共享通道可以匹配多个接口功能 | D71: 匹配=接口 | E71: 1、网元正常启动 2、在网元上选取任意四个接口（记为port1，port2，port3，port4）配置二层转发或者路由转发 | F71: 1、在设备上配置共享通道chl1，并配置通道最大带宽 2、在port1（入）和port2（出）上配置带宽策略P1，匹配任意参数，引用chl1。在port2（入）和port2（出）上配置带宽策略P2，匹配任意参数，引用chl1。在port1（入）和port3（出）上配置带宽策略P3，匹配任意参数，引用chl1。 3、从Port1向Port2之间双向满流量发送匹配P1和P2的流量，Port1和Port3之间双向满流量发送匹配P3的流量，观察流量通过情况。【check1】 4、不停止流量，禁用带宽策略，观察流量。【check2】 | G71: 【check1】所有流量之和等于通道chl1的最大带宽。 【check2】所有流量不被带宽限制
A72: 独占和共享带宽共存时带宽限制测试 | B72: 【设计方法】等价类划分&数据组合
B73: 步骤1:等价类划分
B74: 等价类划分 | C74: 测试数据 | D74: 有效类 | E74: 无效类 | F74: 选取策略 | G74: 选取结果
C75: 方向 | D75: 入接口到出接口 | F75: 选取数据不分类 | G75: 方向=入接口到出接口,出接口到入接口
D76: 出接口到入接口
B77: 步骤2:数据组合
B78: 数据组合 | C78: 测试数据 | D78: 数据取值 | E78: 发生组合的数据 | F78: 约束条件&选取策略 | G78: 组合结果
C79: 所有数据不组合
B80: 步骤2:逻辑用例设计
B81: 逻辑用例编号 | C81: 测试用例描述 | F81: 覆盖的测试数据 | G81: 测试数据选取结果
B82: Qos.pir.share.sole.intfs | C82: 验证不同接口业务共享通道和独占通道共存时的最大带宽限制 | F82: 方向 | G82: 方向=接口间业务
B83: Qos.pir.share.sole.intf | C83: 验证单臂路由共享通道和独占通道共存时的最大带宽限制 | F83: 方向 | G83: 方向=单臂路由
B84: 步骤3:物理用例设计
B85: 逻辑用例编号 | C85: 用例标题 | D85: 测试数据 | E85: 预置条件 | F85: 测试步骤 | G85: 预期结果
B86: Qos.pir.share.sole.intfs | C86: 验证不同接口业务共享通道和独占通道共存时的最大带宽限制 | D86: 方向=接口间业务 | E86: 1、网元正常启动 2、在网元上选取任意三个接口（记为port1，port2，port3）配置二层转发或者路由转发 3、在设备上配置2条共享带宽，两条独占带宽 | F86: 1、配置一条带宽策略P1，入接口为Port1出接口为Port2，匹配任意参数，引用独占通道chl1。配置一条带宽策略P2，入接口为Port2出接口为Port1，匹配任意参数，引用独占通道chl2。 2、配置两条带宽策略P3和P4，入接口为Port1出接口为Port2，匹配任意参数，引用相同的共享通道chl3。配置两条带宽策略P5和P6，入接口为Port2出接口为Port1，匹配任意参数，引用相同的共享通道chl4。所有通道的最大带宽之和小于接口带宽 3、在Port1和Port2之间双向发送匹配P1、P2、P3、P4、P5、P6的流量。流量之和为接口线速，观察流量通过情况。【check1】【check2】【check3】 4、不停止流量，禁用带宽策略，观察流量。【check4】 | G86: 【check1】匹配P1和P2的上下行流量大于等于各自引用通道的最大带宽 【check2】P3和P4的上下行流量之和大于等于chl3的上下行最大带宽 【check3】P5和P6的上下行流量之和大于等于chl4的上下行最大带宽 【check4】所有流量不再被限制，按照发送的流量通过
B87: Qos.pir.share.sole.intf | C87: 验证单臂路由共享通道和独占通道共存时的最大带宽限制 | D87: 方向=单臂路由 | E87: 1、网元正常启动 2、在网元上选取任意三个接口（记为port1，port2）配置二层转发或者路由转发，其中Port1存在一跳单臂转发的路由 | F87: 1、配置一条带宽策略P1和P2，出入接口为Port1，匹配任意参数，分别引用独占通道chl1和chl2。 2、配置两条带宽策略P3和P4，出入接口为Port1，匹配任意参数，引用相同的共享通道chl3。配置两条带宽策略P5和P6，出入接口为Port1，匹配任意参数，引用相同的共享通道chl4。所有通道的最大带宽之和小于接口带宽 3、在Port1上双向发送匹配P1、P2、P3、P4、P5、P6的流量形成单臂转发。流量之和为接口线速，观察流量通过情况。【check1】【check2】【check3】 4、不停止流量，禁用带宽策略，观察流量。【check4】 | G87: 【check1】匹配P1和P2的上下行流量大于等于各自引用通道的最大带宽 【check2】P3和P4的上下行流量之和大于等于chl3的上下行最大带宽 【check3】P5和P6的上下行流量之和大于等于chl4的上下行最大带宽 【check4】所有流量不再被限制,按照发送的流量通过
A88: 带宽限制定时启停功能测试 | B88: 【设计方法】直接设计法
B89: 步骤1:逻辑用例设计
B90: 逻辑用例编号 | C90: 测试用例描述 | F90: 覆盖的测试数据 | G90: 测试数据选取结果
B91: Qos.pir.timer | C91: 验证带宽策略定时启停带宽限制功能 | F91: 启停=定时 | G91: 启停=定时
B92: 步骤2:物理用例设计
B93: 逻辑用例编号 | C93: 用例标题 | D93: 测试数据 | E93: 预置条件 | F93: 测试步骤 | G93: 预期结果
B94: Qos.pir.timer | C94: 验证带宽策略定时启停带宽限制功能 | D94: 启停=定时 | E94: 1、网元正常启动 | F94: 1、选取任意接口配置带宽策略，匹配时间对象，其他参数任意，并引用共享通道或者独占通道，在通道上配置最大带宽，最大带宽小于接口带宽 2、在带宽策略引用的两个接口之间双向发送匹配带宽策略的流量。在时间对象生效区间内观察带宽策略和流量。【check1】 3、等待时间对象过期后，观察带宽策略和流量。【check2】 | G94: 【check1】带宽策略为启用，通过的流量大于等于通道的最大带宽 【check2】带宽策略为禁用，匹配的带宽策略的流量不受限制
A95: 接口带宽限制功能 | B95: 【设计方法】直接设计法
B96: 步骤1:逻辑用例设计
B97: 逻辑用例编号 | C97: 测试用例描述 | F97: 覆盖的测试数据 | G97: 测试数据选取结果
B98: Qos.pir.intf | C98: 验证${接口类型}的接口带宽限制 | F98: 接口类型 | G98: 接口类型=物理接口,聚合接口
B99: 步骤2:物理用例设计
B100: 逻辑用例编号 | C100: 用例标题 | D100: 测试数据 | E100: 预置条件 | F100: 测试步骤 | G100: 预期结果
...

Sheet 总额限制
A1: 测试点汇总 | B1: 测试点 | C1: 测试设计方法 | D1: 适用场景 | E1: 用例规模（个） | F1: 测试数据
B2: 独占通道总额限制测试 | C2: 等价类划分&数据组合 | E2: 2 | F2: 上行、下行
B3: 共享通道总额限制测试 | C3: 等价类划分&数据组合 | E3: 3 | F3: 上行、下行
B4: 独占和共享通道共存总额制测试 | C4: 等价类划分&数据组合 | E4: 2 | F4: 上行、下行
B5: 总额限制限制阈值启停测试 | C5: 直接分析 | E5: 1 | F5: 上行、下行
B6: 总额限制启停测试 | C6: 直接分析 | E6: 1 | F6: 上行、下行
B7: 总额限制限制数据清除条件测试 | C7: 直接分析 | E7: 4 | F7: 手动启停、定时启停、阈值启停、会话老化和会话清除不清除
B8: 逻辑口与物理口嵌套匹配后的总额限制和总额限制测试 | C8: 直接分析 | E8: 2 | F8: bvi口与bvi的成员口、隧道口与物理口（不支持逻辑口）
A9: 独占通道总额限制测试 | B9: 【设计方法】等价类划分&数据组合
B10: 步骤1:等价类划分
B11: 等价类划分 | C11: 测试数据 | D11: 有效类 | E11: 无效类 | F11: 选取策略 | G11: 选取结果
C12: 方向 | D12: 入接口到出接口 | F12: 选取数据不分类 | G12: 方向=入接口到出接口,出接口到入接口
D13: 出接口到入接口
B14: 步骤2:数据组合
B15: 数据组合 | C15: 测试数据 | D15: 数据取值 | E15: 发生组合的数据 | F15: 约束条件&选取策略 | G15: 组合结果
C16: 所有数据不组合
B17: 步骤2:逻辑用例设计
B18: 逻辑用例编号 | C18: 测试用例描述 | F18: 覆盖的测试数据 | G18: 测试数据选取结果
B19: Qos.total.sole.forward.intfs | C19: 验证独占通道不同接口间${方向}方向总额限制功能 | F19: 方向 | G19: 方向=入接口到出接口
B20: Qos.total.sole.forward.intf | C20: 验证独占通道单臂路由${方向}方向总额限制功能 | F20: 方向 | G20: 方向=入接口到出接口
B21: Qos.total.sole.reverse.intfs | C21: 验证独占通道不同接口间${方向}方向总额限制功能 | F21: 方向 | G21: 方向=出接口到入接口
B22: Qos.total.sole.reverse.intf | C22: 验证独占通道单臂路由${方向}方向总额限制功能 | F22: 方向 | G22: 方向=出接口到入接口
B23: 步骤3:物理用例设计
B24: 逻辑用例编号 | C24: 用例标题 | D24: 测试数据 | E24: 预置条件 | F24: 测试步骤 | G24: 预期结果
B25: Qos.total.sole.forward.intfs | C25: 验证独占通道不同接口间${方向}方向总额限制功能 | D25: 方向=入接口到出接口 | E25: 1、网元正常启动 2、在网元上选取任意三个接口（记为port1，port2，port3）配置二层转发或者路由转发 | F25: 1、在port1（入）和port2（出）上配置带宽策略，匹配任意参数，引用Qos独占通道配置总额限制 2、从Port1向Port2发送线速带宽的流量，流量正向匹配带宽策略，观察流量通过情况。【check1】 3、不停止流量，禁用带宽策略，观察流量。【check2】 | G25: 【check1】该流通过的流量超过总额限制后会被丢弃。通道记录通过的流量与总额相同。 【check2】从Port1到Port2的流量不被限制
B26: Qos.total.sole.forward.intf | C26: 验证独占通道单臂路由${方向}方向总额限制功能 | D26: 方向=入接口到出接口 | E26: 1、网元正常启动 2、在网元上选取任意三个接口（记为port1，port2）配置二层转发或者路由转发，其中Port1存在一跳单臂转发的路由 | F26: 1、在port1（出入接口均为Port1）上配置带宽策略，匹配任意参数，引用Qos独占通道配置总额限制 2、向Port1发送线速带宽的流量形成单臂转发，流量正向匹配带宽策略，观察流量通过情况。【check1】 3、不停止流量，禁用带宽策略，观察流量。【check2】 | G26: 【check1】该流通过的流量超过总额限制后会被丢弃。通道记录通过的流量与总额相同。 【check2】Port1上单臂转发的流量不被限制
B27: Qos.total.sole.reverse.intfs | C27: 验证独占通道不同接口间${方向}方向总额限制功能 | D27: 方向=出接口到入接口 | E27: 1、网元正常启动 2、在网元上选取任意三个接口（记为port1，port2，port3）配置二层转发或者路由转发 | F27: 1、在port1（入）和port2（出）上配置带宽策略，匹配任意参数，引用Qos独占通道配置总额限制 2、从Port2向Port1发送线速带宽的流量，流量反向匹配带宽策略，观察流量通过情况。（此时无正向会话，必要时可以清除会话）【check2】 3、不停止流量，从Port1向Port2发送正向匹配带宽策略的流量，观察流量。（此时无正向会话，必要时可以清除会话）【check1】 4、不停止流量，禁用带宽策略，观察流量。【check3】 | G27: 【check1】该流通过的流量超过总额限制后会被丢弃。通道记录通过的流量与总额相同。 【check2】从Port1到Port2的流量不被限制
B28: Qos.total.sole.reverse.intf | C28: 验证独占通道单臂路由${方向}方向总额限制功能 | D28: 方向=出接口到入接口 | E28: 1、网元正常启动 2、在网元上选取任意三个接口（记为port1，port2）配置二层转发或者路由转发，其中Port1存在一跳单臂转发的路由 | F28: 1、在port1（出入接口均为Port1）上配置带宽策略，匹配任意参数，引用Qos独占通道配置总额限制 2、向Port1发送线速带宽的流量形成单臂转发，流量反向匹配带宽策略，观察流量通过情况。【check2】 3、不停止流量，在Port1发送正向匹配带宽策略的流量，形成单臂转发。观察流量。【check1】 4、不停止流量，禁用带宽策略，观察流量。【check2】 | G28: 【check1】该流通过的流量超过总额限制后会被丢弃。通道记录通过的流量与总额相同。 【check2】从Port1到Port2的流量不被限制
A29: 共享通道总额限制测试 | B29: 【设计方法】等价类划分&数据组合
B30: 步骤1:等价类划分
B31: 等价类划分 | C31: 测试数据 | D31: 有效类 | E31: 无效类 | F31: 选取策略 | G31: 选取结果
C32: 方向 | D32: 入接口到出接口 | F32: 选取数据不分类 | G32: 方向=入接口到出接口,出接口到入接口
D33: 出接口到入接口
B34: 步骤2:数据组合
B35: 数据组合 | C35: 测试数据 | D35: 数据取值 | E35: 发生组合的数据 | F35: 约束条件&选取策略 | G35: 组合结果
C36: 所有数据不组合
B37: 步骤2:逻辑用例设计
B38: 逻辑用例编号 | C38: 测试用例描述 | F38: 覆盖的测试数据 | G38: 测试数据选取结果
B39: Qos.total.share.forward.intfs | C39: 验证共享通道不同接口间${方向}方向总额限制功能 | F39: 方向 | G39: 方向=入接口到出接口
B40: Qos.total.share.forward.intf | C40: 验证共享通道单臂路由${方向}方向总额限制功能 | F40: 方向 | G40: 方向=入接口到出接口
B41: Qos.total.share.reverse.intfs | C41: 验证共享通道不同接口间${方向}方向总额限制功能 | F41: 方向 | G41: 方向=出接口到入接口
B42: Qos.total.share.reverse.intf | C42: 验证共享通道单臂路由${方向}方向总额限制功能 | F42: 方向 | G42: 方向=出接口到入接口
B43: Qos.total.share.intfs | C43: 验证共享通道多接口匹配功能 | F43: 方向 | G43: 方向=出接口到入接口
B44: 步骤3:物理用例设计
B45: 逻辑用例编号 | C45: 用例标题 | D45: 测试数据 | E45: 预置条件 | F45: 测试步骤 | G45: 预期结果
B46: Qos.total.share.forward.intfs | C46: 验证共享通道不同接口间${方向}方向总额限制功能 | D46: 方向=入接口到出接口 | E46: 1、网元正常启动 2、在网元上选取任意三个接口（记为port1，port2，port3）配置二层转发或者路由转发 | F46: 1、在port1（入）和port2（出）上配置至少三条带宽策略，匹配任意参数，三条策略都引用同一共享带宽通道，引用Qos独占通道配置总额限制 2、从Port1向Port2发送至少三条流，流量之和为接口线速，流量正向匹配带宽策略，观察流量通过情况。【check1】 3、不停止流量，禁用带宽策略，观察流量。【check2】 | G46: 【check1】这些流量之和超过通道总额限制后被丢弃。 【check2】从Port1到Port2的流量不被限制
B47: Qos.total.share.forward.intf | C47: 验证共享通道单臂路由${方向}方向总额限制功能 | D47: 方向=入接口到出接口 | E47: 1、网元正常启动 2、在网元上选取任意三个接口（记为port1，port2）配置二层转发或者路由转发，其中Port1存在一跳单臂转发的路由 | F47: 1、在port1（出入接口均为Port1）上至少配置3条带宽策略，匹配任意参数，三条策略都引用同一共享带宽通道，引用Qos独占通道配置总额限制 2、向Port1发送至少三条流量，流量之和为接口线速并形成单臂转发，流量正向匹配带宽策略，观察流量通过情况。【check1】 3、不停止流量，禁用带宽策略，观察流量。【check2】 | G47: 【check1】这些流量之和超过通道总额限制后被丢弃。 【check2】Port1上单臂转发的流量不被限制
B48: Qos.total.share.reverse.intfs | C48: 验证共享通道不同接口间${方向}方向总额限制功能 | D48: 方向=出接口到入接口 | E48: 1、网元正常启动 2、在网元上选取任意三个接口（记为port1，port2，port3）配置二层转发或者路由转发 | F48: 1、在port1（入）和port2（出）上配置至少三条带宽策略，匹配任意参数，三条策略都引用同一共享带宽通道，引用Qos独占通道配置总额限制 2、从Port2向Port1至少发送3条流，流量之和为接口线速，流量反向匹配带宽策略，观察流量通过情况。（此时无正向会话，必要时可以清除会话）【check2】 3、不停止流量，从Port1向Port2发送正向匹配带宽策略的流量，观察流量。（此时无正向会话，必要时可以清除会话）【check1】 4、不停止流量，禁用带宽策略，观察流量。【check3】 | G48: 【check1】该流通过的流量超过总额限制后会被丢弃。 【check2】从Port1到Port2的流量不被限制
B49: Qos.total.share.reverse.intf | C49: 验证共享通道单臂路由${方向}方向总额限制功能 | D49: 方向=出接口到入接口 | E49: 1、网元正常启动 2、在网元上选取任意三个接口（记为port1，port2）配置二层转发或者路由转发，其中Port1存在一跳单臂转发的路由 | F49: 1、在port1（出入接口均为Port1）上至少配置3条带宽策略，匹配任意参数，三条策略都引用同一共享带宽通道，引用Qos独占通道配置总额限制 2、向Port1发送至少三条流量，流量之和为接口线速并形成单臂转发，流量反向匹配带宽策略，观察流量通过情况。【check2】 3、不停止流量，在Port1发送正向匹配带宽策略的流量，形成单臂转发。观察流量。【check1】 4、不停止流量，禁用带宽策略，观察流量。【check2】 | G49: 【check1】该流通过的流量超过总额限制后会被丢弃。 【check2】从Port1到Port2的流量不被限制
B50: Qos.total.share.intfs | C50: 验证共享通道可以匹配多个接口功能 | D50: 匹配=接口 | E50: 1、网元正常启动 2、在网元上选取任意四个接口（记为port1，port2，port3，port4）配置二层转发或者路由转发 | F50: 1、在设备上配置共享通道chl1，并配置通道总额限制 2、在port1（入）和port2（出）上配置带宽策略P1，匹配任意参数，引用chl1。在port2（入）和port2（出）上配置带宽策略P2，匹配任意参数，引用chl1。在port1（入）和port3（出）上配置带宽策略P3，匹配任意参数，引用chl1。 3、从Port1向Port2之间双向满流量发送匹配P1和P2的流量，Port1和Port3之间双向满流量发送匹配P3的流量，观察流量通过情况。【check1】 4、不停止流量，禁用带宽策略，观察流量。【check2】 | G50: 【check1】所有流量之和等于通道chl1的最大带宽。 【check2】所有流量不被总额限制
A51: IPv4独占和共享带宽共存时总额限制测试 | B51: 【设计方法】等价类划分&数据组合
B52: 步骤1:等价类划分
B53: 等价类划分 | C53: 测试数据 | D53: 有效类 | E53: 无效类 | F53: 选取策略 | G53: 选取结果
C54: 方向 | D54: 入接口到出接口 | F54: 选取数据不分类 | G54: 方向=入接口到出接口,出接口到入接口
D55: 出接口到入接口
B56: 步骤2:数据组合
B57: 数据组合 | C57: 测试数据 | D57: 数据取值 | E57: 发生组合的数据 | F57: 约束条件&选取策略 | G57: 组合结果
C58: 所有数据不组合
B59: 步骤2:逻辑用例设计
B60: 逻辑用例编号 | C60: 测试用例描述 | F60: 覆盖的测试数据 | G60: 测试数据选取结果
B61: Qos.IPv4.total.share.sole.intfs | C61: 验证IPv4不同接口业务共享通道和独占通道共存时的最大总额限制 | F61: 方向 | G61: 方向=接口间业务
B62: Qos.IPv4.total.share.sole.intf | C62: 验证IPv4单臂路由共享通道和独占通道共存时的最大总额限制 | F62: 方向 | G62: 方向=单臂路由
B63: 步骤3:物理用例设计
B64: 逻辑用例编号 | C64: 用例标题 | D64: 测试数据 | E64: 预置条件 | F64: 测试步骤 | G64: 预期结果
B65: Qos.IPv4.total.share.sole.intfs | C65: 验证IPv4不同接口业务共享通道和独占通道共存时的最大总额限制 | D65: 方向=接口间业务 | E65: 1、网元正常启动 2、在网元上选取任意三个接口（记为port1，port2，port3）配置二层转发或者路由转发 3、在设备上配置2条共享带宽，两条独占带宽 | F65: 1、配置一条带宽策略P1，入接口为Port1出接口为Port2，匹配任意参数，引用独占通道chl1。配置一条带宽策略P2，入接口为Port2出接口为Port1，匹配任意参数，引用独占通道chl2。通道上配置总额限制 2、配置两条带宽策略P3和P4，入接口为Port1出接口为Port2，匹配任意参数，引用相同的共享通道chl3。配置两条带宽策略P5和P6，入接口为Port2出接口为Port1，匹配任意参数，引用相同的共享通道chl4。通道上配置总额限制 3、在Port1和Port2之间双向发送匹配P1、P2、P3、P4、P5、P6的流量。流量之和为接口线速，观察流量通过情况。【check1】【check2】【check3】 4、不停止流量，禁用带宽策略，观察流量。【check4】 | G65: 【check1】匹配P1的流量超过chl1的总额后被丢弃， 【check2】匹配P2的流量超过chl2的总额后被丢弃， 【check2】P3和P4的上下行流量之超过chl3的总额后被丢弃 【check3】P5和P6的上下行流量之超过chl4的总额后被丢弃 【check4】所有流量不再被限制，按照发送的流量通过
B66: Qos.IPv4.total.share.sole.intf | C66: 验证IPv4单臂路由共享通道和独占通道共存时的最大总额限制 | D66: 方向=单臂路由 | E66: 1、网元正常启动 2、在网元上选取任意三个接口（记为port1，port2）配置二层转发或者路由转发，其中Port1存在一跳单臂转发的路由 | F66: 1、配置一条带宽策略P1和P2，出入接口为Port1，匹配任意参数，分别引用独占通道chl1和chl2。通道上配置总额限制 2、配置两条带宽策略P3和P4，出入接口为Port1，匹配任意参数，引用相同的共享通道chl3。配置两条带宽策略P5和P6，出入接口为Port1，匹配任意参数，引用相同的共享通道chl4。通道上配置总额限制 3、在Port1上双向发送匹配P1、P2、P3、P4、P5、P6的流量形成单臂转发。流量之和为接口线速，观察流量通过情况。【check1】【check2】【check3】 4、不停止流量，禁用带宽策略，观察流量。【check4】 | G66: 【check1】匹配P1的流量超过chl1的总额后被丢弃， 【check2】匹配P2的流量超过chl2的总额后被丢弃， 【check2】P3和P4的上下行流量之超过chl3的总额后被丢弃 【check3】P5和P6的上下行流量之超过chl4的总额后被丢弃 【check4】所有流量不再被限制，按照发送的流量通过
A67: IPv6独占和共享带宽共存时总额限制测试 | B67: 【设计方法】等价类划分&数据组合
B68: 步骤1:等价类划分
B69: 等价类划分 | C69: 测试数据 | D69: 有效类 | E69: 无效类 | F69: 选取策略 | G69: 选取结果
C70: 方向 | D70: 入接口到出接口 | F70: 选取数据不分类 | G70: 方向=入接口到出接口,出接口到入接口
D71: 出接口到入接口
B72: 步骤2:数据组合
B73: 数据组合 | C73: 测试数据 | D73: 数据取值 | E73: 发生组合的数据 | F73: 约束条件&选取策略 | G73: 组合结果
C74: 所有数据不组合
B75: 步骤2:逻辑用例设计
B76: 逻辑用例编号 | C76: 测试用例描述 | F76: 覆盖的测试数据 | G76: 测试数据选取结果
B77: Qos.IPv6.total.share.sole.intfs | C77: 验证IPv6不同接口业务共享通道和独占通道共存时的最大总额限制 | F77: 方向 | G77: 方向=接口间业务
B78: Qos.IPv6.total.share.sole.intf | C78: 验证IPv6单臂路由共享通道和独占通道共存时的最大总额限制 | F78: 方向 | G78: 方向=单臂路由
B79: 步骤3:物理用例设计
B80: 逻辑用例编号 | C80: 用例标题 | D80: 测试数据 | E80: 预置条件 | F80: 测试步骤 | G80: 预期结果
B81: Qos.IPv6.total.share.sole.intfs | C81: 验证IPv6不同接口业务共享通道和独占通道共存时的最大总额限制 | D81: 方向=接口间业务 | E81: 1、网元正常启动 2、在网元上选取任意三个接口（记为port1，port2，port3）配置二层转发或者路由转发 3、在设备上配置2条共享带宽，两条独占带宽 | F81: 1、配置一条带宽策略P1，入接口为Port1出接口为Port2，匹配任意参数，引用独占通道chl1。配置一条带宽策略P2，入接口为Port2出接口为Port1，匹配任意参数，引用独占通道chl2。通道上配置总额限制 2、配置两条带宽策略P3和P4，入接口为Port1出接口为Port2，匹配任意参数，引用相同的共享通道chl3。配置两条带宽策略P5和P6，入接口为Port2出接口为Port1，匹配任意参数，引用相同的共享通道chl4。通道上配置总额限制 3、在Port1和Port2之间双向发送匹配P1、P2、P3、P4、P5、P6的流量。流量之和为接口线速，观察流量通过情况。【check1】【check2】【check3】 4、不停止流量，禁用带宽策略，观察流量。【check4】 | G81: 【check1】匹配P1的流量超过chl1的总额后被丢弃， 【check2】匹配P2的流量超过chl2的总额后被丢弃， 【check2】P3和P4的上下行流量之超过chl3的总额后被丢弃 【check3】P5和P6的上下行流量之超过chl4的总额后被丢弃 【check4】所有流量不再被限制，按照发送的流量通过
B82: Qos.IPv6.total.share.sole.intf | C82: 验证IPv6单臂路由共享通道和独占通道共存时的最大总额限制 | D82: 方向=单臂路由 | E82: 1、网元正常启动 2、在网元上选取任意三个接口（记为port1，port2）配置二层转发或者路由转发，其中Port1存在一跳单臂转发的路由 | F82: 1、配置一条带宽策略P1和P2，出入接口为Port1，匹配任意参数，分别引用独占通道chl1和chl2。通道上配置总额限制 2、配置两条带宽策略P3和P4，出入接口为Port1，匹配任意参数，引用相同的共享通道chl3。配置两条带宽策略P5和P6，出入接口为Port1，匹配任意参数，引用相同的共享通道chl4。通道上配置总额限制 3、在Port1上双向发送匹配P1、P2、P3、P4、P5、P6的流量形成单臂转发。流量之和为接口线速，观察流量通过情况。【check1】【check2】【check3】 4、不停止流量，禁用带宽策略，观察流量。【check4】 | G82: 【check1】匹配P1的流量超过chl1的总额后被丢弃， 【check2】匹配P2的流量超过chl2的总额后被丢弃， 【check2】P3和P4的上下行流量之超过chl3的总额后被丢弃 【check3】P5和P6的上下行流量之超过chl4的总额后被丢弃 【check4】所有流量不再被限制，按照发送的流量通过
A83: 总额限制定时启停功能测试 | B83: 【设计方法】直接设计法
B84: 步骤1:逻辑用例设计
B85: 逻辑用例编号 | C85: 测试用例描述 | F85: 覆盖的测试数据 | G85: 测试数据选取结果
B86: Qos.total.timer | C86: 验证带宽策略定时启停总额限制功能 | F86: 启停=定时 | G86: 启停=定时
B87: 步骤2:物理用例设计
B88: 逻辑用例编号 | C88: 用例标题 | D88: 测试数据 | E88: 预置条件 | F88: 测试步骤 | G88: 预期结果
B89: Qos.total.timer | C89: 验证带宽策略定时启停总额限制功能 | D89: 启停=定时 | E89: 1、网元正常启动 | F89: 1、选取任意接口配置带宽策略，匹配时间对象，其他参数任意，并引用共享通道或者独占通道，在通道上配置总额限制 2、在带宽策略引用的两个接口之间双向发送匹配带宽策略的流量。在时间对象生效区间内观察带宽策略和流量。【check1】 3、等待时间对象过期后，观察带宽策略和流量。【check2】 | G89: 【check1】带宽策略为启用，通过的流量超过总额后被丢弃 【check2】带宽策略为禁用，匹配的带宽策略的流量不受限制
A90: 总额限制阈值启停功能测试 | B90: 【设计方法】直接设计法
B91: 步骤1:逻辑用例设计
B92: 逻辑用例编号 | C92: 测试用例描述 | F92: 覆盖的测试数据 | G92: 测试数据选取结果
B93: Qos.total.timer | C93: 验证带宽策略阈值启停带宽保障功能 | F93: 方向 | G93: 方向=入接口到出接口,出接口到入接口
B94: 步骤2:物理用例设计
B95: 逻辑用例编号 | C95: 用例标题 | D95: 测试数据 | E95: 预置条件 | F95: 测试步骤 | G95: 预期结果
B96: Qos.total.threshold.up | C96: 验证带宽策略${方向}阈值启停带宽保障带宽功能 | D96: 方向=入接口到出接口 | E96: 1、网元正常启动 2、选取任意三个接口port1，port2，port3 | F96: 1、在port1（入）和port2（出）之间配置带宽策略P1，匹配参数任意，并引用独占通道，并配置总额限制。在port1（入）和port2（出）之间配置两条带宽策略P2和P3，匹配参数任意，并引用共享通道，并配置总额限制。配置port2的接口带宽，空闲阈值和繁忙阈值 2、在port1和port2之间发送匹配p1的流量流量和匹配P2和P3的流量，流量之和小于接口带宽的空闲阈值。观察流量。【check1】 3、从port3向port2发送的背景流量，背景流量加业务流量大于接口带宽的空闲阈值小于接口带宽的繁忙阈值。观察流量通过情况【check1】 4、增大背景流量使背景流量加业务流量大于接口带宽的繁忙阈值。观察流量。【check2】 5、减少背景流量使背景流量加业务流量大于接口带宽的空闲阈值且小于繁忙阈值。观察流量。【check4】 6、减少背景流量，使业务流量加背景流量小于接口带宽的空闲阈值，观察流量。【check1】 | G96: 【check1】流量全部通过 【check2】匹配P1的流量通过超过通道的总额限制后被丢弃 【check3】匹配P2和P3的流量之和超过通道的总额限制后被丢弃 【check4】流量被丢弃
B97: Qos.total.threshold.down | C97: 验证带宽策略${方向}阈值启停带宽保障带宽功能 | D97: 方向=出接口到入接口 | E97: 1、网元正常启动 2、选取任意三个接口port1，port2，port3 | F97: 1、在port1（入）和port2（出）之间配置带宽策略P1，匹配参数任意，并引用独占通道，并配置总额限制。在port1（入）和port2（出）之间配置两条带宽策略P2和P3，匹配参数任意，并引用共享通道，并配置总额限制。配置port2的接口带宽，空闲阈值和繁忙阈值 2、在port1和port2之间发送匹配p1的流量流量和匹配P2和P3的流量，流量之和小于接口带宽的空闲阈值。观察流量。【check1】 3、从port3向port1发送的背景流量，背景流量加业务流量大于接口带宽的空闲阈值小于接口带宽的繁忙阈值。观察流量通过情况【check1】 4、增大背景流量使背景流量加业务流量大于接口带宽的繁忙阈值。观察流量。【check2】 5、减少背景流量使背景流量加业务流量大于接口带宽的空闲阈值且小于繁忙阈值。观察流量。【check4】 6、减少背景流量，使业务流量加背景流量小于接口带宽的空闲阈值，观察流量。【check1】 | G97: 【check1】流量全部通过 【check2】匹配P1的流量通过超过通道的总额限制后被丢弃 【check3】匹配P2和P3的流量之和超过通道的总额限制后被丢弃 【check4】流量被丢弃
A98: 总额限制清除测试 | B98: 【设计方法】直接设计法
B99: 步骤1:逻辑用例设计
B100: 逻辑用例编号 | C100: 测试用例描述 | F100: 覆盖的测试数据 | G100: 测试数据选取结果
...

Sheet 连接数量
A1: 测试点汇总 | B1: 测试点 | C1: 测试设计方法 | D1: 适用场景 | E1: 用例规模（个） | F1: 测试数据
B2: 独占通道连接数量限制测试 | C2: 等价类划分&数据组合 | E2: 2 | F2: 上行、下行
B3: 共享通道连接数量限制测试 | C3: 等价类划分&数据组合 | E3: 2 | F3: 上行、下行
B4: 独占和共享通道共存连接数量限制测试 | C4: 等价类划分&数据组合 | E4: 3 | F4: 上行、下行
B5: 连接数量限制阈值启停测试 | C5: 直接分析 | E5: 1 | F5: 上行、下行
B6: 连接数量限制阈值启停测试 | C6: 直接分析 | E6: 1 | F6: 上行、下行
B7: 连接类型限制 | C7: 直接分析 | E7: 2 | F7: 半连接、全连接
B8: 带宽管理混合使用 | C8: 直接分析 | E8: 3 | F8: 连接限制、带宽限制、总额限制
B9: 不同接口模式的连接限制 | C9: 直接分析 | E9: 3 | F9: 交换、路由、接口对、连接数量、新建连接速度
B10: 不同接口类型的连接限制 | C10: 直接分析 | E10: 5 | F10: 物理接口、子接口、bvi接口、聚合口、隧道接口、连接数量、新建连接速度
B11: 连接限制配置顺序测试 | C11: 直接分析 | E11: 2 | F11: 先配qos策略再配接口阈值启停、现配接口阈值启停再配Qos策略
A12: IPv4独占通道连接总数限制测试 | B12: 【设计方法】等价类划分&数据组合
B13: 步骤1:等价类划分
B14: 等价类划分 | C14: 测试数据 | D14: 有效类 | E14: 无效类 | F14: 选取策略 | G14: 选取结果
C15: 方向 | D15: 入接口到出接口 | F15: 选取数据不分类 | G15: 方向=入接口到出接口,出接口到入接口
D16: 出接口到入接口
B17: 步骤2:数据组合
B18: 数据组合 | C18: 测试数据 | D18: 数据取值 | E18: 发生组合的数据 | F18: 约束条件&选取策略 | G18: 组合结果
C19: 所有数据不组合
B20: 步骤2:逻辑用例设计
B21: 逻辑用例编号 | C21: 测试用例描述 | F21: 覆盖的测试数据 | G21: 测试数据选取结果
B22: Qos.IPv4.con.sole.forward.intfs | C22: 验证IPv4独占通道不同接口间${方向}方向连接总数限制功能 | F22: 方向 | G22: 方向=入接口到出接口
B23: Qos.IPv4.con.sole.forward.intf | C23: 验证IPv4独占通道单臂路由${方向}方向连接总数限制功能 | F23: 方向 | G23: 方向=入接口到出接口
B24: Qos.IPv4.con.sole.reverse.intfs | C24: 验证IPv4独占通道不同接口间${方向}方向连接总数限制功能 | F24: 方向 | G24: 方向=出接口到入接口
B25: Qos.IPv4.con.sole.reverse.intf | C25: 验证IPv4独占通道单臂路由${方向}方向连接总数限制功能 | F25: 方向 | G25: 方向=出接口到入接口
B26: 步骤3:物理用例设计
B27: 逻辑用例编号 | C27: 用例标题 | D27: 测试数据 | E27: 预置条件 | F27: 测试步骤 | G27: 预期结果
B28: Qos.IPv4.con.sole.forward.intfs | C28: 验证IPv4独占通道不同接口间${方向}方向连接总数限制功能 | D28: 方向=入接口到出接口 | E28: 1、网元正常启动 2、在网元上选取任意三个接口（记为port1，port2，port3）配置二层转发或者路由转发 | F28: 1、在port1（入）和port2（出）上配置带宽策略，匹配任意参数，引用Qos独占通道配置连接总数限制 2、从Port1向Port2发送线速带宽的流量，流量正向匹配带宽策略，观察流量通过情况。【check1】 3、不停止流量，禁用带宽策略，观察流量。【check2】 | G28: 【check1】该流通过的流量超过连接总数限制后会被丢弃。 【check2】从Port1到Port2的连接总数不被限制
B29: Qos.IPv4.con.sole.forward.intf | C29: 验证IPv4独占通道单臂路由${方向}方向连接总数限制功能 | D29: 方向=入接口到出接口 | E29: 1、网元正常启动 2、在网元上选取任意三个接口（记为port1，port2）配置二层转发或者路由转发，其中Port1存在一跳单臂转发的路由 | F29: 1、在port1（出入接口均为Port1）上配置带宽策略，匹配任意参数，引用Qos独占通道配置连接总数限制 2、向Port1发送线速带宽的流量形成单臂转发，流量正向匹配带宽策略，观察流量通过情况。【check1】 3、不停止流量，禁用带宽策略，观察流量。【check2】 | G29: 【check1】该流通过的流量超过连接总数限制后会被丢弃。 【check2】Port1上单臂转发的连接总数不被限制
B30: Qos.IPv4.con.sole.reverse.intfs | C30: 验证IPv4独占通道不同接口间${方向}方向连接总数限制功能 | D30: 方向=出接口到入接口 | E30: 1、网元正常启动 2、在网元上选取任意三个接口（记为port1，port2，port3）配置二层转发或者路由转发 | F30: 1、在port1（入）和port2（出）上配置带宽策略，匹配任意参数，引用Qos独占通道配置连接总数限制 2、从Port2向Port1发送线速带宽的流量，流量反向匹配带宽策略，观察流量通过情况。（此时无正向会话，必要时可以清除会话）【check2】 3、不停止流量，从Port1向Port2发送正向匹配带宽策略的流量，观察流量。（此时无正向会话，必要时可以清除会话）【check1】 4、不停止流量，禁用带宽策略，观察流量。【check3】 | G30: 【check1】该流通过的流量超过连接总数限制后会被丢弃。 【check2】从Port1到Port2的连接总数不被限制
B31: Qos.IPv4.con.sole.reverse.intf | C31: 验证IPv4独占通道单臂路由${方向}方向连接总数限制功能 | D31: 方向=出接口到入接口 | E31: 1、网元正常启动 2、在网元上选取任意三个接口（记为port1，port2）配置二层转发或者路由转发，其中Port1存在一跳单臂转发的路由 | F31: 1、在port1（出入接口均为Port1）上配置带宽策略，匹配任意参数，引用Qos独占通道配置连接总数限制 2、向Port1发送线速带宽的流量形成单臂转发，流量反向匹配带宽策略，观察流量通过情况。【check2】 3、不停止流量，在Port1发送正向匹配带宽策略的流量，形成单臂转发。观察流量。【check1】 4、不停止流量，禁用带宽策略，观察流量。【check2】 | G31: 【check1】该流通过的流量超过连接总数限制后会被丢弃。 【check2】从Port1到Port2的连接总数不被限制
A32: IPv6独占通道连接总数限制测试 | B32: 【设计方法】等价类划分&数据组合
B33: 步骤1:等价类划分
B34: 等价类划分 | C34: 测试数据 | D34: 有效类 | E34: 无效类 | F34: 选取策略 | G34: 选取结果
C35: 方向 | D35: 入接口到出接口 | F35: 选取数据不分类 | G35: 方向=入接口到出接口,出接口到入接口
D36: 出接口到入接口
B37: 步骤2:数据组合
B38: 数据组合 | C38: 测试数据 | D38: 数据取值 | E38: 发生组合的数据 | F38: 约束条件&选取策略 | G38: 组合结果
C39: 所有数据不组合
B40: 步骤2:逻辑用例设计
B41: 逻辑用例编号 | C41: 测试用例描述 | F41: 覆盖的测试数据 | G41: 测试数据选取结果
B42: Qos.IPv6.con.sole.forward.intfs | C42: 验证IPv6独占通道不同接口间${方向}方向连接总数限制功能 | F42: 方向 | G42: 方向=入接口到出接口
B43: Qos.IPv6.con.sole.forward.intf | C43: 验证IPv6独占通道单臂路由${方向}方向连接总数限制功能 | F43: 方向 | G43: 方向=入接口到出接口
B44: Qos.IPv6.con.sole.reverse.intfs | C44: 验证IPv6独占通道不同接口间${方向}方向连接总数限制功能 | F44: 方向 | G44: 方向=出接口到入接口
B45: Qos.IPv6.con.sole.reverse.intf | C45: 验证IPv6独占通道单臂路由${方向}方向连接总数限制功能 | F45: 方向 | G45: 方向=出接口到入接口
B46: 步骤3:物理用例设计
B47: 逻辑用例编号 | C47: 用例标题 | D47: 测试数据 | E47: 预置条件 | F47: 测试步骤 | G47: 预期结果
B48: Qos.IPv6.con.sole.forward.intfs | C48: 验证IPv6独占通道不同接口间${方向}方向连接总数限制功能 | D48: 方向=入接口到出接口 | E48: 1、网元正常启动 2、在网元上选取任意三个接口（记为port1，port2，port3）配置二层转发或者路由转发 | F48: 1、在port1（入）和port2（出）上配置带宽策略，匹配任意参数，引用Qos独占通道配置连接总数限制 2、从Port1向Port2发送线速带宽的流量，流量正向匹配带宽策略，观察流量通过情况。【check1】 3、不停止流量，禁用带宽策略，观察流量。【check2】 | G48: 【check1】该流通过的流量超过连接总数限制后会被丢弃。 【check2】从Port1到Port2的连接总数不被限制
B49: Qos.IPv6.con.sole.reverse.intfs | C49: 验证IPv6独占通道不同接口间${方向}方向连接总数限制功能 | D49: 方向=出接口到入接口 | E49: 1、网元正常启动 2、在网元上选取任意三个接口（记为port1，port2，port3）配置二层转发或者路由转发 | F49: 1、在port1（入）和port2（出）上配置带宽策略，匹配任意参数，引用Qos独占通道配置连接总数限制 2、从Port2向Port1发送线速带宽的流量，流量反向匹配带宽策略，观察流量通过情况。（此时无正向会话，必要时可以清除会话）【check2】 3、不停止流量，从Port1向Port2发送正向匹配带宽策略的流量，观察流量。（此时无正向会话，必要时可以清除会话）【check1】 4、不停止流量，禁用带宽策略，观察流量。【check3】 | G49: 【check1】该流通过的流量超过连接总数限制后会被丢弃。 【check2】从Port1到Port2的连接总数不被限制
A50: 共享通道连接总数限制测试 | B50: 【设计方法】等价类划分&数据组合
B51: 步骤1:等价类划分
B52: 等价类划分 | C52: 测试数据 | D52: 有效类 | E52: 无效类 | F52: 选取策略 | G52: 选取结果
C53: 方向 | D53: 入接口到出接口 | F53: 选取数据不分类 | G53: 方向=入接口到出接口,出接口到入接口
D54: 出接口到入接口
B55: 步骤2:数据组合
B56: 数据组合 | C56: 测试数据 | D56: 数据取值 | E56: 发生组合的数据 | F56: 约束条件&选取策略 | G56: 组合结果
C57: 所有数据不组合
B58: 步骤2:逻辑用例设计
B59: 逻辑用例编号 | C59: 测试用例描述 | F59: 覆盖的测试数据 | G59: 测试数据选取结果
B60: Qos.con.share.forward.intfs | C60: 验证共享通道不同接口间${方向}方向连接总数限制功能 | F60: 方向 | G60: 方向=入接口到出接口
B61: Qos.con.share.forward.intf | C61: 验证共享通道单臂路由${方向}方向连接总数限制功能 | F61: 方向 | G61: 方向=入接口到出接口
B62: Qos.con.share.reverse.intfs | C62: 验证共享通道不同接口间${方向}方向连接总数限制功能 | F62: 方向 | G62: 方向=出接口到入接口
B63: Qos.con.share.reverse.intf | C63: 验证共享通道单臂路由${方向}方向连接总数限制功能 | F63: 方向 | G63: 方向=出接口到入接口
B64: Qos.con.share.intfs | C64: 验证共享通道多接口匹配功能 | F64: 方向 | G64: 方向=出接口到入接口
B65: 步骤3:物理用例设计
B66: 逻辑用例编号 | C66: 用例标题 | D66: 测试数据 | E66: 预置条件 | F66: 测试步骤 | G66: 预期结果
B67: Qos.con.share.forward.intfs | C67: 验证共享通道不同接口间${方向}方向连接总数限制功能 | D67: 方向=入接口到出接口 | E67: 1、网元正常启动 2、在网元上选取任意三个接口（记为port1，port2，port3）配置二层转发或者路由转发 | F67: 1、在port1（入）和port2（出）上配置至少三条带宽策略，匹配任意参数，三条策略都引用同一共享带宽通道，引用Qos独占通道配置连接总数限制 2、从Port1向Port2发送至少三条流，流量之和为接口线速，流量正向匹配带宽策略，观察流量通过情况。【check1】 3、不停止流量，禁用带宽策略，观察流量。【check2】 | G67: 【check1】这些流量之和超过通道连接总数限制后被丢弃。 【check2】从Port1到Port2的连接总数不被限制
B68: Qos.con.share.forward.intf | C68: 验证共享通道单臂路由${方向}方向连接总数限制功能 | D68: 方向=入接口到出接口 | E68: 1、网元正常启动 2、在网元上选取任意三个接口（记为port1，port2）配置二层转发或者路由转发，其中Port1存在一跳单臂转发的路由 | F68: 1、在port1（出入接口均为Port1）上至少配置3条带宽策略，匹配任意参数，三条策略都引用同一共享带宽通道，引用Qos独占通道配置连接总数限制 2、向Port1发送至少三条流量，流量之和为接口线速并形成单臂转发，流量正向匹配带宽策略，观察流量通过情况。【check1】 3、不停止流量，禁用带宽策略，观察流量。【check2】 | G68: 【check1】这些流量之和超过通道连接总数限制后被丢弃。 【check2】Port1上单臂转发的连接总数不被限制
B69: Qos.con.share.reverse.intfs | C69: 验证共享通道不同接口间${方向}方向连接总数限制功能 | D69: 方向=出接口到入接口 | E69: 1、网元正常启动 2、在网元上选取任意三个接口（记为port1，port2，port3）配置二层转发或者路由转发 | F69: 1、在port1（入）和port2（出）上配置至少三条带宽策略，匹配任意参数，三条策略都引用同一共享带宽通道，引用Qos独占通道配置连接总数限制 2、从Port2向Port1至少发送3条流，流量之和为接口线速，流量反向匹配带宽策略，观察流量通过情况。（此时无正向会话，必要时可以清除会话）【check2】 3、不停止流量，从Port1向Port2发送正向匹配带宽策略的流量，观察流量。（此时无正向会话，必要时可以清除会话）【check1】 4、不停止流量，禁用带宽策略，观察流量。【check3】 | G69: 【check1】该流通过的流量超过连接总数限制后会被丢弃。 【check2】从Port1到Port2的连接总数不被限制
B70: Qos.con.share.reverse.intf | C70: 验证共享通道单臂路由${方向}方向连接总数限制功能 | D70: 方向=出接口到入接口 | E70: 1、网元正常启动 2、在网元上选取任意三个接口（记为port1，port2）配置二层转发或者路由转发，其中Port1存在一跳单臂转发的路由 | F70: 1、在port1（出入接口均为Port1）上至少配置3条带宽策略，匹配任意参数，三条策略都引用同一共享带宽通道，引用Qos独占通道配置连接总数限制 2、向Port1发送至少三条流量，流量之和为接口线速并形成单臂转发，流量反向匹配带宽策略，观察流量通过情况。【check2】 3、不停止流量，在Port1发送正向匹配带宽策略的流量，形成单臂转发。观察流量。【check1】 4、不停止流量，禁用带宽策略，观察流量。【check2】 | G70: 【check1】该流通过的流量超过连接总数限制后会被丢弃。 【check2】从Port1到Port2的连接总数不被限制
B71: Qos.con.share.intfs | C71: 验证共享通道可以匹配多个接口功能 | D71: 匹配=接口 | E71: 1、网元正常启动 2、在网元上选取任意四个接口（记为port1，port2，port3，port4）配置二层转发或者路由转发 | F71: 1、在设备上配置共享通道chl1，并配置通道连接总数限制 2、在port1（入）和port2（出）上配置带宽策略P1，匹配任意参数，引用chl1。在port2（入）和port2（出）上配置带宽策略P2，匹配任意参数，引用chl1。在port1（入）和port3（出）上配置带宽策略P3，匹配任意参数，引用chl1。 3、从Port1向Port2之间双向满流量发送匹配P1和P2的流量，Port1和Port3之间双向满流量发送匹配P3的流量，观察流量通过情况。【check1】 4、不停止流量，禁用带宽策略，观察流量。【check2】 | G71: 【check1】所有流量之和等于通道chl1的最大带宽。 【check2】所有流量不被连接总数限制
A72: 独占和共享带宽共存时连接总数限制测试 | B72: 【设计方法】等价类划分&数据组合
B73: 步骤1:等价类划分
B74: 等价类划分 | C74: 测试数据 | D74: 有效类 | E74: 无效类 | F74: 选取策略 | G74: 选取结果
C75: 方向 | D75: 入接口到出接口 | F75: 选取数据不分类 | G75: 方向=入接口到出接口,出接口到入接口
D76: 出接口到入接口
B77: 步骤2:数据组合
B78: 数据组合 | C78: 测试数据 | D78: 数据取值 | E78: 发生组合的数据 | F78: 约束条件&选取策略 | G78: 组合结果
C79: 所有数据不组合
B80: 步骤2:逻辑用例设计
B81: 逻辑用例编号 | C81: 测试用例描述 | F81: 覆盖的测试数据 | G81: 测试数据选取结果
B82: Qos.con.share.sole.intfs | C82: 验证不同接口业务共享通道和独占通道共存时的最大连接总数限制 | F82: 方向 | G82: 方向=接口间业务
B83: Qos.con.share.sole.intf | C83: 验证单臂路由共享通道和独占通道共存时的最大连接总数限制 | F83: 方向 | G83: 方向=单臂路由
B84: 步骤3:物理用例设计
B85: 逻辑用例编号 | C85: 用例标题 | D85: 测试数据 | E85: 预置条件 | F85: 测试步骤 | G85: 预期结果
B86: Qos.con.share.sole.intfs | C86: 验证不同接口业务共享通道和独占通道共存时的最大连接总数限制 | D86: 方向=接口间业务 | E86: 1、网元正常启动 2、在网元上选取任意三个接口（记为port1，port2，port3）配置二层转发或者路由转发 3、在设备上配置2条共享带宽，两条独占带宽 | F86: 1、配置一条带宽策略P1，入接口为Port1出接口为Port2，匹配任意参数，引用独占通道chl1。配置一条带宽策略P2，入接口为Port2出接口为Port1，匹配任意参数，引用独占通道chl2。通道上配置连接总数限制 2、配置两条带宽策略P3和P4，入接口为Port1出接口为Port2，匹配任意参数，引用相同的共享通道chl3。配置两条带宽策略P5和P6，入接口为Port2出接口为Port1，匹配任意参数，引用相同的共享通道chl4。通道上配置连接总数限制 3、在Port1和Port2之间双向发送匹配P1、P2、P3、P4、P5、P6的流量。流量之和为接口线速，观察流量通过情况。【check1】【check2】【check3】 4、不停止流量，禁用带宽策略，观察流量。【check4】 | G86: 【check1】匹配P1的流量超过chl1的总额后被丢弃， 【check2】匹配P2的流量超过chl2的总额后被丢弃， 【check2】P3和P4的上下行流量之超过chl3的总额后被丢弃 【check3】P5和P6的上下行流量之超过chl4的总额后被丢弃 【check4】所有流量不再被限制，按照发送的流量通过
B87: Qos.con.share.sole.intf | C87: 验证单臂路由共享通道和独占通道共存时的最大连接总数限制 | D87: 方向=单臂路由 | E87: 1、网元正常启动 2、在网元上选取任意三个接口（记为port1，port2）配置二层转发或者路由转发，其中Port1存在一跳单臂转发的路由 | F87: 1、配置一条带宽策略P1和P2，出入接口为Port1，匹配任意参数，分别引用独占通道chl1和chl2。通道上配置连接总数限制 2、配置两条带宽策略P3和P4，出入接口为Port1，匹配任意参数，引用相同的共享通道chl3。配置两条带宽策略P5和P6，出入接口为Port1，匹配任意参数，引用相同的共享通道chl4。通道上配置连接总数限制 3、在Port1上双向发送匹配P1、P2、P3、P4、P5、P6的流量形成单臂转发。流量之和为接口线速，观察流量通过情况。【check1】【check2】【check3】 4、不停止流量，禁用带宽策略，观察流量。【check4】 | G87: 【check1】匹配P1的流量超过chl1的总额后被丢弃， 【check2】匹配P2的流量超过chl2的总额后被丢弃， 【check2】P3和P4的上下行流量之超过chl3的总额后被丢弃 【check3】P5和P6的上下行流量之超过chl4的总额后被丢弃 【check4】所有流量不再被限制，按照发送的流量通过
A88: 连接总数限制定时启停功能测试 | B88: 【设计方法】直接设计法
B89: 步骤1:逻辑用例设计
B90: 逻辑用例编号 | C90: 测试用例描述 | F90: 覆盖的测试数据 | G90: 测试数据选取结果
B91: Qos.con.timer | C91: 验证带宽策略定时启停连接总数限制功能 | F91: 启停=定时 | G91: 启停=定时
B92: 步骤2:物理用例设计
B93: 逻辑用例编号 | C93: 用例标题 | D93: 测试数据 | E93: 预置条件 | F93: 测试步骤 | G93: 预期结果
B94: Qos.con.timer | C94: 验证带宽策略定时启停连接总数限制功能 | D94: 启停=定时 | E94: 1、网元正常启动 | F94: 1、选取任意接口配置带宽策略，匹配时间对象，其他参数任意，并引用共享通道或者独占通道，在通道上配置连接总数限制 2、在带宽策略引用的两个接口之间双向发送匹配带宽策略的流量。在时间对象生效区间内观察带宽策略和流量。【check1】 3、等待时间对象过期后，观察带宽策略和流量。【check2】 | G94: 【check1】带宽策略为启用，通过的流量超过总额后被丢弃 【check2】带宽策略为禁用，匹配的带宽策略的流量不受限制
A95: 连接总数限制阈值启停功能测试 | B95: 【设计方法】直接设计法
B96: 步骤1:逻辑用例设计
B97: 逻辑用例编号 | C97: 测试用例描述 | F97: 覆盖的测试数据 | G97: 测试数据选取结果
B98: Qos.con.timer | C98: 验证带宽策略阈值启停带宽保障功能 | F98: 方向 | G98: 方向=入接口到出接口,出接口到入接口
B99: 步骤2:物理用例设计
B100: 逻辑用例编号 | C100: 用例标题 | D100: 测试数据 | E100: 预置条件 | F100: 测试步骤 | G100: 预期结果
...

Sheet 新建速率
A1: 测试点汇总 | B1: 测试点 | C1: 测试设计方法 | D1: 适用场景 | E1: 用例规模（个） | F1: 测试数据
B2: 独占通道新建连接速度限制测试 | C2: 等价类划分&数据组合 | E2: 2 | F2: 上行、下行
B3: 共享通道新建连接速度限制测试 | C3: 等价类划分&数据组合 | E3: 2 | F3: 上行、下行
B4: 独占和共享通道共存新建连接速度限制测试 | C4: 等价类划分&数据组合 | E4: 2 | F4: 上行、下行
B5: 建连接速度限制阈值启停测试 | C5: 直接分析 | E5: 1 | F5: 上行、下行
B6: 建连接速度限制阈值启停测试 | C6: 直接分析 | E6: 1 | F6: 上行、下行
A7: 独占通道新建连接速率限制测试 | B7: 【设计方法】等价类划分&数据组合
B8: 步骤1:等价类划分
B9: 等价类划分 | C9: 测试数据 | D9: 有效类 | E9: 无效类 | F9: 选取策略 | G9: 选取结果
C10: 方向 | D10: 入接口到出接口 | F10: 选取数据不分类 | G10: 方向=入接口到出接口,出接口到入接口
D11: 出接口到入接口
B12: 步骤2:数据组合
B13: 数据组合 | C13: 测试数据 | D13: 数据取值 | E13: 发生组合的数据 | F13: 约束条件&选取策略 | G13: 组合结果
C14: 所有数据不组合
B15: 步骤2:逻辑用例设计
B16: 逻辑用例编号 | C16: 测试用例描述 | F16: 覆盖的测试数据 | G16: 测试数据选取结果
B17: Qos.con.new.sole.forward.intfs | C17: 验证独占通道不同接口间${方向}方向新建连接速率限制功能 | F17: 方向 | G17: 方向=入接口到出接口
B18: Qos.con.new.sole.forward.intf | C18: 验证独占通道单臂路由${方向}方向新建连接速率限制功能 | F18: 方向 | G18: 方向=入接口到出接口
B19: Qos.con.new.sole.reverse.intfs | C19: 验证独占通道不同接口间${方向}方向新建连接速率限制功能 | F19: 方向 | G19: 方向=出接口到入接口
B20: Qos.con.new.sole.reverse.intf | C20: 验证独占通道单臂路由${方向}方向新建连接速率限制功能 | F20: 方向 | G20: 方向=出接口到入接口
B21: 步骤3:物理用例设计
B22: 逻辑用例编号 | C22: 用例标题 | D22: 测试数据 | E22: 预置条件 | F22: 测试步骤 | G22: 预期结果
B23: Qos.con.new.sole.forward.intfs | C23: 验证独占通道不同接口间${方向}方向新建连接速率限制功能 | D23: 方向=入接口到出接口 | E23: 1、网元正常启动 2、在网元上选取任意三个接口（记为port1，port2，port3）配置二层转发或者路由转发 | F23: 1、在port1（入）和port2（出）上配置带宽策略，匹配任意参数，引用Qos独占通道配置新建连接速率限制 2、从Port1向Port2发送线速带宽的流量，流量正向匹配带宽策略，观察流量通过情况。【check1】 3、不停止流量，禁用带宽策略，观察流量。【check2】 | G23: 【check1】该流通过的流量超过新建连接速率限制后会被丢弃。 【check2】从Port1到Port2的新建连接速率不被限制
B24: Qos.con.new.sole.forward.intf | C24: 验证独占通道单臂路由${方向}方向新建连接速率限制功能 | D24: 方向=入接口到出接口 | E24: 1、网元正常启动 2、在网元上选取任意三个接口（记为port1，port2）配置二层转发或者路由转发，其中Port1存在一跳单臂转发的路由 | F24: 1、在port1（出入接口均为Port1）上配置带宽策略，匹配任意参数，引用Qos独占通道配置新建连接速率限制 2、向Port1发送线速带宽的流量形成单臂转发，流量正向匹配带宽策略，观察流量通过情况。【check1】 3、不停止流量，禁用带宽策略，观察流量。【check2】 | G24: 【check1】该流通过的流量超过新建连接速率限制后会被丢弃。 【check2】Port1上单臂转发的新建连接速率不被限制
B25: Qos.con.new.sole.reverse.intfs | C25: 验证独占通道不同接口间${方向}方向新建连接速率限制功能 | D25: 方向=出接口到入接口 | E25: 1、网元正常启动 2、在网元上选取任意三个接口（记为port1，port2，port3）配置二层转发或者路由转发 | F25: 1、在port1（入）和port2（出）上配置带宽策略，匹配任意参数，引用Qos独占通道配置新建连接速率限制 2、从Port2向Port1发送线速带宽的流量，流量反向匹配带宽策略，观察流量通过情况。（此时无正向会话，必要时可以清除会话）【check2】 3、不停止流量，从Port1向Port2发送正向匹配带宽策略的流量，观察流量。（此时无正向会话，必要时可以清除会话）【check1】 4、不停止流量，禁用带宽策略，观察流量。【check3】 | G25: 【check1】该流通过的流量超过新建连接速率限制后会被丢弃。 【check2】从Port1到Port2的新建连接速率不被限制
B26: Qos.con.new.sole.reverse.intf | C26: 验证独占通道单臂路由${方向}方向新建连接速率限制功能 | D26: 方向=出接口到入接口 | E26: 1、网元正常启动 2、在网元上选取任意三个接口（记为port1，port2）配置二层转发或者路由转发，其中Port1存在一跳单臂转发的路由 | F26: 1、在port1（出入接口均为Port1）上配置带宽策略，匹配任意参数，引用Qos独占通道配置新建连接速率限制 2、向Port1发送线速带宽的流量形成单臂转发，流量反向匹配带宽策略，观察流量通过情况。【check2】 3、不停止流量，在Port1发送正向匹配带宽策略的流量，形成单臂转发。观察流量。【check1】 4、不停止流量，禁用带宽策略，观察流量。【check2】 | G26: 【check1】该流通过的流量超过新建连接速率限制后会被丢弃。 【check2】从Port1到Port2的新建连接速率不被限制
A27: IPv4共享通道新建连接速率限制测试 | B27: 【设计方法】等价类划分&数据组合
B28: 步骤1:等价类划分
B29: 等价类划分 | C29: 测试数据 | D29: 有效类 | E29: 无效类 | F29: 选取策略 | G29: 选取结果
C30: 方向 | D30: 入接口到出接口 | F30: 选取数据不分类 | G30: 方向=入接口到出接口,出接口到入接口
D31: 出接口到入接口
B32: 步骤2:数据组合
B33: 数据组合 | C33: 测试数据 | D33: 数据取值 | E33: 发生组合的数据 | F33: 约束条件&选取策略 | G33: 组合结果
C34: 所有数据不组合
B35: 步骤2:逻辑用例设计
B36: 逻辑用例编号 | C36: 测试用例描述 | F36: 覆盖的测试数据 | G36: 测试数据选取结果
B37: Qos.IPv4.con.new.share.forward.intfs | C37: 验证IPv4共享通道不同接口间${方向}方向新建连接速率限制功能 | F37: 方向 | G37: 方向=入接口到出接口
B38: Qos.IPv4.con.new.share.forward.intf | C38: 验证IPv4共享通道单臂路由${方向}方向新建连接速率限制功能 | F38: 方向 | G38: 方向=入接口到出接口
B39: Qos.IPv4.con.new.share.reverse.intfs | C39: 验证IPv4共享通道不同接口间${方向}方向新建连接速率限制功能 | F39: 方向 | G39: 方向=出接口到入接口
B40: Qos.IPv4.con.new.share.reverse.intf | C40: 验证IPv4共享通道单臂路由${方向}方向新建连接速率限制功能 | F40: 方向 | G40: 方向=出接口到入接口
B41: Qos.IPv4.con.new.share.intfs | C41: 验证IPv4共享通道多接口匹配功能 | F41: 方向 | G41: 方向=出接口到入接口
B42: 步骤3:物理用例设计
B43: 逻辑用例编号 | C43: 用例标题 | D43: 测试数据 | E43: 预置条件 | F43: 测试步骤 | G43: 预期结果
B44: Qos.IPv4.con.new.share.forward.intfs | C44: 验证IPv4共享通道不同接口间${方向}方向新建连接速率限制功能 | D44: 方向=入接口到出接口 | E44: 1、网元正常启动 2、在网元上选取任意三个接口（记为port1，port2，port3）配置二层转发或者路由转发 | F44: 1、在port1（入）和port2（出）上配置至少三条带宽策略，匹配任意参数，三条策略都引用同一共享带宽通道，引用Qos独占通道配置新建连接速率限制 2、从Port1向Port2发送至少三条流，流量之和为接口线速，流量正向匹配带宽策略，观察流量通过情况。【check1】 3、不停止流量，禁用带宽策略，观察流量。【check2】 | G44: 【check1】这些流量之和超过通道新建连接速率限制后被丢弃。 【check2】从Port1到Port2的新建连接速率不被限制
B45: Qos.IPv4.con.new.share.forward.intf | C45: 验证IPv4共享通道单臂路由${方向}方向新建连接速率限制功能 | D45: 方向=入接口到出接口 | E45: 1、网元正常启动 2、在网元上选取任意三个接口（记为port1，port2）配置二层转发或者路由转发，其中Port1存在一跳单臂转发的路由 | F45: 1、在port1（出入接口均为Port1）上至少配置3条带宽策略，匹配任意参数，三条策略都引用同一共享带宽通道，引用Qos独占通道配置新建连接速率限制 2、向Port1发送至少三条流量，流量之和为接口线速并形成单臂转发，流量正向匹配带宽策略，观察流量通过情况。【check1】 3、不停止流量，禁用带宽策略，观察流量。【check2】 | G45: 【check1】这些流量之和超过通道新建连接速率限制后被丢弃。 【check2】Port1上单臂转发的新建连接速率不被限制
B46: Qos.IPv4.con.new.share.reverse.intfs | C46: 验证IPv4共享通道不同接口间${方向}方向新建连接速率限制功能 | D46: 方向=出接口到入接口 | E46: 1、网元正常启动 2、在网元上选取任意三个接口（记为port1，port2，port3）配置二层转发或者路由转发 | F46: 1、在port1（入）和port2（出）上配置至少三条带宽策略，匹配任意参数，三条策略都引用同一共享带宽通道，引用Qos独占通道配置新建连接速率限制 2、从Port2向Port1至少发送3条流，流量之和为接口线速，流量反向匹配带宽策略，观察流量通过情况。（此时无正向会话，必要时可以清除会话）【check2】 3、不停止流量，从Port1向Port2发送正向匹配带宽策略的流量，观察流量。（此时无正向会话，必要时可以清除会话）【check1】 4、不停止流量，禁用带宽策略，观察流量。【check3】 | G46: 【check1】该流通过的流量超过新建连接速率限制后会被丢弃。 【check2】从Port1到Port2的新建连接速率不被限制
B47: Qos.IPv4.con.new.share.reverse.intf | C47: 验证IPv4共享通道单臂路由${方向}方向新建连接速率限制功能 | D47: 方向=出接口到入接口 | E47: 1、网元正常启动 2、在网元上选取任意三个接口（记为port1，port2）配置二层转发或者路由转发，其中Port1存在一跳单臂转发的路由 | F47: 1、在port1（出入接口均为Port1）上至少配置3条带宽策略，匹配任意参数，三条策略都引用同一共享带宽通道，引用Qos独占通道配置新建连接速率限制 2、向Port1发送至少三条流量，流量之和为接口线速并形成单臂转发，流量反向匹配带宽策略，观察流量通过情况。【check2】 3、不停止流量，在Port1发送正向匹配带宽策略的流量，形成单臂转发。观察流量。【check1】 4、不停止流量，禁用带宽策略，观察流量。【check2】 | G47: 【check1】该流通过的流量超过新建连接速率限制后会被丢弃。 【check2】从Port1到Port2的新建连接速率不被限制
B48: Qos.IPv4.con.new.share.intfs | C48: 验证IPv4共享通道可以匹配多个接口功能 | D48: 匹配=接口 | E48: 1、网元正常启动 2、在网元上选取任意四个接口（记为port1，port2，port3，port4）配置二层转发或者路由转发 | F48: 1、在设备上配置共享通道chl1，并配置通道新建连接速率限制 2、在port1（入）和port2（出）上配置带宽策略P1，匹配任意参数，引用chl1。在port2（入）和port2（出）上配置带宽策略P2，匹配任意参数，引用chl1。在port1（入）和port3（出）上配置带宽策略P3，匹配任意参数，引用chl1。 3、从Port1向Port2之间双向满流量发送匹配P1和P2的流量，Port1和Port3之间双向满流量发送匹配P3的流量，观察流量通过情况。【check1】 4、不停止流量，禁用带宽策略，观察流量。【check2】 | G48: 【check1】所有流量之和等于通道chl1的最大带宽。 【check2】所有流量不被新建连接速率限制
A49: IPv6共享通道新建连接速率限制测试 | B49: 【设计方法】等价类划分&数据组合
B50: 步骤1:等价类划分
B51: 等价类划分 | C51: 测试数据 | D51: 有效类 | E51: 无效类 | F51: 选取策略 | G51: 选取结果
C52: 方向 | D52: 入接口到出接口 | F52: 选取数据不分类 | G52: 方向=入接口到出接口,出接口到入接口
D53: 出接口到入接口
B54: 步骤2:数据组合
B55: 数据组合 | C55: 测试数据 | D55: 数据取值 | E55: 发生组合的数据 | F55: 约束条件&选取策略 | G55: 组合结果
C56: 所有数据不组合
B57: 步骤2:逻辑用例设计
B58: 逻辑用例编号 | C58: 测试用例描述 | F58: 覆盖的测试数据 | G58: 测试数据选取结果
B59: Qos.IPv6.con.new.share.forward.intfs | C59: 验证IPv6共享通道不同接口间${方向}方向新建连接速率限制功能 | F59: 方向 | G59: 方向=入接口到出接口
B60: Qos.IPv6.con.new.share.forward.intf | C60: 验证IPv6共享通道单臂路由${方向}方向新建连接速率限制功能 | F60: 方向 | G60: 方向=入接口到出接口
B61: Qos.IPv6.con.new.share.reverse.intfs | C61: 验证IPv6共享通道不同接口间${方向}方向新建连接速率限制功能 | F61: 方向 | G61: 方向=出接口到入接口
B62: Qos.IPv6.con.new.share.reverse.intf | C62: 验证IPv6共享通道单臂路由${方向}方向新建连接速率限制功能 | F62: 方向 | G62: 方向=出接口到入接口
B63: Qos.IPv6.con.new.share.intfs | C63: 验证IPv6共享通道多接口匹配功能 | F63: 方向 | G63: 方向=出接口到入接口
B64: 步骤3:物理用例设计
B65: 逻辑用例编号 | C65: 用例标题 | D65: 测试数据 | E65: 预置条件 | F65: 测试步骤 | G65: 预期结果
B66: Qos.IPv6.con.new.share.forward.intfs | C66: 验证IPv6共享通道不同接口间${方向}方向新建连接速率限制功能 | D66: 方向=入接口到出接口 | E66: 1、网元正常启动 2、在网元上选取任意三个接口（记为port1，port2，port3）配置二层转发或者路由转发 | F66: 1、在port1（入）和port2（出）上配置至少三条带宽策略，匹配任意参数，三条策略都引用同一共享带宽通道，引用Qos独占通道配置新建连接速率限制 2、从Port1向Port2发送至少三条流，流量之和为接口线速，流量正向匹配带宽策略，观察流量通过情况。【check1】 3、不停止流量，禁用带宽策略，观察流量。【check2】 | G66: 【check1】这些流量之和超过通道新建连接速率限制后被丢弃。 【check2】从Port1到Port2的新建连接速率不被限制
B67: Qos.IPv6.con.new.share.reverse.intfs | C67: 验证IPv6共享通道不同接口间${方向}方向新建连接速率限制功能 | D67: 方向=出接口到入接口 | E67: 1、网元正常启动 2、在网元上选取任意三个接口（记为port1，port2，port3）配置二层转发或者路由转发 | F67: 1、在port1（入）和port2（出）上配置至少三条带宽策略，匹配任意参数，三条策略都引用同一共享带宽通道，引用Qos独占通道配置新建连接速率限制 2、从Port2向Port1至少发送3条流，流量之和为接口线速，流量反向匹配带宽策略，观察流量通过情况。（此时无正向会话，必要时可以清除会话）【check2】 3、不停止流量，从Port1向Port2发送正向匹配带宽策略的流量，观察流量。（此时无正向会话，必要时可以清除会话）【check1】 4、不停止流量，禁用带宽策略，观察流量。【check3】 | G67: 【check1】该流通过的流量超过新建连接速率限制后会被丢弃。 【check2】从Port1到Port2的新建连接速率不被限制
B68: Qos.IPv6.con.new.share.intfs | C68: 验证IPv6共享通道可以匹配多个接口功能 | D68: 匹配=接口 | E68: 1、网元正常启动 2、在网元上选取任意四个接口（记为port1，port2，port3，port4）配置二层转发或者路由转发 | F68: 1、在设备上配置共享通道chl1，并配置通道新建连接速率限制 2、在port1（入）和port2（出）上配置带宽策略P1，匹配任意参数，引用chl1。在port2（入）和port2（出）上配置带宽策略P2，匹配任意参数，引用chl1。在port1（入）和port3（出）上配置带宽策略P3，匹配任意参数，引用chl1。 3、从Port1向Port2之间双向满流量发送匹配P1和P2的流量，Port1和Port3之间双向满流量发送匹配P3的流量，观察流量通过情况。【check1】 4、不停止流量，禁用带宽策略，观察流量。【check2】 | G68: 【check1】所有流量之和等于通道chl1的最大带宽。 【check2】所有流量不被新建连接速率限制
A69: 独占和共享带宽共存时新建连接速率限制测试 | B69: 【设计方法】等价类划分&数据组合
B70: 步骤1:等价类划分
B71: 等价类划分 | C71: 测试数据 | D71: 有效类 | E71: 无效类 | F71: 选取策略 | G71: 选取结果
C72: 方向 | D72: 入接口到出接口 | F72: 选取数据不分类 | G72: 方向=入接口到出接口,出接口到入接口
D73: 出接口到入接口
B74: 步骤2:数据组合
B75: 数据组合 | C75: 测试数据 | D75: 数据取值 | E75: 发生组合的数据 | F75: 约束条件&选取策略 | G75: 组合结果
C76: 所有数据不组合
B77: 步骤2:逻辑用例设计
B78: 逻辑用例编号 | C78: 测试用例描述 | F78: 覆盖的测试数据 | G78: 测试数据选取结果
B79: Qos.con.new.share.sole.intfs | C79: 验证不同接口业务共享通道和独占通道共存时的最大新建连接速率限制 | F79: 方向 | G79: 方向=接口间业务
B80: Qos.con.new.share.sole.intf | C80: 验证单臂路由共享通道和独占通道共存时的最大新建连接速率限制 | F80: 方向 | G80: 方向=单臂路由
B81: 步骤3:物理用例设计
B82: 逻辑用例编号 | C82: 用例标题 | D82: 测试数据 | E82: 预置条件 | F82: 测试步骤 | G82: 预期结果
B83: Qos.con.new.share.sole.intfs | C83: 验证不同接口业务共享通道和独占通道共存时的最大新建连接速率限制 | D83: 方向=接口间业务 | E83: 1、网元正常启动 2、在网元上选取任意三个接口（记为port1，port2，port3）配置二层转发或者路由转发 3、在设备上配置2条共享带宽，两条独占带宽 | F83: 1、配置一条带宽策略P1，入接口为Port1出接口为Port2，匹配任意参数，引用独占通道chl1。配置一条带宽策略P2，入接口为Port2出接口为Port1，匹配任意参数，引用独占通道chl2。通道上配置新建连接速率限制 2、配置两条带宽策略P3和P4，入接口为Port1出接口为Port2，匹配任意参数，引用相同的共享通道chl3。配置两条带宽策略P5和P6，入接口为Port2出接口为Port1，匹配任意参数，引用相同的共享通道chl4。通道上配置新建连接速率限制 3、在Port1和Port2之间双向发送匹配P1、P2、P3、P4、P5、P6的流量。流量之和为接口线速，观察流量通过情况。【check1】【check2】【check3】 4、不停止流量，禁用带宽策略，观察流量。【check4】 | G83: 【check1】匹配P1的流量超过chl1的总额后被丢弃， 【check2】匹配P2的流量超过chl2的总额后被丢弃， 【check2】P3和P4的上下行流量之超过chl3的总额后被丢弃 【check3】P5和P6的上下行流量之超过chl4的总额后被丢弃 【check4】所有流量不再被限制，按照发送的流量通过
B84: Qos.con.new.share.sole.intf | C84: 验证单臂路由共享通道和独占通道共存时的最大新建连接速率限制 | D84: 方向=单臂路由 | E84: 1、网元正常启动 2、在网元上选取任意三个接口（记为port1，port2）配置二层转发或者路由转发，其中Port1存在一跳单臂转发的路由 | F84: 1、配置一条带宽策略P1和P2，出入接口为Port1，匹配任意参数，分别引用独占通道chl1和chl2。通道上配置新建连接速率限制 2、配置两条带宽策略P3和P4，出入接口为Port1，匹配任意参数，引用相同的共享通道chl3。配置两条带宽策略P5和P6，出入接口为Port1，匹配任意参数，引用相同的共享通道chl4。通道上配置新建连接速率限制 3、在Port1上双向发送匹配P1、P2、P3、P4、P5、P6的流量形成单臂转发。流量之和为接口线速，观察流量通过情况。【check1】【check2】【check3】 4、不停止流量，禁用带宽策略，观察流量。【check4】 | G84: 【check1】匹配P1的流量超过chl1的总额后被丢弃， 【check2】匹配P2的流量超过chl2的总额后被丢弃， 【check2】P3和P4的上下行流量之超过chl3的总额后被丢弃 【check3】P5和P6的上下行流量之超过chl4的总额后被丢弃 【check4】所有流量不再被限制，按照发送的流量通过
A85: 新建连接速率限制定时启停功能测试 | B85: 【设计方法】直接设计法
B86: 步骤1:逻辑用例设计
B87: 逻辑用例编号 | C87: 测试用例描述 | F87: 覆盖的测试数据 | G87: 测试数据选取结果
B88: Qos.con.new.timer | C88: 验证带宽策略定时启停新建连接速率限制功能 | F88: 启停=定时 | G88: 启停=定时
B89: 步骤2:物理用例设计
B90: 逻辑用例编号 | C90: 用例标题 | D90: 测试数据 | E90: 预置条件 | F90: 测试步骤 | G90: 预期结果
B91: Qos.con.new.timer | C91: 验证带宽策略定时启停新建连接速率限制功能 | D91: 启停=定时 | E91: 1、网元正常启动 | F91: 1、选取任意接口配置带宽策略，匹配时间对象，其他参数任意，并引用共享通道或者独占通道，在通道上配置新建连接速率限制 2、在带宽策略引用的两个接口之间双向发送匹配带宽策略的流量。在时间对象生效区间内观察带宽策略和流量。【check1】 3、等待时间对象过期后，观察带宽策略和流量。【check2】 | G91: 【check1】带宽策略为启用，通过的流量超过总额后被丢弃 【check2】带宽策略为禁用，匹配的带宽策略的流量不受限制
A92: 新建连接速率限制阈值启停功能测试 | B92: 【设计方法】直接设计法
B93: 步骤1:逻辑用例设计
B94: 逻辑用例编号 | C94: 测试用例描述 | F94: 覆盖的测试数据 | G94: 测试数据选取结果
B95: Qos.con.new.timer | C95: 验证带宽策略阈值启停带宽保障功能 | F95: 方向 | G95: 方向=入接口到出接口,出接口到入接口
B96: 步骤2:物理用例设计
B97: 逻辑用例编号 | C97: 用例标题 | D97: 测试数据 | E97: 预置条件 | F97: 测试步骤 | G97: 预期结果
B98: Qos.con.new.threshold.up | C98: 验证带宽策略${方向}阈值启停带宽保障带宽功能 | D98: 方向=入接口到出接口 | E98: 1、网元正常启动 2、选取任意三个接口port1，port2，port3 | F98: 1、在port1（入）和port2（出）之间配置带宽策略P1，匹配参数任意，并引用独占通道，并配置新建连接速率限制。在port1（入）和port2（出）之间配置两条带宽策略P2和P3，匹配参数任意，并引用共享通道，并配置新建连接速率限制。配置port2的接口带宽，空闲阈值和繁忙阈值 2、在port1和port2之间发送匹配p1的流量流量和匹配P2和P3的流量，流量之和小于接口带宽的空闲阈值。观察流量。【check1】 3、从port3向port2发送的背景流量，背景流量加业务流量大于接口带宽的空闲阈值小于接口带宽的繁忙阈值。观察流量通过情况【check1】 4、增大背景流量使背景流量加业务流量大于接口带宽的繁忙阈值。观察流量。【check2】 5、减少背景流量使背景流量加业务流量大于接口带宽的空闲阈值且小于繁忙阈值。观察流量。【check4】 6、减少背景流量，使业务流量加背景流量小于接口带宽的空闲阈值，观察流量。【check1】 | G98: 【check1】流量全部通过 【check2】匹配P1的流量通过超过通道的新建连接速率限制后被丢弃 【check3】匹配P2和P3的流量之和超过通道的新建连接速率限制后被丢弃 【check4】流量被丢弃
B99: Qos.con.new.threshold.down | C99: 验证带宽策略${方向}阈值启停带宽保障带宽功能 | D99: 方向=出接口到入接口 | E99: 1、网元正常启动 2、选取任意三个接口port1，port2，port3 | F99: 1、在port1（入）和port2（出）之间配置带宽策略P1，匹配参数任意，并引用独占通道，并配置新建连接速率限制。在port1（入）和port2（出）之间配置两条带宽策略P2和P3，匹配参数任意，并引用共享通道，并配置新建连接速率限制。配置port2的接口带宽，空闲阈值和繁忙阈值 2、在port1和port2之间发送匹配p1的流量流量和匹配P2和P3的流量，流量之和小于接口带宽的空闲阈值。观察流量。【check1】 3、从port3向port1发送的背景流量，背景流量加业务流量大于接口带宽的空闲阈值小于接口带宽的繁忙阈值。观察流量通过情况【check1】 4、增大背景流量使背景流量加业务流量大于接口带宽的繁忙阈值。观察流量。【check2】 5、减少背景流量使背景流量加业务流量大于接口带宽的空闲阈值且小于繁忙阈值。观察流量。【check4】 6、减少背景流量，使业务流量加背景流量小于接口带宽的空闲阈值，观察流量。【check1】 | G99: 【check1】流量全部通过 【check2】匹配P1的流量通过超过通道的新建连接速率限制后被丢弃 【check3】匹配P2和P3的流量之和超过通道的新建连接速率限制后被丢弃 【check4】流量被丢弃
A100: 不同连接类型新建连接速率限制 | B100: 【设计方法】直接设计法
...

Sheet DFS
A1: 测试点汇总 | B1: 测试点 | C1: 测试设计方法 | D1: 适用场景 | E1: 用例规模（个） | F1: 测试数据
B2: Qos升级测试 | C2: 直接分析 | E2: 3 | F2: Qos匹配、带宽和总额限制、连接限制
A3: 升级测试 | B3: 【设计方法】直接设计法
B4: 步骤1:逻辑用例设计
B5: 逻辑用例编号 | C5: 测试用例描述 | F5: 覆盖的测试数据 | G5: 测试数据选取结果
B6: qos.dfs.update | C6: 验证带宽管理升级测试 | F6: 升级 | G6: 升级
B7: 步骤2:物理用例设计
B8: 逻辑用例编号 | C8: 用例标题 | D8: 测试数据 | E8: 预置条件 | F8: 测试步骤 | G8: 预期结果
B9: qos.dfs.update | C9: 验证带宽管理升级测试 | D9: 升级=配置,业务 | E9: 1、网元正常启动 2、配置默认转发策略为允许 | F9: 1、配置物理接口和聚合口上的接口带宽，配置独占通道和共享通道，配置匹配物理接口和物理接口的带宽策略 2、发送背景流量的同时向设备发送匹配带宽策略的流量，观察报文流量【check1】 2、对设备进行升级。升级后观察配置【check2】 3、发送背景流量，同时向设备发送匹配带宽策略的流量，观察报文流量【check1】 4、发送流量同时，在设备增删和修改带宽策略，通道，接口带宽。【check1】 | G9: 【check1】带宽管理的保障带宽，最大带宽，带宽总额，连接总数和新建连接数量与配置值相同。 【check2】升级前后配置相同，且设备无异常
A10: 带宽通道监控测试 | B10: 【设计方法】直接设计法
B11: 步骤1:逻辑用例设计
B12: 逻辑用例编号 | C12: 测试用例描述 | F12: 覆盖的测试数据 | G12: 测试数据选取结果
B13: qos.dfs.mon | C13: 验证带宽管理升级测试 | F13: 升级 | G13: 升级
B14: 步骤2:物理用例设计
B15: 逻辑用例编号 | C15: 用例标题 | D15: 测试数据 | E15: 预置条件 | F15: 测试步骤 | G15: 预期结果
B16: qos.dfs.share.mon | C16: 验证带宽管理${通道类型}${连接类型}的监控功能 | D16: 监控对象=速率,流量,连接数,连接速率,转发报文数,丢包数量;连接类型=全连接,半连接,全连接和半连接混合;通道类型=共享通道 | E16: 1、网元正常启动 2、配置默认转发策略为允许 | F16: 1、配置物理接口和聚合口上的接口带宽，配置${通道类型}，配置匹配物理接口和物理接口的带宽策略 2、发送${连接类型}的流量，观察$[监控对象]【check1】 | G16: 【check1】监控数据与发送的数据相同
B17: qos.dfs.solo.mon | C17: 验证带宽管理${通道类型}${连接类型}的监控功能 | D17: 监控对象=速率,流量,连接数,连接速率,转发报文数,丢包数量;连接类型=全连接,半连接,全连接和半连接混合;通道类型=独占通道 | E17: 1、网元正常启动 2、配置默认转发策略为允许 | F17: 1、配置物理接口和聚合口上的接口带宽，配置${通道类型}，配置匹配物理接口和物理接口的带宽策略 2、发送${连接类型}的流量，观察$[监控对象]【check1】 | G17: 【check1】监控数据与发送的数据相同

Sheet DFR
A1: 测试点汇总 | B1: 测试点 | C1: 测试设计方法 | D1: 适用场景 | E1: 用例规模（个） | F1: 测试数据
B2: Qos可靠性测试 | C2: 直接分析 | E2: 7 | F2: 策略启停、接口带宽、带宽策略、通道配置增删修改、接口Updown、反复修改阈值、反复调整优先级
B3: Qos配置恢复测试 | C3: 直接分析 | E3: 2 | F3: 配置导入导出、重启复位
B4: Qos主备切换测试 | C4: 直接分析 | E4: 3 | F4: 配置同步、带宽限制主备切换、连接限制主备切换
B5: Qos控制会话测试 | C5: 直接分析 | E5: 4 | F5: qos放行、Qos丢弃、策略启停、自动启停
B6: Qos与Nat耦合 | C6: 直接分析 | E6: 2 | F6: snat,dnat
B7: Qos性能测试 | C7: 直接分析 | E7: 2 | F7: 大流量时的吞吐量、大会话量时的吞吐量
B8: 带宽和连接限制接口操作可靠性 | C8: 直接分析 | E8: 4 | F8: 子接口、bvi口、聚合口、隧道口（不支持）
A9: Qos可靠性测试 | B9: 【设计方法】直接设计法
B10: 步骤1:逻辑用例设计
B11: 逻辑用例编号 | C11: 测试用例描述 | F11: 覆盖的测试数据 | G11: 测试数据选取结果
B12: Qos.dfr.operate | C12: 验证带宽管理功能在${操作}后功能正常 | F12: 操作 | G12: 操作=反复启停带宽策略,反复修改接口带宽和阈值,反复修改和增删带宽策略,反复修改引用、修改和增删带宽通道,反复启用禁用接口,反复拔插接口网线或光纤,反复调整带宽策略优先级,反复命令复位重启,反复掉电重启
B13: 步骤2:物理用例设计
B14: 逻辑用例编号 | C14: 用例标题 | D14: 测试数据 | E14: 预置条件 | F14: 测试步骤 | G14: 预期结果
B15: Qos.dfr.operate | C15: 验证带宽管理功能在${操作}后功能正常 | D15: 操作=反复启停带宽策略,反复修改接口带宽和阈值,反复修改和增删带宽策略,反复修改引用、修改和增删带宽通道,反复启用禁用接口,反复拔插接口网线或光纤,反复调整带宽策略优先级,反复命令复位重启,反复掉电重启 | E15: 1、网元正常启动 | F15: 1、选取任意物理口或者聚合口，配置带宽策略和通道，并配置业务 2、在设备发送背景流量的同时发起大量的连接，观察流量和连接。【check1】 3、不停止流量${操作}，观察流量和连接。【check1】 | G15: 【check1】保障带宽、最大带宽、带宽总额、连接总数、新建连接速度限制正常
A16: Qos配置恢复测试 | B16: 【设计方法】直接设计法
B17: 步骤1:逻辑用例设计
B18: 逻辑用例编号 | C18: 测试用例描述 | F18: 覆盖的测试数据 | G18: 测试数据选取结果
B19: Qos.dfr.recover | C19: 验证带宽管理配置导入导出功能 | F19: 操作 | G19: 操作=配置导入导出
B20: 步骤2:物理用例设计
B21: 逻辑用例编号 | C21: 用例标题 | D21: 测试数据 | E21: 预置条件 | F21: 测试步骤 | G21: 预期结果
B22: Qos.dfr.recover | C22: 验证带宽管理配置导入导出功能 | D22: 操作=配置导入导出 | E22: 1、网元正常启动 | F22: 1、配置物理接口和聚合口上的接口带宽，配置独占通道和共享通道，配置匹配物理接口和物理接口的带宽策略 2、发送背景流量的同时向设备发送匹配带宽策略的流量，观察报文流量【check1】 3、对设备进行配置导出。【check2】 4、在设备修改任意带宽管理配置。 4、将步骤2导出的配置导入设备中【check3】【check1】 5、在设备修改任意带宽管理配置。【check1】 | G22: 【check1】保障带宽、最大带宽、带宽总额、连接总数、新建连接速度限制正常 【check2】配置导出成功，检查配置文件符合规范 【check3】配置导入成功，设备的配置如导入的配置完全相同
A23: Qos主备切换测试 | B23: 【设计方法】直接设计法
B24: 步骤1:逻辑用例设计
B25: 逻辑用例编号 | C25: 测试用例描述 | F25: 覆盖的测试数据 | G25: 测试数据选取结果
B26: Qos.dfr.ha.syn | C26: 带宽管理主备同步测试 | F26: 操作 | G26: 操作=配置同步
B27: Qos.dfr.ha.switch | C27: 带宽管理主备业务切换和回切测试 | F27: 操作 | G27: 操作=切换,回切
B28: 步骤2:物理用例设计
B29: 逻辑用例编号 | C29: 用例标题 | D29: 测试数据 | E29: 预置条件 | F29: 测试步骤 | G29: 预期结果
B30: Qos.dfr.ha.syn | C30: 带宽管理主备同步测试 | D30: 操作=配置同步 | E30: 1、网元正常启动 | F30: 1、选取任意物理口或者聚合口，配置接口带宽，带宽通道（1k+）和带宽策略（1K+），并配置业务 2、配置HA，观察主备配置。【check1】【check3】 3、在主机上增删和修改带宽管理配置，观察主备配置。【check2】【check3】 4、触发主备切换，在备升主的设备上增删和修改带宽管理配置。【check2】【check3】 | G30: 【check1】主备之间配置同步正常进行，主备设备间配置完全一致。 【check2】主备间配置正常同步 【check3】etcd查看Qos配置同步成功./etcdctl get / --keys-only --prefix | grep qos 中qos策略，通道和接口带宽均完成同步
B31: Qos.dfr.ha.switch | C31: 带宽管理主备业务切换和回切测试 | D31: 操作=切换,回切 | E31: 1、网元正常启动 | F31: 1、选取任意物理口或者聚合口，配置接口带宽，带宽通道和带宽策略，并配置业务 2、配置HA 3、在设备发送背景流量的同时发起大量的连接，观察流量和连接。【check1】【check2】 4、触发主备切换， 5、在备升主的设备上修改带宽管理的配置。【check1】【check2】 6、触发主备回切。【check1】 | G31: 【check1】保障带宽、最大带宽、带宽总额、连接总数、新建连接速度限制正常 【check2】主备设备间配置正常同步
A32: Qos配置会话控制 | B32: 【设计方法】直接设计法
B33: 步骤1:逻辑用例设计
B34: 逻辑用例编号 | C34: 测试用例描述 | F34: 覆盖的测试数据 | G34: 测试数据选取结果
B35: Qos.dfr.session | C35: 验证带宽管理${操作}会话信息限制正确 | F35: 操作 | G35: 操作=带宽限制,总额限制,连接限制
B36: 步骤2:物理用例设计
B37: 逻辑用例编号 | C37: 用例标题 | D37: 测试数据 | E37: 预置条件 | F37: 测试步骤 | G37: 预期结果
B38: Qos.dfr.session | C38: 验证带宽管理${操作}会话信息限制正确 | D38: 操作=带宽限制,总额限制,连接限制 | E38: 1、网元正常启动 | F38: 1、配置物理接口和聚合口上的接口带宽，配置独占通道和共享通道，配置匹配物理接口和物理接口的带宽策略 2、发送背景流量的同时向设备发送匹配带宽策略的流量，观察报文流量【check1】 3、发送流量使${操作}导致流量丢弃 | G38: 【check1】带宽管理通过的流量，会话显示正常 【check1】${操作}丢弃的流量，会话显示正常
A39: Qos与Nat耦合 | B39: 【设计方法】直接设计法
B40: 步骤1:逻辑用例设计
B41: 逻辑用例编号 | C41: 测试用例描述 | F41: 覆盖的测试数据 | G41: 测试数据选取结果
B42: Qos.dfr.nat | C42: 验证带宽管理${NAT}耦合功能正常 | F42: 操作 | G42: NAT=SNAT,DNAT
B43: 步骤2:物理用例设计
B44: 逻辑用例编号 | C44: 用例标题 | D44: 测试数据 | E44: 预置条件 | F44: 测试步骤 | G44: 预期结果
B45: Qos.dfr.nat | C45: 验证带宽管理${NAT}耦合功能正常 | D45: NAT=SNAT,DNAT | E45: 1、网元正常启动 | F45: 1、在设备上配置${NAT} 2、配置物理接口或聚合口上的接口带宽，配置独占通道和共享通道，配置匹配物理接口和物理接口的带宽策略。带宽策略引用${NAT}所在的接口 3、发送背景流量的同时向设备发送匹配带宽策略的流量，观察报文流量【check1】 | G45: 【check1】保障带宽、最大带宽、带宽总额、连接总数、新建连接速度限制正常
A46: Qos性能测试 | B46: 【设计方法】直接设计法
B47: 步骤1:逻辑用例设计
B48: 逻辑用例编号 | C48: 测试用例描述 | F48: 覆盖的测试数据 | G48: 测试数据选取结果
B49: Qos.dfr.per | C49: 验证带宽管理在${操作}的性能 | F49: 操作 | G49: 操作=大吞吐量,大会话量
B50: 步骤2:物理用例设计
B51: 逻辑用例编号 | C51: 用例标题 | D51: 测试数据 | E51: 预置条件 | F51: 测试步骤 | G51: 预期结果
B52: Qos.dfr.per | C52: 验证带宽管理在${操作}的性能 | D52: 操作=大吞吐量,大会话量 | E52: 1、网元正常启动 | F52: 1、配置物理接口或聚合口上的接口带宽，配置独占通道和共享通道，配置匹配物理接口和物理接口的带宽策略。 2、在${操作}发送背景流量的同时向设备发送匹配带宽策略的流量，观察报文流量【check1】 | G52: 【check1】保障带宽、最大带宽、带宽总额、连接总数、新建连接速度限制正常 【check2】观察设备的整机吞吐量下降值

Sheet 用例全集
A1: 一级目录 | B1: 二级目录 | C1: 三级目录 | D1: 四级目录 | E1: 五级目录 | F1: 用例名称* | G1: 用例编号 | H1: 用例ID* | I1: 用例级别* | J1: 组网描述* | K1: 组网约束 | L1: 预置条件 | M1: 测试步骤* | N1: 预期结果* | O1: 适用版本* | P1: 设备类型* | Q1: 单板类型 | R1: 关键词 | S1: 测试类型* | T1: 是否自动化* | U1: 需求编号 | V1: 备注 | W1: 是否完成自动化 | AH1: P1 | AI1: P2 | AJ1: P3 | AK1: P4 | AP1: 接口测试 | AQ1: 功能测试 | AR1: 可靠性测试 | AS1: 性能测试 | AT1: 耦合测试 | AU1: 安装部署 | AV1: 配置相关 | AW1: 安全相关
A2: 高可靠性
B3: 服务质量
C4: 带宽管理
D5: 配置管理
E6: 接口配置
F7: 验证添加QOS接口带宽时接口有效值和无效值测试 | G7: Qos.cfg.intf.post.ptc0 | H7: 2210101 | I7: P1 | L7: 网元正常启动 | M7: 1、使用/api/v1/qosintf接口添加接口带宽时，配置接口为任意物理接口，其他参数为任意有效值,查询接口带宽配置【check1】 2、使用/api/v1/qosintf接口添加接口带宽时，配置接口为任意聚合口，其他参数为任意有效值,查询接口带宽配置【check1】 3、添加接口带宽时，配置接口为管理口，其他参数为任意有效值,查询接口带宽配置【check2】 4、添加接口带宽时，配置接口为子接口，其他参数为任意有效值,查询接口带宽配置【check2】 5、添加接口带宽时，配置接口为bvi口，其他参数为任意有效值,查询接口带宽配置【check2】 6、添加接口带宽时，配置接口为隧道口，其他参数为任意有效值,查询接口带宽配置【check2】 7、添加接口带宽时，配置接口为聚合口的成员口，其他参数为任意有效值,查询接口带宽配置【check2】 8、添加接口带宽时，配置接口为任意不存在的接口名称，其他参数为任意有效值,查询接口带宽配置【check2】 9、添加接口带宽时，配置接口为空，其他参数为任意有效值,查询接口带宽配置【check2】 | N7: 【check1】配置成功，使用restful查询接口带宽配置与下发的配置相同。使用etcd查询接口带宽配置，查询的值与配置的值相同 【check2】配置失败，网元无异常。使用etcd查询接口带宽配置与配置前相同 | O7: NGFW_V60R1C00 | P7: J1900,C236,EP | S7: 接口测试 | T7: 是
F8: 验证添加QOS接口带宽时总带宽有效值和无效值测试 | G8: Qos.cfg.intf.post.ptc1 | H8: 2210102 | I8: P1 | L8: 网元正常启动 | M8: 1、使用/api/v1/qosintf接口添加接口带宽时，配置总带宽为10，其他参数为任意有效值,查询接口带宽配置【check1】 2、使用/api/v1/qosintf接口添加接口带宽时，配置总带宽为20000，其他参数为任意有效值,查询接口带宽配置【check1】 3、使用/api/v1/qosintf接口添加接口带宽时，配置总带宽为10-20000间任意10的整数倍，其他参数为任意有效值,查询接口带宽配置【check1】 4、添加接口带宽时，配置总带宽为9，其他参数为任意有效值,查询接口带宽配置【check2】 5、添加接口带宽时，配置总带宽为20001，其他参数为任意有效值,查询接口带宽配置【check2】 6、添加接口带宽时，配置总带宽为空，其他参数为任意有效值,查询接口带宽配置【check2】 7、添加接口带宽时，配置总带宽为超长字符串，其他参数为任意有效值,查询接口带宽配置【check2】 8、添加接口带宽时，配置总带宽为其他任意非法字符串，其他参数为任意有效值,查询接口带宽配置【check2】 9、添加接口带宽时，配置总带宽为非数字，其他参数为任意有效值,查询接口带宽配置【check2】 | N8: 【check1】配置成功，使用restful查询接口带宽配置与下发的配置相同。使用etcd查询接口带宽配置，查询的值与配置的值相同 【check2】配置失败，网元无异常。使用etcd查询接口带宽配置与配置前相同 | O8: NGFW_V60R1C00 | P8: J1900,C236,EP | S8: 接口测试 | T8: 是
F9: 验证添加QOS接口带宽时繁忙阈值有效值和无效值测试 | G9: Qos.cfg.intf.post.ptc2 | H9: 2210103 | I9: P1 | L9: 网元正常启动 | M9: 1、使用/api/v1/qosintf接口添加接口带宽时，配置繁忙阈值为20，其他参数为任意有效值,查询接口带宽配置【check1】 2、使用/api/v1/qosintf接口添加接口带宽时，配置繁忙阈值为90，其他参数为任意有效值,查询接口带宽配置【check1】 3、使用/api/v1/qosintf接口添加接口带宽时，配置繁忙阈值为20-90间任意10的整数倍，其他参数为任意有效值,查询接口带宽配置【check1】 4、添加接口带宽时，配置繁忙阈值为10，其他参数为任意有效值,查询接口带宽配置【check2】 5、添加接口带宽时，配置繁忙阈值为100，其他参数为任意有效值,查询接口带宽配置【check2】 6、添加接口带宽时，配置繁忙阈值为繁忙阈值小于空闲阈值，其他参数为任意有效值,查询接口带宽配置【check2】 7、添加接口带宽时，配置繁忙阈值为繁忙阈值等于空闲阈值，其他参数为任意有效值,查询接口带宽配置【check2】 8、添加接口带宽时，配置繁忙阈值为20-90间任意非10的整数倍，其他参数为任意有效值,查询接口带宽配置【check2】 9、添加接口带宽时，配置繁忙阈值为空，其他参数为任意有效值,查询接口带宽配置【check2】 10、添加接口带宽时，配置繁忙阈值为非数字，其他参数为任意有效值,查询接口带宽配置【check2】 | N9: 【check1】配置成功，使用restful查询接口带宽配置与下发的配置相同。使用etcd查询接口带宽配置，查询的值与配置的值相同 【check2】配置失败，网元无异常。使用etcd查询接口带宽配置与配置前相同 | O9: NGFW_V60R1C00 | P9: J1900,C236,EP | S9: 接口测试 | T9: 是
F10: 验证添加QOS接口带宽时空闲阈值有效值和无效值测试 | G10: Qos.cfg.intf.post.ptc3 | H10: 2210104 | I10: P1 | L10: 网元正常启动 | M10: 1、使用/api/v1/qosintf接口添加接口带宽时，配置空闲阈值为10，其他参数为任意有效值,查询接口带宽配置【check1】 2、使用/api/v1/qosintf接口添加接口带宽时，配置空闲阈值为80，其他参数为任意有效值,查询接口带宽配置【check1】 3、使用/api/v1/qosintf接口添加接口带宽时，配置空闲阈值为10-80间任意10的整数倍，其他参数为任意有效值,查询接口带宽配置【check1】 4、添加接口带宽时，配置空闲阈值为0，其他参数为任意有效值,查询接口带宽配置【check2】 5、添加接口带宽时，配置空闲阈值为90，其他参数为任意有效值,查询接口带宽配置【check2】 6、添加接口带宽时，配置空闲阈值为空闲阈值大于繁忙阈值，其他参数为任意有效值,查询接口带宽配置【check2】 7、添加接口带宽时，配置空闲阈值为空闲阈值等于于繁忙阈值，其他参数为任意有效值,查询接口带宽配置【check2】 8、添加接口带宽时，配置空闲阈值为10-80间任意非10的整数倍，其他参数为任意有效值,查询接口带宽配置【check2】 9、添加接口带宽时，配置空闲阈值为空，其他参数为任意有效值,查询接口带宽配置【check2】 10、添加接口带宽时，配置空闲阈值为非数字，其他参数为任意有效值,查询接口带宽配置【check2】 | N10: 【check1】配置成功，使用restful查询接口带宽配置与下发的配置相同。使用etcd查询接口带宽配置，查询的值与配置的值相同 【check2】配置失败，网元无异常。使用etcd查询接口带宽配置与配置前相同 | O10: NGFW_V60R1C00 | P10: J1900,C236,EP | S10: 接口测试 | T10: 是
F11: 验证修改QOS接口带宽时ID有效值和无效值测试 | G11: Qos.cfg.intf.put.ptc0 | H11: 2210105 | I11: P1 | L11: 网元正常启动 | M11: 1、使用/api/v1/qosintf接口修改接口带宽时，配置ID为1，其他参数为任意有效值,查询接口带宽配置【check1】 2、使用/api/v1/qosintf接口修改接口带宽时，配置ID为存在的任意ID，其他参数为任意有效值,查询接口带宽配置【check2】 3、修改接口带宽时，配置ID为空，其他参数为任意有效值,查询接口带宽配置【check2】 4、修改接口带宽时，配置ID为0，其他参数为任意有效值,查询接口带宽配置【check2】 5、修改接口带宽时，配置ID为不存在的ID，其他参数为任意有效值,查询接口带宽配置【check2】 6、修改接口带宽时，配置ID为其他任意非法字符串，其他参数为任意有效值,查询接口带宽配置【check2】 | N11: 【check1】配置成功，使用restful查询接口带宽配置与下发的配置相同。使用etcd查询接口带宽配置，查询的值与配置的值相同 【check2】配置失败，网元无异常。使用rest接口和etcd查询接口带宽配置与配置前相同 | O11: NGFW_V60R1C00 | P11: J1900,C236,EP | S11: 接口测试 | T11: 是
F12: 验证修改QOS接口带宽时接口有效值和无效值测试 | G12: Qos.cfg.intf.put.ptc1 | H12: 2210106 | I12: P1 | L12: 网元正常启动 | M12: 1、使用/api/v1/qosintf接口修改接口带宽时，配置接口为任意物理接口，其他参数为任意有效值,查询接口带宽配置【check1】 2、使用/api/v1/qosintf接口修改接口带宽时，配置接口为任意聚合口，其他参数为任意有效值,查询接口带宽配置【check1】 3、修改接口带宽时，配置接口为管理口，其他参数为任意有效值,查询接口带宽配置【check2】 4、修改接口带宽时，配置接口为子接口，其他参数为任意有效值,查询接口带宽配置【check2】 5、修改接口带宽时，配置接口为bvi口，其他参数为任意有效值,查询接口带宽配置【check2】 6、修改接口带宽时，配置接口为隧道口，其他参数为任意有效值,查询接口带宽配置【check2】 7、修改接口带宽时，配置接口为聚合口的成员口，其他参数为任意有效值,查询接口带宽配置【check2】 8、修改接口带宽时，配置接口为任意不存在的接口名称，其他参数为任意有效值,查询接口带宽配置【check2】 9、修改接口带宽时，配置接口为空，其他参数为任意有效值,查询接口带宽配置【check2】 | N12: 【check1】配置成功，使用restful查询接口带宽配置与下发的配置相同。使用etcd查询接口带宽配置，查询的值与配置的值相同 【check2】配置失败，网元无异常。使用rest接口和etcd查询接口带宽配置与配置前相同 | O12: NGFW_V60R1C00 | P12: J1900,C236,EP | S12: 接口测试 | T12: 是
F13: 验证修改QOS接口带宽时总带宽有效值和无效值测试 | G13: Qos.cfg.intf.put.ptc2 | H13: 2210107 | I13: P1 | L13: 网元正常启动 | M13: 1、使用/api/v1/qosintf接口修改接口带宽时，配置总带宽为10，其他参数为任意有效值,查询接口带宽配置【check1】 2、使用/api/v1/qosintf接口修改接口带宽时，配置总带宽为20000，其他参数为任意有效值,查询接口带宽配置【check1】 3、使用/api/v1/qosintf接口修改接口带宽时，配置总带宽为10-20000间任意10的整数倍，其他参数为任意有效值,查询接口带宽配置【check1】 4、修改接口带宽时，配置总带宽为9，其他参数为任意有效值,查询接口带宽配置【check2】 5、修改接口带宽时，配置总带宽为20001，其他参数为任意有效值,查询接口带宽配置【check2】 6、修改接口带宽时，配置总带宽为空，其他参数为任意有效值,查询接口带宽配置【check2】 7、修改接口带宽时，配置总带宽为超长字符串，其他参数为任意有效值,查询接口带宽配置【check2】 8、修改接口带宽时，配置总带宽为其他任意非法字符串，其他参数为任意有效值,查询接口带宽配置【check2】 9、修改接口带宽时，配置总带宽为非数字，其他参数为任意有效值,查询接口带宽配置【check2】 | N13: 【check1】配置成功，使用restful查询接口带宽配置与下发的配置相同。使用etcd查询接口带宽配置，查询的值与配置的值相同 【check2】配置失败，网元无异常。使用rest接口和etcd查询接口带宽配置与配置前相同 | O13: NGFW_V60R1C00 | P13: J1900,C236,EP | S13: 接口测试 | T13: 是
F14: 验证修改QOS接口带宽时繁忙阈值有效值和无效值测试 | G14: Qos.cfg.intf.put.ptc3 | H14: 2210108 | I14: P1 | L14: 网元正常启动 | M14: 1、使用/api/v1/qosintf接口修改接口带宽时，配置繁忙阈值为20，其他参数为任意有效值,查询接口带宽配置【check1】 2、使用/api/v1/qosintf接口修改接口带宽时，配置繁忙阈值为90，其他参数为任意有效值,查询接口带宽配置【check1】 3、使用/api/v1/qosintf接口修改接口带宽时，配置繁忙阈值为20-90间任意10的整数倍，其他参数为任意有效值,查询接口带宽配置【check1】 4、修改接口带宽时，配置繁忙阈值为10，其他参数为任意有效值,查询接口带宽配置【check2】 5、修改接口带宽时，配置繁忙阈值为100，其他参数为任意有效值,查询接口带宽配置【check2】 6、修改接口带宽时，配置繁忙阈值为繁忙阈值小于空闲阈值，其他参数为任意有效值,查询接口带宽配置【check2】 7、修改接口带宽时，配置繁忙阈值为繁忙阈值等于空闲阈值，其他参数为任意有效值,查询接口带宽配置【check2】 8、修改接口带宽时，配置繁忙阈值为20-90间任意非10的整数倍，其他参数为任意有效值,查询接口带宽配置【check2】 9、修改接口带宽时，配置繁忙阈值为空，其他参数为任意有效值,查询接口带宽配置【check2】 10、修改接口带宽时，配置繁忙阈值为非数字，其他参数为任意有效值,查询接口带宽配置【check2】 | N14: 【check1】配置成功，使用restful查询接口带宽配置与下发的配置相同。使用etcd查询接口带宽配置，查询的值与配置的值相同 【check2】配置失败，网元无异常。使用rest接口和etcd查询接口带宽配置与配置前相同 | O14: NGFW_V60R1C00 | P14: J1900,C236,EP | S14: 接口测试 | T14: 是
F15: 验证修改QOS接口带宽时空闲阈值有效值和无效值测试 | G15: Qos.cfg.intf.put.ptc4 | H15: 2210109 | I15: P1 | L15: 网元正常启动 | M15: 1、使用/api/v1/qosintf接口修改接口带宽时，配置空闲阈值为10，其他参数为任意有效值,查询接口带宽配置【check1】 2、使用/api/v1/qosintf接口修改接口带宽时，配置空闲阈值为80，其他参数为任意有效值,查询接口带宽配置【check1】 3、使用/api/v1/qosintf接口修改接口带宽时，配置空闲阈值为10-80间任意10的整数倍，其他参数为任意有效值,查询接口带宽配置【check1】 4、修改接口带宽时，配置空闲阈值为0，其他参数为任意有效值,查询接口带宽配置【check2】 5、修改接口带宽时，配置空闲阈值为90，其他参数为任意有效值,查询接口带宽配置【check2】 6、修改接口带宽时，配置空闲阈值为空闲阈值大于繁忙阈值，其他参数为任意有效值,查询接口带宽配置【check2】 7、修改接口带宽时，配置空闲阈值为空闲阈值等于于繁忙阈值，其他参数为任意有效值,查询接口带宽配置【check2】 8、修改接口带宽时，配置空闲阈值为10-80间任意非10的整数倍，其他参数为任意有效值,查询接口带宽配置【check2】 9、修改接口带宽时，配置空闲阈值为空，其他参数为任意有效值,查询接口带宽配置【check2】 10、修改接口带宽时，配置空闲阈值为非数字，其他参数为任意有效值,查询接口带宽配置【check2】 | N15: 【check1】配置成功，使用restful查询接口带宽配置与下发的配置相同。使用etcd查询接口带宽配置，查询的值与配置的值相同 【check2】配置失败，网元无异常。使用rest接口和etcd查询接口带宽配置与配置前相同 | O15: NGFW_V60R1C00 | P15: J1900,C236,EP | S15: 接口测试 | T15: 是
F16: 验证Qos接口带宽删除和批量删除 | G16: Qos.cfg.intf.delete.ptc0 | H16: 2210110 | I16: P1 | L16: 1、网元正常启动 | M16: 1、配置大于3条Qos接口带宽。 2、使用/api/v1/qosintf?id=<id>删除接口带宽。【check1】【check2】【check3】 3、使用/api/v1/qosintf?id=<id>删除不存在的接口带宽id。【check4】 4、使用/api/v1/batch接口删除不存在的Qos接口带宽id。【check5】 5、使用/api/v1/batch接口删除部分存在部分不存在的QOS接口带宽【check5】 6、使用/api/v1/batch接口删除大于两条存在QoS接口带宽。【check1】【check2】【check3】 | N16: 【check1】删除成功，Qos接口带宽配置表中配置被删除。 【check2】使用restful查询Qos接口带宽，对应的接口带宽不存在 【check3】使用etcd查询Qos接口带宽，接口带宽被删除 【check4】删除失败，提示信息正确。查询Qos接口带宽表与删除前完全一致（无误删）。 【check5】返回删除失败，其中有效的ID被删除。查看Qos接口带宽配置中不包含在有效ID中的接口带宽不会被删除 | O16: NGFW_V60R1C00 | P16: J1900,C236,EP | S16: 接口测试 | T16: 是
F17: 验证Qos多接口配置功能 | G17: Qos.cfg.intfs.ptc0 | H17: 2210111 | I17: P1 | L17: 1、网元正常启动 | M17: 1、配置大于3条Qos接口带宽。【check1】 2、删除其中一条Qos接口带宽，观察qos配置。【check2】 3、再次增删其他接口，观察Qos配置。【check1】 | N17: 【check1】配置成功，show interface GE2 features查看接口的qos节点正常 【check2】删除的接口QOS节点被删除 | O17: NGFW_V60R1C00 | P17: J1900,C236,EP | S17: 接口测试 | T17: 是
F18: 验证配置Qos接口带宽查询有效值和无效值 | G18: Qos.cfg.intf.get.ptc0 | H18: 2210112 | I18: P1 | L18: 1、网元正常启动 | M18: 1、使用/api/v1/qosintf接口查询Qos接口带宽，不传入page和size参数【check1】 2、使用/api/v1/qosintf接口查询Qos接口带宽，传入page和size为0【check1】 3、使用/api/v1/qosintf接口查询Qos接口带宽，传入page和size为任意非0值【check1】 4、使用/api/v1/qosintf接口查询Qos接口带宽，传入page和size为最大值【check1】 5、使用/api/v1/qosintf接口查询Qos接口带宽，传入page和size为任意非数字【check1】 | N18: 【check1】查询成功 | O18: NGFW_V60R1C00 | P18: J1900,C236,EP | S18: 接口测试 | T18: 是
... F21: 验证Qos接口带宽与bvi接口的配置限制功能 | G21: Qos.cfg.intf.limit.ptc1 | H21: 2210116 | I21: P1 | L21: 网元正常启动 | M21: 1、在设备上配置bvi接口 2、在bvi成员上配置接口带宽【check1】 3、删除bvi接口【check1】 4、增删成员接口【check1】 5、在Bvi口上配置接口带宽【check2】 | N21: 【check1】配置成功，查询qos接口带宽与配置值相同 【check2】配置失败，查询配置不变化 | O21: NGFW_V60R1C00 | P21: J1900,C236,EP | S21: 接口测试 | T21: 是
E22: 通道配置
F23: 验证添加QOS通道时名称有效值和无效值测试 | G23: Qos.cfg.chl.post.ptc0 | H23: 2210201 | I23: P1 | L23: 网元正常启动 | M23: 1、使用/api/v1/qoschannel接口添加Qos通道时，配置名称为1个字符，其他参数为任意有效值,查询通道配置【check1】 2、使用/api/v1/qoschannel接口添加Qos通道时，配置名称为31个字符，其他参数为任意有效值,查询通道配置【check1】 3、使用/api/v1/qoschannel接口添加Qos通道时，配置名称为1-31任意个字符，其他参数为任意有效值,查询通道配置【check1】 4、添加Qos通道时，配置名称为0个字符，其他参数为任意有效值,查询通道配置【check2】 5、添加Qos通道时，配置名称为32个字符，其他参数为任意有效值,查询通道配置【check2】 6、添加Qos通道时，配置名称为空，其他参数为任意有效值,查询通道配置【check2】 6、添加Qos通道时，配置名称为已存在的名称，其他参数为任意有效值,查询通道配置【check2】 | N23: 【check1】配置成功，使用restful查询通道配置与下发的配置相同。使用etcd查询通道配置，查询的值与配置的值相同 【check2】配置失败，网元无异常。使用rest接口和etcd查询通道配置与配置前相同 | O23: NGFW_V60R1C00 | P23: J1900,C236,EP | S23: 接口测试 | T23: 是
F24: 验证添加QOS通道时通道模式有效值和无效值测试 | G24: Qos.cfg.chl.post.ptc1 | H24: 2210202 | I24: P1 | L24: 网元正常启动 | M24: 1、使用/api/v1/qoschannel接口添加Qos通道时，配置通道模式为独享，其他参数为任意有效值,查询通道配置【check1】 2、使用/api/v1/qoschannel接口添加Qos通道时，配置通道模式为共享，其他参数为任意有效值,查询通道配置【check1】 3、添加Qos通道时，配置通道模式为其他任意非法字符串，其他参数为任意有效值,查询通道配置【check2】 4、添加Qos通道时，配置通道模式为空，其他参数为任意有效值,查询通道配置【check2】 5、添加Qos通道时，配置通道模式为超长字符串，其他参数为任意有效值,查询通道配置【check2】 | N24: 【check1】配置成功，使用restful查询通道配置与下发的配置相同。使用etcd查询通道配置，查询的值与配置的值相同 【check2】配置失败，网元无异常。使用rest接口和etcd查询通道配置与配置前相同 | O24: NGFW_V60R1C00 | P24: J1900,C236,EP | S24: 接口测试 | T24: 是
F25: 验证添加QOS通道时上行最大带宽有效值和无效值测试 | G25: Qos.cfg.chl.post.ptc2 | H25: 2210203 | I25: P1 | L25: 网元正常启动 | M25: 1、使用/api/v1/qoschannel接口添加Qos通道时，配置上行最大带宽为0，其他参数为任意有效值,查询通道配置【check1】 2、使用/api/v1/qoschannel接口添加Qos通道时，配置上行最大带宽为60，其他参数为任意有效值,查询通道配置【check1】 3、使用/api/v1/qoschannel接口添加Qos通道时，配置上行最大带宽为200000000，其他参数为任意有效值,查询通道配置【check1】 4、使用/api/v1/qoschannel接口添加Qos通道时，配置上行最大带宽为60-200000000间任意值，其他参数为任意有效值,查询通道配置【check1】 5、使用/api/v1/qoschannel接口添加Qos通道时，配置上行最大带宽为最大带宽等于保障带宽，其他参数为任意有效值,查询通道配置【check1】 6、添加Qos通道时，配置上行最大带宽为1，其他参数为任意有效值,查询通道配置【check2】 7、添加Qos通道时，配置上行最大带宽为-1，其他参数为任意有效值,查询通道配置【check2】 8、添加Qos通道时，配置上行最大带宽为59，其他参数为任意有效值,查询通道配置【check2】 9、添加Qos通道时，配置上行最大带宽为200000001，其他参数为任意有效值,查询通道配置【check2】 10、添加Qos通道时，配置上行最大带宽为上行最大带宽小于上行保障带宽，其他参数为任意有效值,查询通道配置【check2】 11、添加Qos通道时，配置上行最大带宽为非数字，其他参数为任意有效值,查询通道配置【check2】 12、添加Qos通道时，配置上行最大带宽为空，其他参数为任意有效值,查询通道配置【check2】 | N25: 【check1】配置成功，使用restful查询通道配置与下发的配置相同。使用etcd查询通道配置，查询的值与配置的值相同 【check2】配置失败，网元无异常。使用rest接口和etcd查询通道配置与配置前相同 | O25: NGFW_V60R1C00 | P25: J1900,C236,EP | S25: 接口测试 | T25: 是
F26: 验证添加QOS通道时上行保障带宽有效值和无效值测试 | G26: Qos.cfg.chl.post.ptc3 | H26: 2210204 | I26: P1 | L26: 网元正常启动 | M26: 1、使用/api/v1/qoschannel接口添加Qos通道时，配置上行保障带宽为0，其他参数为任意有效值,查询通道配置【check2】 2、使用/api/v1/qoschannel接口添加Qos通道时，配置上行保障带宽为60，其他参数为任意有效值,查询通道配置【check1】 3、使用/api/v1/qoschannel接口添加Qos通道时，配置上行保障带宽为200000000，其他参数为任意有效值,查询通道配置【check1】 4、使用/api/v1/qoschannel接口添加Qos通道时，配置上行保障带宽为60-200000000间任意值，其他参数为任意有效值,查询通道配置【check1】 5、使用/api/v1/qoschannel接口添加Qos通道时，配置上行保障带宽为保障带宽等于最大带宽，其他参数为任意有效值,查询通道配置【check1】 6、添加Qos通道时，配置上行保障带宽为1，其他参数为任意有效值,查询通道配置【check2】 7、添加Qos通道时，配置上行保障带宽为-1，其他参数为任意有效值,查询通道配置【check2】 8、添加Qos通道时，配置上行保障带宽为59，其他参数为任意有效值,查询通道配置【check2】 9、添加Qos通道时，配置上行保障带宽为200000000，其他参数为任意有效值,查询通道配置【check2】 10、添加Qos通道时，配置上行保障带宽为上行保障带宽大于上行最大带宽，其他参数为任意有效值,查询通道配置【check2】 11、添加Qos通道时，配置上行保障带宽为非数字，其他参数为任意有效值,查询通道配置【check2】 12、添加Qos通道时，配置上行保障带宽为空，其他参数为任意有效值,查询通道配置【check2】 | N26: 【check1】配置成功，使用restful查询通道配置与下发的配置相同。使用etcd查询通道配置，查询的值与配置的值相同 【check2】配置失败，网元无异常。使用rest接口和etcd查询通道配置与配置前相同 | O26: NGFW_V60R1C00 | P26: J1900,C236,EP | S26: 接口测试 | T26: 是
F27: 验证添加QOS通道时下行最大带宽有效值和无效值测试 | G27: Qos.cfg.chl.post.ptc4 | H27: 2210205 | I27: P1 | L27: 网元正常启动 | M27: 1、使用/api/v1/qoschannel接口添加Qos通道时，配置下行最大带宽为0，其他参数为任意有效值,查询通道配置【check1】 2、使用/api/v1/qoschannel接口添加Qos通道时，配置下行最大带宽为60，其他参数为任意有效值,查询通道配置【check1】 3、使用/api/v1/qoschannel接口添加Qos通道时，配置下行最大带宽为200000000，其他参数为任意有效值,查询通道配置【check1】 4、使用/api/v1/qoschannel接口添加Qos通道时，配置下行最大带宽为60-200000000间任意值，其他参数为任意有效值,查询通道配置【check1】 5、使用/api/v1/qoschannel接口添加Qos通道时，配置下行最大带宽为最大带宽等于保障带宽，其他参数为任意有效值,查询通道配置【check1】 6、添加Qos通道时，配置下行最大带宽为1，其他参数为任意有效值,查询通道配置【check2】 7、添加Qos通道时，配置下行最大带宽为-1，其他参数为任意有效值,查询通道配置【check2】 8、添加Qos通道时，配置下行最大带宽为59，其他参数为任意有效值,查询通道配置【check2】 9、添加Qos通道时，配置下行最大带宽为200000001，其他参数为任意有效值,查询通道配置【check2】 10、添加Qos通道时，配置下行最大带宽为下行最大带宽小于下行保障带宽，其他参数为任意有效值,查询通道配置【check2】 11、添加Qos通道时，配置下行最大带宽为非数字，其他参数为任意有效值,查询通道配置【check2】 12、添加Qos通道时，配置下行最大带宽为空，其他参数为任意有效值,查询通道配置【check2】 | N27: 【check1】配置成功，使用restful查询通道配置与下发的配置相同。使用etcd查询通道配置，查询的值与配置的值相同 【check2】配置失败，网元无异常。使用rest接口和etcd查询通道配置与配置前相同 | O27: NGFW_V60R1C00 | P27: J1900,C236,EP | S27: 接口测试 | T27: 是
F28: 验证添加QOS通道时下行保障带宽有效值和无效值测试 | G28: Qos.cfg.chl.post.ptc5 | H28: 2210206 | I28: P1 | L28: 网元正常启动 | M28: 1、使用/api/v1/qoschannel接口添加Qos通道时，配置下行保障带宽为0，其他参数为任意有效值,查询通道配置【check2】 2、使用/api/v1/qoschannel接口添加Qos通道时，配置下行保障带宽为60，其他参数为任意有效值,查询通道配置【check1】 3、使用/api/v1/qoschannel接口添加Qos通道时，配置下行保障带宽为200000000，其他参数为任意有效值,查询通道配置【check1】 4、使用/api/v1/qoschannel接口添加Qos通道时，配置下行保障带宽为60-200000000间任意值，其他参数为任意有效值,查询通道配置【check1】 5、使用/api/v1/qoschannel接口添加Qos通道时，配置下行保障带宽为保障带宽等于最大带宽，其他参数为任意有效值,查询通道配置【check1】 6、添加Qos通道时，配置下行保障带宽为1，其他参数为任意有效值,查询通道配置【check2】 7、添加Qos通道时，配置下行保障带宽为-1，其他参数为任意有效值,查询通道配置【check2】 8、添加Qos通道时，配置下行保障带宽为59，其他参数为任意有效值,查询通道配置【check2】 9、添加Qos通道时，配置下行保障带宽为200000001，其他参数为任意有效值,查询通道配置【check2】 10、添加Qos通道时，配置下行保障带宽为下行保障带宽大于下行最大带宽，其他参数为任意有效值,查询通道配置【check2】 11、添加Qos通道时，配置下行保障带宽为非数字，其他参数为任意有效值,查询通道配置【check2】 12、添加Qos通道时，配置下行保障带宽为空，其他参数为任意有效值,查询通道配置【check2】 | N28: 【check1】配置成功，使用restful查询通道配置与下发的配置相同。使用etcd查询通道配置，查询的值与配置的值相同 【check2】配置失败，网元无异常。使用rest接口和etcd查询通道配置与配置前相同 | O28: NGFW_V60R1C00 | P28: J1900,C236,EP | S28: 接口测试 | T28: 是
F29: 验证添加QOS通道时上行总额有效值和无效值测试 | G29: Qos.cfg.chl.post.ptc6 | H29: 2210207 | I29: P1 | L29: 网元正常启动 | M29: 1、使用/api/v1/qoschannel接口添加Qos通道时，配置上行总额为0，其他参数为任意有效值,查询通道配置【check1】 2、使用/api/v1/qoschannel接口添加Qos通道时，配置上行总额为10，其他参数为任意有效值,查询通道配置【check1】 3、使用/api/v1/qoschannel接口添加Qos通道时，配置上行总额为100000000，其他参数为任意有效值,查询通道配置【check1】 4、使用/api/v1/qoschannel接口添加Qos通道时，配置上行总额为10-100000000间任意值，其他参数为任意有效值,查询通道配置【check1】 5、添加Qos通道时，配置上行总额为1，其他参数为任意有效值,查询通道配置【check2】 6、添加Qos通道时，配置上行总额为-1，其他参数为任意有效值,查询通道配置【check2】 7、添加Qos通道时，配置上行总额为9，其他参数为任意有效值,查询通道配置【check2】 8、添加Qos通道时，配置上行总额为100000001，其他参数为任意有效值,查询通道配置【check2】 9、添加Qos通道时，配置上行总额为非数字，其他参数为任意有效值,查询通道配置【check2】 10、添加Qos通道时，配置上行总额为空，其他参数为任意有效值,查询通道配置【check2】 | N29: 【check1】配置成功，使用restful查询通道配置与下发的配置相同。使用etcd查询通道配置，查询的值与配置的值相同 【check2】配置失败，网元无异常。使用rest接口和etcd查询通道配置与配置前相同 | O29: NGFW_V60R1C00 | P29: J1900,C236,EP | S29: 接口测试 | T29: 是
F30: 验证添加QOS通道时下行总额有效值和无效值测试 | G30: Qos.cfg.chl.post.ptc7 | H30: 2210208 | I30: P1 | L30: 网元正常启动 | M30: 1、使用/api/v1/qoschannel接口添加Qos通道时，配置下行总额为0，其他参数为任意有效值,查询通道配置【check1】 2、使用/api/v1/qoschannel接口添加Qos通道时，配置下行总额为10，其他参数为任意有效值,查询通道配置【check1】 3、使用/api/v1/qoschannel接口添加Qos通道时，配置下行总额为100000000，其他参数为任意有效值,查询通道配置【check1】 4、使用/api/v1/qoschannel接口添加Qos通道时，配置下行总额为10-100000000间任意值，其他参数为任意有效值,查询通道配置【check1】 5、添加Qos通道时，配置下行总额为1，其他参数为任意有效值,查询通道配置【check2】 6、添加Qos通道时，配置下行总额为-1，其他参数为任意有效值,查询通道配置【check2】 7、添加Qos通道时，配置下行总额为9，其他参数为任意有效值,查询通道配置【check2】 8、添加Qos通道时，配置下行总额为100000001，其他参数为任意有效值,查询通道配置【check2】 9、添加Qos通道时，配置下行总额为非数字，其他参数为任意有效值,查询通道配置【check2】 10、添加Qos通道时，配置下行总额为空，其他参数为任意有效值,查询通道配置【check2】 | N30: 【check1】配置成功，使用restful查询通道配置与下发的配置相同。使用etcd查询通道配置，查询的值与配置的值相同 【check2】配置失败，网元无异常。使用rest接口和etcd查询通道配置与配置前相同 | O30: NGFW_V60R1C00 | P30: J1900,C236,EP | S30: 接口测试 | T30: 是
F31: 验证添加QOS通道时最大连接数有效值和无效值测试 | G31: Qos.cfg.chl.post.ptc8 | H31: 2210209 | I31: P1 | L31: 网元正常启动 | M31: 1、使用/api/v1/qoschannel接口添加Qos通道时，配置最大连接数为0，其他参数为任意有效值,查询通道配置【check1】 2、使用/api/v1/qoschannel接口添加Qos通道时，配置最大连接数为1，其他参数为任意有效值,查询通道配置【check1】 3、使用/api/v1/qoschannel接口添加Qos通道时，配置最大连接数为6000000 ，其他参数为任意有效值,查询通道配置【check1】 4、使用/api/v1/qoschannel接口添加Qos通道时，配置最大连接数为1-6000000间任意值，其他参数为任意有效值,查询通道配置【check1】 5、添加Qos通道时，配置最大连接数为-1，其他参数为任意有效值,查询通道配置【check2】 6、添加Qos通道时，配置最大连接数为6000001，其他参数为任意有效值,查询通道配置【check2】 7、添加Qos通道时，配置最大连接数为非数字，其他参数为任意有效值,查询通道配置【check2】 8、添加Qos通道时，配置最大连接数为空，其他参数为任意有效值,查询通道配置【check2】 | N31: 【check1】配置成功，使用restful查询通道配置与下发的配置相同。使用etcd查询通道配置，查询的值与配置的值相同 【check2】配置失败，网元无异常。使用rest接口和etcd查询通道配置与配置前相同 | O31: NGFW_V60R1C00 | P31: J1900,C236,EP | S31: 接口测试 | T31: 是
F32: 验证添加QOS通道时新建连接速率有效值和无效值测试 | G32: Qos.cfg.chl.post.ptc9 | H32: 2210210 | I32: P1 | L32: 网元正常启动 | M32: 1、使用/api/v1/qoschannel接口添加Qos通道时，配置新建连接速率为0，其他参数为任意有效值,查询通道配置【check1】 2、使用/api/v1/qoschannel接口添加Qos通道时，配置新建连接速率为1，其他参数为任意有效值,查询通道配置【check1】 3、使用/api/v1/qoschannel接口添加Qos通道时，配置新建连接速率为500000，其他参数为任意有效值,查询通道配置【check1】 4、使用/api/v1/qoschannel接口添加Qos通道时，配置新建连接速率为1-500000间任意值，其他参数为任意有效值,查询通道配置【check1】 5、添加Qos通道时，配置新建连接速率为-1，其他参数为任意有效值,查询通道配置【check2】 6、添加Qos通道时，配置新建连接速率为500001，其他参数为任意有效值,查询通道配置【check2】 7、添加Qos通道时，配置新建连接速率为非数字，其他参数为任意有效值,查询通道配置【check2】 8、添加Qos通道时，配置新建连接速率为空，其他参数为任意有效值,查询通道配置【check2】 | N32: 【check1】配置成功，使用restful查询通道配置与下发的配置相同。使用etcd查询通道配置，查询的值与配置的值相同 【check2】配置失败，网元无异常。使用rest接口和etcd查询通道配置与配置前相同 | O32: NGFW_V60R1C00 | P32: J1900,C236,EP | S32: 接口测试 | T32: 是
F33: 验证添加QOS通道时限流对象有效值和无效值测试 | G33: Qos.cfg.chl.post.ptc10 | H33: 2210211 | I33: P1 | L33: 网元正常启动 | M33: 1、使用/api/v1/qoschannel接口添加Qos通道时，配置限流对象为每IP，其他参数为任意有效值,查询通道配置【check1】 2、使用/api/v1/qoschannel接口添加Qos通道时，配置限流对象为每用户，其他参数为任意有效值,查询通道配置【check1】 3、添加Qos通道时，配置限流对象为其他任意非法字符串，其他参数为任意有效值,查询通道配置【check2】 4、添加Qos通道时，配置限流对象为空，其他参数为任意有效值,查询通道配置【check2】 5、添加Qos通道时，配置限流对象为超长字符串，其他参数为任意有效值,查询通道配置【check2】 | N33: 【check1】配置成功，使用restful查询通道配置与下发的配置相同。使用etcd查询通道配置，查询的值与配置的值相同 【check2】配置失败，网元无异常。使用rest接口和etcd查询通道配置与配置前相同 | O33: NGFW_V60R1C00 | P33: J1900,C236,EP | S33: 接口测试 | T33: 是
F34: 验证添加QOS通道时用户上行最大带宽有效值和无效值测试 | G34: Qos.cfg.chl.post.ptc11 | H34: 2210212 | I34: P1 | L34: 网元正常启动 | M34: 1、使用/api/v1/qoschannel接口添加Qos通道时，配置用户上行最大带宽为0，其他参数为任意有效值,查询通道配置【check1】 2、使用/api/v1/qoschannel接口添加Qos通道时，配置用户上行最大带宽为60，其他参数为任意有效值,查询通道配置【check1】 3、使用/api/v1/qoschannel接口添加Qos通道时，配置用户上行最大带宽为200000000，其他参数为任意有效值,查询通道配置【check1】 4、使用/api/v1/qoschannel接口添加Qos通道时，配置用户上行最大带宽为60-200000000间任意值，其他参数为任意有效值,查询通道配置【check1】 5、使用/api/v1/qoschannel接口添加Qos通道时，配置用户上行最大带宽为用户最大带宽等于用户保障带宽，其他参数为任意有效值,查询通道配置【check1】 6、添加Qos通道时，配置用户上行最大带宽为1，其他参数为任意有效值,查询通道配置【check2】 7、添加Qos通道时，配置用户上行最大带宽为-1，其他参数为任意有效值,查询通道配置【check2】 8、添加Qos通道时，配置用户上行最大带宽为59，其他参数为任意有效值,查询通道配置【check2】 9、添加Qos通道时，配置用户上行最大带宽为200000001，其他参数为任意有效值,查询通道配置【check2】 10、添加Qos通道时，配置用户上行最大带宽为用户上行最大带宽小于用户上行保障带宽，其他参数为任意有效值,查询通道配置【check2】 11、添加Qos通道时，配置用户上行最大带宽为非数字，其他参数为任意有效值,查询通道配置【check2】 12、添加Qos通道时，配置用户上行最大带宽为用户上行最大带宽大于通道上行最大带宽，其他参数为任意有效值,查询通道配置【check2】 13、添加Qos通道时，配置用户上行最大带宽为空，其他参数为任意有效值,查询通道配置【check2】 | N34: 【check1】配置成功，使用restful查询通道配置与下发的配置相同。使用etcd查询通道配置，查询的值与配置的值相同 【check2】配置失败，网元无异常。使用rest接口和etcd查询通道配置与配置前相同 | O34: NGFW_V60R1C00 | P34: J1900,C236,EP | S34: 接口测试 | T34: 是
... F66: 验证配置Qos独占通道配置限制测试 | G66: Qos.cfg.chl.private.limit.ptc0 | H66: 2210245 | I66: P1 | L66: 1、网元正常启动 | M66: 1、配置的Qos通道，通道类型未独占通道【check1】 2、配置1条Qos策略引用该通道【check2】 3、再配置一跳Qos策略引用该通道。【check3】 4、修改通道配置。【check3】 5、删除该通道。【check3】 6、取消Qos策略应用通道后，修改该通道。【check2】 7、删除该通道。【check2】 | N66: 【check1】配置成功，查询配置参与与实际配置参数一致。 【check2】配置成功 【check3】配置失败 | O66: NGFW_V60R1C00 | P66: J1900,C236,EP | S66: 接口测试 | T66: 是
E67: IPv4策略配置
F68: 验证添加IPv4带宽策略时状态有效值和无效值测试 | G68: Qos.cfg.policy.post.ptc0 | H68: 2210301 | I68: P1 | L68: 网元正常启动 | M68: 1、使用/api/v1/qospolicer接口添加IPv4带宽策略时，配置状态为启用，其他参数为任意有效值,查询IPv4带宽策略配置【check1】 2、使用/api/v1/qospolicer接口添加IPv4带宽策略时，配置状态为禁用，其他参数为任意有效值,查询IPv4带宽策略配置【check1】 3、添加IPv4带宽策略时，配置状态为其他任意非法字符串，其他参数为任意有效值,查询IPv4带宽策略配置【check2】 4、添加IPv4带宽策略时，配置状态为空，其他参数为任意有效值,查询IPv4带宽策略配置【check2】 5、添加IPv4带宽策略时，配置状态为超长字符串，其他参数为任意有效值,查询IPv4带宽策略配置【check2】 | N68: 【check1】配置成功，使用restful查询带宽策略配置与下发的配置相同。使用etcd查询带宽策略配置，查询的值与配置的值相同 【check2】配置失败，网元无异常。使用etcd查询带宽策略配置与配置前相同 | O68: NGFW_V60R1C00 | P68: J1900,C236,EP | S68: 接口测试 | T68: 是
F69: 验证添加IPv4带宽策略时策略名称有效值和无效值测试 | G69: Qos.cfg.policy.post.ptc1 | H69: 2210302 | I69: P1 | L69: 网元正常启动 | M69: 1、使用/api/v1/qospolicer接口添加IPv4QOSIPv4带宽策略时，配置名称为1个字符，其他参数为任意有效值,查询通道配置【check1】 2、添加IPv4带宽策略时，配置名称为31个字符，其他参数为任意有效值,查询通道配置【check1】 3、添加IPv4带宽策略时，配置名称为1-31任意个字符，其他参数为任意有效值,查询通道配置【check1】 4、添加IPv4带宽策略时，配置名称为0个字符，其他参数为任意有效值,查询通道配置【check2】 5、添加IPv4带宽策略时，配置名称为32个字符，其他参数为任意有效值,查询通道配置【check2】 6、添加IPv4带宽策略时，配置名称为空，其他参数为任意有效值,查询通道配置【check2】 6、添加IPv4带宽策略时，配置名称为已存在的策略名称，其他参数为任意有效值,查询通道配置【check2】 | N69: 【check1】配置成功，使用restful查询带宽策略配置与下发的配置相同。使用etcd查询带宽策略配置，查询的值与配置的值相同 【check2】配置失败，网元无异常。使用etcd查询带宽策略配置与配置前相同 | O69: NGFW_V60R1C00 | P69: J1900,C236,EP | S69: 接口测试 | T69: 是
F70: 验证添加IPv4带宽策略时上行接口有效值和无效值测试 | G70: Qos.cfg.policy.post.ptc2 | H70: 2210303 | I70: P1 | L70: 网元正常启动 | M70: 1、使用/api/v1/qospolicer接口添加IPv4带宽策略时，配置上行接口为任意物理接口，其他参数为任意有效值,查询IPv4带宽策略配置【check1】 2、使用/api/v1/qospolicer接口添加IPv4带宽策略时，配置上行接口为任意聚合口，其他参数为任意有效值,查询IPv4带宽策略配置【check1】 3、使用/api/v1/qospolicer接口添加IPv4带宽策略时，配置上行接口为上行接口与下行接口相同，其他参数为任意有效值,查询IPv4带宽策略配置【check1】 4、添加IPv4带宽策略时，配置上行接口为管理口，其他参数为任意有效值,查询IPv4带宽策略配置【check2】 5、添加IPv4带宽策略时，配置上行接口为子接口，其他参数为任意有效值,查询IPv4带宽策略配置【check2】 6、添加IPv4带宽策略时，配置上行接口为bvi口，其他参数为任意有效值,查询IPv4带宽策略配置【check2】 7、添加IPv4带宽策略时，配置上行接口为隧道口，其他参数为任意有效值,查询IPv4带宽策略配置【check2】 8、添加IPv4带宽策略时，配置上行接口为聚合口的成员口，其他参数为任意有效值,查询IPv4带宽策略配置【check2】 9、添加IPv4带宽策略时，配置上行接口为任意不存在的接口名称，其他参数为任意有效值,查询IPv4带宽策略配置【check2】 10、添加IPv4带宽策略时，配置上行接口为空，其他参数为任意有效值,查询IPv4带宽策略配置【check2】 | N70: 【check1】配置成功，使用restful查询带宽策略配置与下发的配置相同。使用etcd查询带宽策略配置，查询的值与配置的值相同 【check2】配置失败，网元无异常。使用etcd查询带宽策略配置与配置前相同 | O70: NGFW_V60R1C00 | P70: J1900,C236,EP | S70: 接口测试 | T70: 是
F71: 验证添加IPv4带宽策略时下行接口有效值和无效值测试 | G71: Qos.cfg.policy.post.ptc3 | H71: 2210304 | I71: P1 | L71: 网元正常启动 | M71: 1、使用/api/v1/qospolicer接口添加IPv4带宽策略时，配置下行接口为任意物理接口，其他参数为任意有效值,查询IPv4带宽策略配置【check1】 2、使用/api/v1/qospolicer接口添加IPv4带宽策略时，配置下行接口为任意聚合口，其他参数为任意有效值,查询IPv4带宽策略配置【check1】 3、使用/api/v1/qospolicer接口添加IPv4带宽策略时，配置下行接口为下行接口与上行接口相同，其他参数为任意有效值,查询IPv4带宽策略配置【check1】 4、添加IPv4带宽策略时，配置下行接口为管理口，其他参数为任意有效值,查询IPv4带宽策略配置【check2】 5、添加IPv4带宽策略时，配置下行接口为子接口，其他参数为任意有效值,查询IPv4带宽策略配置【check2】 6、添加IPv4带宽策略时，配置下行接口为bvi口，其他参数为任意有效值,查询IPv4带宽策略配置【check2】 7、添加IPv4带宽策略时，配置下行接口为隧道口，其他参数为任意有效值,查询IPv4带宽策略配置【check2】 8、添加IPv4带宽策略时，配置下行接口为聚合口的成员口，其他参数为任意有效值,查询IPv4带宽策略配置【check2】 9、添加IPv4带宽策略时，配置下行接口为任意不存在的接口名称，其他参数为任意有效值,查询IPv4带宽策略配置【check2】 10、添加IPv4带宽策略时，配置下行接口为空，其他参数为任意有效值,查询IPv4带宽策略配置【check2】 | N71: 【check1】配置成功，使用restful查询带宽策略配置与下发的配置相同。使用etcd查询带宽策略配置，查询的值与配置的值相同 【check2】配置失败，网元无异常。使用etcd查询带宽策略配置与配置前相同 | O71: NGFW_V60R1C00 | P71: J1900,C236,EP | S71: 接口测试 | T71: 是
F72: 验证添加IPv4带宽策略时源地址有效值和无效值测试 | G72: Qos.cfg.policy.post.ptc4 | H72: 2210305 | I72: P1 | L72: 网元正常启动 | M72: 1、使用/api/v1/qospolicer接口添加IPv4带宽策略时，配置源地址为any，其他参数为任意有效值,查询IPv4带宽策略配置【check1】 2、使用/api/v1/qospolicer接口添加IPv4带宽策略时，配置源地址为已存在地址对象名称，其他参数为任意有效值,查询IPv4带宽策略配置【check1】 3、使用/api/v1/qospolicer接口添加IPv4带宽策略时，配置源地址为多个地址对象共存，其他参数为任意有效值,查询IPv4带宽策略配置【check1】 4、添加IPv4带宽策略时，配置源地址为空，其他参数为任意有效值,查询IPv4带宽策略配置【check2】 5、添加IPv4带宽策略时，配置源地址为不存在的地址对象名称，其他参数为任意有效值,查询IPv4带宽策略配置【check2】 6、添加IPv4带宽策略时，配置源地址为any和单个对象同时存在，其他参数为任意有效值,查询IPv4带宽策略配置【check2】 7、添加IPv4带宽策略时，配置源地址为64字节字符串，其他参数为任意有效值,查询IPv4带宽策略配置【check2】 | N72: 【check1】配置成功，使用restful查询带宽策略配置与下发的配置相同。使用etcd查询带宽策略配置，查询的值与配置的值相同 【check2】配置失败，网元无异常。使用etcd查询带宽策略配置与配置前相同 | O72: NGFW_V60R1C00 | P72: J1900,C236,EP | S72: 接口测试 | T72: 是
F73: 验证添加IPv4带宽策略时源地址组有效值和无效值测试 | G73: Qos.cfg.policy.post.ptc5 | H73: 2210306 | I73: P1 | L73: 网元正常启动 | M73: 1、使用/api/v1/qospolicer接口添加IPv4带宽策略时，配置源地址组为any，其他参数为任意有效值,查询IPv4带宽策略配置【check1】 2、使用/api/v1/qospolicer接口添加IPv4带宽策略时，配置源地址组为已存在的地址组对象名称，其他参数为任意有效值,查询IPv4带宽策略配置【check1】 3、使用/api/v1/qospolicer接口添加IPv4带宽策略时，配置源地址组为多个地址组对象共存，其他参数为任意有效值,查询IPv4带宽策略配置【check1】 4、添加IPv4带宽策略时，配置源地址组为空，其他参数为任意有效值,查询IPv4带宽策略配置【check2】 5、添加IPv4带宽策略时，配置源地址组为不存在的地址组对象名称，其他参数为任意有效值,查询IPv4带宽策略配置【check2】 6、添加IPv4带宽策略时，配置源地址组为any和单个对象同时存在，其他参数为任意有效值,查询IPv4带宽策略配置【check2】 7、添加IPv4带宽策略时，配置源地址组为64字节字符串，其他参数为任意有效值,查询IPv4带宽策略配置【check2】 | N73: 【check1】配置成功，使用restful查询带宽策略配置与下发的配置相同。使用etcd查询带宽策略配置，查询的值与配置的值相同 【check2】配置失败，网元无异常。使用etcd查询带宽策略配置与配置前相同 | O73: NGFW_V60R1C00 | P73: J1900,C236,EP | S73: 接口测试 | T73: 是
F74: 验证添加IPv4带宽策略时目的地址有效值和无效值测试 | G74: Qos.cfg.policy.post.ptc6 | H74: 2210307 | I74: P1 | L74: 网元正常启动 | M74: 1、使用/api/v1/qospolicer接口添加IPv4带宽策略时，配置目的地址为any，其他参数为任意有效值,查询IPv4带宽策略配置【check1】 2、使用/api/v1/qospolicer接口添加IPv4带宽策略时，配置目的地址为已存在地址对象名称，其他参数为任意有效值,查询IPv4带宽策略配置【check1】 3、使用/api/v1/qospolicer接口添加IPv4带宽策略时，配置目的地址为多个地址对象共存，其他参数为任意有效值,查询IPv4带宽策略配置【check1】 4、添加IPv4带宽策略时，配置目的地址为空，其他参数为任意有效值,查询IPv4带宽策略配置【check2】 5、添加IPv4带宽策略时，配置目的地址为不存在的地址对象名称，其他参数为任意有效值,查询IPv4带宽策略配置【check2】 6、添加IPv4带宽策略时，配置目的地址为any和单个对象同时存在，其他参数为任意有效值,查询IPv4带宽策略配置【check2】 7、添加IPv4带宽策略时，配置目的地址为64字节字符串，其他参数为任意有效值,查询IPv4带宽策略配置【check2】 | N74: 【check1】配置成功，使用restful查询带宽策略配置与下发的配置相同。使用etcd查询带宽策略配置，查询的值与配置的值相同 【check2】配置失败，网元无异常。使用etcd查询带宽策略配置与配置前相同 | O74: NGFW_V60R1C00 | P74: J1900,C236,EP | S74: 接口测试 | T74: 是
F75: 验证添加IPv4带宽策略时目的地址组有效值和无效值测试 | G75: Qos.cfg.policy.post.ptc7 | H75: 2210308 | I75: P1 | L75: 网元正常启动 | M75: 1、使用/api/v1/qospolicer接口添加IPv4带宽策略时，配置目的地址组为any，其他参数为任意有效值,查询IPv4带宽策略配置【check1】 2、使用/api/v1/qospolicer接口添加IPv4带宽策略时，配置目的地址组为已存在的地址组对象名称，其他参数为任意有效值,查询IPv4带宽策略配置【check1】 3、使用/api/v1/qospolicer接口添加IPv4带宽策略时，配置目的地址组为多个地址组对象共存，其他参数为任意有效值,查询IPv4带宽策略配置【check1】 4、添加IPv4带宽策略时，配置目的地址组为空，其他参数为任意有效值,查询IPv4带宽策略配置【check2】 5、添加IPv4带宽策略时，配置目的地址组为不存在的地址组对象名称，其他参数为任意有效值,查询IPv4带宽策略配置【check2】 6、添加IPv4带宽策略时，配置目的地址组为any和单个对象同时存在，其他参数为任意有效值,查询IPv4带宽策略配置【check2】 7、添加IPv4带宽策略时，配置目的地址组为64字节字符串，其他参数为任意有效值,查询IPv4带宽策略配置【check2】 | N75: 【check1】配置成功，使用restful查询带宽策略配置与下发的配置相同。使用etcd查询带宽策略配置，查询的值与配置的值相同 【check2】配置失败，网元无异常。使用etcd查询带宽策略配置与配置前相同 | O75: NGFW_V60R1C00 | P75: J1900,C236,EP | S75: 接口测试 | T75: 是
F76: 验证添加IPv4带宽策略时服务有效值和无效值测试 | G76: Qos.cfg.policy.post.ptc8 | H76: 2210309 | I76: P1 | L76: 网元正常启动 | M76: 1、使用/api/v1/qospolicer接口添加IPv4带宽策略时，配置服务为any，其他参数为任意有效值,查询IPv4带宽策略配置【check1】 2、使用/api/v1/qospolicer接口添加IPv4带宽策略时，配置服务为已存在地址对象名称，其他参数为任意有效值,查询IPv4带宽策略配置【check1】 3、使用/api/v1/qospolicer接口添加IPv4带宽策略时，配置服务为多个服务对象共存，其他参数为任意有效值,查询IPv4带宽策略配置【check1】 4、添加IPv4带宽策略时，配置服务为空，其他参数为任意有效值,查询IPv4带宽策略配置【check2】 5、添加IPv4带宽策略时，配置服务为不存在的服务对象名称，其他参数为任意有效值,查询IPv4带宽策略配置【check2】 6、添加IPv4带宽策略时，配置服务为any和单个对象同时存在，其他参数为任意有效值,查询IPv4带宽策略配置【check2】 7、添加IPv4带宽策略时，配置服务为64字节字符串，其他参数为任意有效值,查询IPv4带宽策略配置【check2】 | N76: 【check1】配置成功，使用restful查询带宽策略配置与下发的配置相同。使用etcd查询带宽策略配置，查询的值与配置的值相同 【check2】配置失败，网元无异常。使用etcd查询带宽策略配置与配置前相同 | O76: NGFW_V60R1C00 | P76: J1900,C236,EP | S76: 接口测试 | T76: 是
F77: 验证添加IPv4带宽策略时服务组有效值和无效值测试 | G77: Qos.cfg.policy.post.ptc9 | H77: 2210310 | I77: P1 | L77: 网元正常启动 | M77: 1、使用/api/v1/qospolicer接口添加IPv4带宽策略时，配置服务组为any，其他参数为任意有效值,查询IPv4带宽策略配置【check1】 2、使用/api/v1/qospolicer接口添加IPv4带宽策略时，配置服务组为已存在的地址组对象名称，其他参数为任意有效值,查询IPv4带宽策略配置【check1】 3、使用/api/v1/qospolicer接口添加IPv4带宽策略时，配置服务组为多个服务组对象共存，其他参数为任意有效值,查询IPv4带宽策略配置【check1】 4、添加IPv4带宽策略时，配置服务组为空，其他参数为任意有效值,查询IPv4带宽策略配置【check2】 5、添加IPv4带宽策略时，配置服务组为不存在的服务组对象名称，其他参数为任意有效值,查询IPv4带宽策略配置【check2】 6、添加IPv4带宽策略时，配置服务组为any和单个对象同时存在，其他参数为任意有效值,查询IPv4带宽策略配置【check2】 7、添加IPv4带宽策略时，配置服务组为64字节字符串，其他参数为任意有效值,查询IPv4带宽策略配置【check2】 | N77: 【check1】配置成功，使用restful查询带宽策略配置与下发的配置相同。使用etcd查询带宽策略配置，查询的值与配置的值相同 【check2】配置失败，网元无异常。使用etcd查询带宽策略配置与配置前相同 | O77: NGFW_V60R1C00 | P77: J1900,C236,EP | S77: 接口测试 | T77: 是
F78: 验证添加IPv4带宽策略时时间有效值和无效值测试 | G78: Qos.cfg.policy.post.ptc10 | H78: 2210311 | I78: P1 | L78: 网元正常启动 | M78: 1、使用/api/v1/qospolicer接口添加IPv4带宽策略时，配置时间为空，其他参数为任意有效值,查询IPv4带宽策略配置【check1】 2、使用/api/v1/qospolicer接口添加IPv4带宽策略时，配置时间为已存在的时间对象，其他参数为任意有效值,查询IPv4带宽策略配置【check1】 3、添加IPv4带宽策略时，配置时间为不存在的时间对象名称，其他参数为任意有效值,查询IPv4带宽策略配置【check2】 4、添加IPv4带宽策略时，配置时间为64字节字符串，其他参数为任意有效值,查询IPv4带宽策略配置【check2】 | N78: 【check1】配置成功，使用restful查询带宽策略配置与下发的配置相同。使用etcd查询带宽策略配置，查询的值与配置的值相同 【check2】配置失败，网元无异常。使用etcd查询带宽策略配置与配置前相同 | O78: NGFW_V60R1C00 | P78: J1900,C236,EP | S78: 接口测试 | T78: 是
F79: 验证添加IPv4带宽策略时通道有效值和无效值测试 | G79: Qos.cfg.policy.post.ptc11 | H79: 2210312 | I79: P1 | L79: 网元正常启动 | M79: 1、使用/api/v1/qospolicer接口添加IPv4带宽策略时，配置通道为已存在的时间对象，其他参数为任意有效值,查询IPv4带宽策略配置【check1】 2、添加IPv4带宽策略时，配置通道为空，其他参数为任意有效值,查询IPv4带宽策略配置【check2】 3、添加IPv4带宽策略时，配置通道为不存在的通道，其他参数为任意有效值,查询IPv4带宽策略配置【check2】 4、添加IPv4带宽策略时，配置通道为64字节字符串，其他参数为任意有效值,查询IPv4带宽策略配置【check2】 | N79: 【check1】配置成功，使用restful查询带宽策略配置与下发的配置相同。使用etcd查询带宽策略配置，查询的值与配置的值相同 【check2】配置失败，网元无异常。使用etcd查询带宽策略配置与配置前相同 | O79: NGFW_V60R1C00 | P79: J1900,C236,EP | S79: 接口测试 | T79: 是
... F108: IPv4带宽策略优先级调整接口限制测试 | G108: Qos.cfg.chl.policy.pri.limit.ptc0 | H108: 2210342 | I108: P1 | L108: 1、网元正常启动 | M108: 1、使用put方法配置IPv4带宽策略优先级调整/api/v1/qospolicerpri接口，参数为任意有效值。【check1】 2、使用post方法配置IPv4带宽策略优先级调整/api/v1/qospolicerpri接口，参数为任意有效值。【check2】 3、使用delete方法配置IPv4带宽策略优先级调整/api/v1/qospolicerpri接口，参数为任意有效值。【check2】 | N108: 【check1】配置成功 【check2】配置失败 | O108: NGFW_V60R1C00 | P108: J1900,C236,EP | S108: 接口测试 | T108: 是
E109: IPv6策略配置
F110: 验证添加IPv6带宽策略时状态有效值和无效值测试 | G110: Qos.cfg.policy.post.ptc0 | H110: 2210401 | I110: P1 | L110: 网元正常启动 | M110: 1、使用/api/v1/qospolicer6接口添加IPv6带宽策略时，配置状态为启用，其他参数为任意有效值,查询IPv6带宽策略配置【check1】 2、使用/api/v1/qospolicer6接口添加IPv6带宽策略时，配置状态为禁用，其他参数为任意有效值,查询IPv6带宽策略配置【check1】 3、添加IPv6带宽策略时，配置状态为其他任意非法字符串，其他参数为任意有效值,查询IPv6带宽策略配置【check2】 4、添加IPv6带宽策略时，配置状态为空，其他参数为任意有效值,查询IPv6带宽策略配置【check2】 5、添加IPv6带宽策略时，配置状态为超长字符串，其他参数为任意有效值,查询IPv6带宽策略配置【check2】 | N110: 【check1】配置成功，使用restful查询带宽策略配置与下发的配置相同。使用etcd查询带宽策略配置，查询的值与配置的值相同 【check2】配置失败，网元无异常。使用etcd查询带宽策略配置与配置前相同 | O110: NGFW_V60R1C00 | P110: J1900,C236,EP | S110: 接口测试 | T110: 是 | W110: P2
F111: 验证添加IPv6带宽策略时策略名称有效值和无效值测试 | G111: Qos.cfg.policy.post.ptc1 | H111: 2210402 | I111: P1 | L111: 网元正常启动 | M111: 1、使用/api/v1/qospolicer6接口添加IPv4QOSIPv6带宽策略时，配置名称为1个字符，其他参数为任意有效值,查询通道配置【check1】 2、添加IPv6带宽策略时，配置名称为31个字符，其他参数为任意有效值,查询通道配置【check1】 3、添加IPv6带宽策略时，配置名称为1-31任意个字符，其他参数为任意有效值,查询通道配置【check1】 4、添加IPv6带宽策略时，配置名称为0个字符，其他参数为任意有效值,查询通道配置【check2】 5、添加IPv6带宽策略时，配置名称为32个字符，其他参数为任意有效值,查询通道配置【check2】 6、添加IPv6带宽策略时，配置名称为空，其他参数为任意有效值,查询通道配置【check2】 6、添加IPv6带宽策略时，配置名称为已存在的策略名称，其他参数为任意有效值,查询通道配置【check2】 | N111: 【check1】配置成功，使用restful查询带宽策略配置与下发的配置相同。使用etcd查询带宽策略配置，查询的值与配置的值相同 【check2】配置失败，网元无异常。使用etcd查询带宽策略配置与配置前相同 | O111: NGFW_V60R1C00 | P111: J1900,C236,EP | S111: 接口测试 | T111: 是 | W111: P2
F112: 验证添加IPv6带宽策略时上行接口有效值和无效值测试 | G112: Qos.cfg.policy.post.ptc2 | H112: 2210403 | I112: P1 | L112: 网元正常启动 | M112: 1、使用/api/v1/qospolicer6接口添加IPv6带宽策略时，配置上行接口为任意物理接口，其他参数为任意有效值,查询IPv6带宽策略配置【check1】 2、使用/api/v1/qospolicer6接口添加IPv6带宽策略时，配置上行接口为任意聚合口，其他参数为任意有效值,查询IPv6带宽策略配置【check1】 3、使用/api/v1/qospolicer6接口添加IPv6带宽策略时，配置上行接口为上行接口与下行接口相同，其他参数为任意有效值,查询IPv6带宽策略配置【check1】 4、添加IPv6带宽策略时，配置上行接口为管理口，其他参数为任意有效值,查询IPv6带宽策略配置【check2】 5、添加IPv6带宽策略时，配置上行接口为子接口，其他参数为任意有效值,查询IPv6带宽策略配置【check2】 6、添加IPv6带宽策略时，配置上行接口为bvi口，其他参数为任意有效值,查询IPv6带宽策略配置【check2】 7、添加IPv6带宽策略时，配置上行接口为隧道口，其他参数为任意有效值,查询IPv6带宽策略配置【check2】 8、添加IPv6带宽策略时，配置上行接口为聚合口的成员口，其他参数为任意有效值,查询IPv6带宽策略配置【check2】 9、添加IPv6带宽策略时，配置上行接口为任意不存在的接口名称，其他参数为任意有效值,查询IPv6带宽策略配置【check2】 10、添加IPv6带宽策略时，配置上行接口为空，其他参数为任意有效值,查询IPv6带宽策略配置【check2】 | N112: 【check1】配置成功，使用restful查询带宽策略配置与下发的配置相同。使用etcd查询带宽策略配置，查询的值与配置的值相同 【check2】配置失败，网元无异常。使用etcd查询带宽策略配置与配置前相同 | O112: NGFW_V60R1C00 | P112: J1900,C236,EP | S112: 接口测试 | T112: 是 | W112: P2
F113: 验证添加IPv6带宽策略时下行接口有效值和无效值测试 | G113: Qos.cfg.policy.post.ptc3 | H113: 2210404 | I113: P1 | L113: 网元正常启动 | M113: 1、使用/api/v1/qospolicer6接口添加IPv6带宽策略时，配置下行接口为任意物理接口，其他参数为任意有效值,查询IPv6带宽策略配置【check1】 2、使用/api/v1/qospolicer6接口添加IPv6带宽策略时，配置下行接口为任意聚合口，其他参数为任意有效值,查询IPv6带宽策略配置【check1】 3、使用/api/v1/qospolicer6接口添加IPv6带宽策略时，配置下行接口为下行接口与上行接口相同，其他参数为任意有效值,查询IPv6带宽策略配置【check1】 4、添加IPv6带宽策略时，配置下行接口为管理口，其他参数为任意有效值,查询IPv6带宽策略配置【check2】 5、添加IPv6带宽策略时，配置下行接口为子接口，其他参数为任意有效值,查询IPv6带宽策略配置【check2】 6、添加IPv6带宽策略时，配置下行接口为bvi口，其他参数为任意有效值,查询IPv6带宽策略配置【check2】 7、添加IPv6带宽策略时，配置下行接口为隧道口，其他参数为任意有效值,查询IPv6带宽策略配置【check2】 8、添加IPv6带宽策略时，配置下行接口为聚合口的成员口，其他参数为任意有效值,查询IPv6带宽策略配置【check2】 9、添加IPv6带宽策略时，配置下行接口为任意不存在的接口名称，其他参数为任意有效值,查询IPv6带宽策略配置【check2】 10、添加IPv6带宽策略时，配置下行接口为空，其他参数为任意有效值,查询IPv6带宽策略配置【check2】 | N113: 【check1】配置成功，使用restful查询带宽策略配置与下发的配置相同。使用etcd查询带宽策略配置，查询的值与配置的值相同 【check2】配置失败，网元无异常。使用etcd查询带宽策略配置与配置前相同 | O113: NGFW_V60R1C00 | P113: J1900,C236,EP | S113: 接口测试 | T113: 是 | W113: P2
F114: 验证添加IPv6带宽策略时源地址有效值和无效值测试 | G114: Qos.cfg.policy.post.ptc4 | H114: 2210405 | I114: P1 | L114: 网元正常启动 | M114: 1、使用/api/v1/qospolicer6接口添加IPv6带宽策略时，配置源地址为any，其他参数为任意有效值,查询IPv6带宽策略配置【check1】 2、使用/api/v1/qospolicer6接口添加IPv6带宽策略时，配置源地址为已存在地址对象名称，其他参数为任意有效值,查询IPv6带宽策略配置【check1】 3、使用/api/v1/qospolicer6接口添加IPv6带宽策略时，配置源地址为多个地址对象共存，其他参数为任意有效值,查询IPv6带宽策略配置【check1】 4、添加IPv6带宽策略时，配置源地址为空，其他参数为任意有效值,查询IPv6带宽策略配置【check2】 5、添加IPv6带宽策略时，配置源地址为不存在的地址对象名称，其他参数为任意有效值,查询IPv6带宽策略配置【check2】 6、添加IPv6带宽策略时，配置源地址为any和单个对象同时存在，其他参数为任意有效值,查询IPv6带宽策略配置【check2】 7、添加IPv6带宽策略时，配置源地址为64字节字符串，其他参数为任意有效值,查询IPv6带宽策略配置【check2】 | N114: 【check1】配置成功，使用restful查询带宽策略配置与下发的配置相同。使用etcd查询带宽策略配置，查询的值与配置的值相同 【check2】配置失败，网元无异常。使用etcd查询带宽策略配置与配置前相同 | O114: NGFW_V60R1C00 | P114: J1900,C236,EP | S114: 接口测试 | T114: 是 | W114: P2
F115: 验证添加IPv6带宽策略时源地址组有效值和无效值测试 | G115: Qos.cfg.policy.post.ptc5 | H115: 2210406 | I115: P1 | L115: 网元正常启动 | M115: 1、使用/api/v1/qospolicer6接口添加IPv6带宽策略时，配置源地址组为any，其他参数为任意有效值,查询IPv6带宽策略配置【check1】 2、使用/api/v1/qospolicer6接口添加IPv6带宽策略时，配置源地址组为已存在的地址组对象名称，其他参数为任意有效值,查询IPv6带宽策略配置【check1】 3、使用/api/v1/qospolicer6接口添加IPv6带宽策略时，配置源地址组为多个地址组对象共存，其他参数为任意有效值,查询IPv6带宽策略配置【check1】 4、添加IPv6带宽策略时，配置源地址组为空，其他参数为任意有效值,查询IPv6带宽策略配置【check2】 5、添加IPv6带宽策略时，配置源地址组为不存在的地址组对象名称，其他参数为任意有效值,查询IPv6带宽策略配置【check2】 6、添加IPv6带宽策略时，配置源地址组为any和单个对象同时存在，其他参数为任意有效值,查询IPv6带宽策略配置【check2】 7、添加IPv6带宽策略时，配置源地址组为64字节字符串，其他参数为任意有效值,查询IPv6带宽策略配置【check2】 | N115: 【check1】配置成功，使用restful查询带宽策略配置与下发的配置相同。使用etcd查询带宽策略配置，查询的值与配置的值相同 【check2】配置失败，网元无异常。使用etcd查询带宽策略配置与配置前相同 | O115: NGFW_V60R1C00 | P115: J1900,C236,EP | S115: 接口测试 | T115: 是 | W115: P2
F116: 验证添加IPv6带宽策略时目的地址有效值和无效值测试 | G116: Qos.cfg.policy.post.ptc6 | H116: 2210407 | I116: P1 | L116: 网元正常启动 | M116: 1、使用/api/v1/qospolicer6接口添加IPv6带宽策略时，配置目的地址为any，其他参数为任意有效值,查询IPv6带宽策略配置【check1】 2、使用/api/v1/qospolicer6接口添加IPv6带宽策略时，配置目的地址为已存在地址对象名称，其他参数为任意有效值,查询IPv6带宽策略配置【check1】 3、使用/api/v1/qospolicer6接口添加IPv6带宽策略时，配置目的地址为多个地址对象共存，其他参数为任意有效值,查询IPv6带宽策略配置【check1】 4、添加IPv6带宽策略时，配置目的地址为空，其他参数为任意有效值,查询IPv6带宽策略配置【check2】 5、添加IPv6带宽策略时，配置目的地址为不存在的地址对象名称，其他参数为任意有效值,查询IPv6带宽策略配置【check2】 6、添加IPv6带宽策略时，配置目的地址为any和单个对象同时存在，其他参数为任意有效值,查询IPv6带宽策略配置【check2】 7、添加IPv6带宽策略时，配置目的地址为64字节字符串，其他参数为任意有效值,查询IPv6带宽策略配置【check2】 | N116: 【check1】配置成功，使用restful查询带宽策略配置与下发的配置相同。使用etcd查询带宽策略配置，查询的值与配置的值相同 【check2】配置失败，网元无异常。使用etcd查询带宽策略配置与配置前相同 | O116: NGFW_V60R1C00 | P116: J1900,C236,EP | S116: 接口测试 | T116: 是 | W116: P2
F117: 验证添加IPv6带宽策略时目的地址组有效值和无效值测试 | G117: Qos.cfg.policy.post.ptc7 | H117: 2210408 | I117: P1 | L117: 网元正常启动 | M117: 1、使用/api/v1/qospolicer6接口添加IPv6带宽策略时，配置目的地址组为any，其他参数为任意有效值,查询IPv6带宽策略配置【check1】 2、使用/api/v1/qospolicer6接口添加IPv6带宽策略时，配置目的地址组为已存在的地址组对象名称，其他参数为任意有效值,查询IPv6带宽策略配置【check1】 3、使用/api/v1/qospolicer6接口添加IPv6带宽策略时，配置目的地址组为多个地址组对象共存，其他参数为任意有效值,查询IPv6带宽策略配置【check1】 4、添加IPv6带宽策略时，配置目的地址组为空，其他参数为任意有效值,查询IPv6带宽策略配置【check2】 5、添加IPv6带宽策略时，配置目的地址组为不存在的地址组对象名称，其他参数为任意有效值,查询IPv6带宽策略配置【check2】 6、添加IPv6带宽策略时，配置目的地址组为any和单个对象同时存在，其他参数为任意有效值,查询IPv6带宽策略配置【check2】 7、添加IPv6带宽策略时，配置目的地址组为64字节字符串，其他参数为任意有效值,查询IPv6带宽策略配置【check2】 | N117: 【check1】配置成功，使用restful查询带宽策略配置与下发的配置相同。使用etcd查询带宽策略配置，查询的值与配置的值相同 【check2】配置失败，网元无异常。使用etcd查询带宽策略配置与配置前相同 | O117: NGFW_V60R1C00 | P117: J1900,C236,EP | S117: 接口测试 | T117: 是 | W117: P2
F118: 验证添加IPv6带宽策略时服务有效值和无效值测试 | G118: Qos.cfg.policy.post.ptc8 | H118: 2210409 | I118: P1 | L118: 网元正常启动 | M118: 1、使用/api/v1/qospolicer6接口添加IPv6带宽策略时，配置服务为any，其他参数为任意有效值,查询IPv6带宽策略配置【check1】 2、使用/api/v1/qospolicer6接口添加IPv6带宽策略时，配置服务为已存在地址对象名称，其他参数为任意有效值,查询IPv6带宽策略配置【check1】 3、使用/api/v1/qospolicer6接口添加IPv6带宽策略时，配置服务为多个服务对象共存，其他参数为任意有效值,查询IPv6带宽策略配置【check1】 4、添加IPv6带宽策略时，配置服务为空，其他参数为任意有效值,查询IPv6带宽策略配置【check2】 5、添加IPv6带宽策略时，配置服务为不存在的服务对象名称，其他参数为任意有效值,查询IPv6带宽策略配置【check2】 6、添加IPv6带宽策略时，配置服务为any和单个对象同时存在，其他参数为任意有效值,查询IPv6带宽策略配置【check2】 7、添加IPv6带宽策略时，配置服务为64字节字符串，其他参数为任意有效值,查询IPv6带宽策略配置【check2】 | N118: 【check1】配置成功，使用restful查询带宽策略配置与下发的配置相同。使用etcd查询带宽策略配置，查询的值与配置的值相同 【check2】配置失败，网元无异常。使用etcd查询带宽策略配置与配置前相同 | O118: NGFW_V60R1C00 | P118: J1900,C236,EP | S118: 接口测试 | T118: 是 | W118: P2
F119: 验证添加IPv6带宽策略时服务组有效值和无效值测试 | G119: Qos.cfg.policy.post.ptc9 | H119: 2210410 | I119: P1 | L119: 网元正常启动 | M119: 1、使用/api/v1/qospolicer6接口添加IPv6带宽策略时，配置服务组为any，其他参数为任意有效值,查询IPv6带宽策略配置【check1】 2、使用/api/v1/qospolicer6接口添加IPv6带宽策略时，配置服务组为已存在的地址组对象名称，其他参数为任意有效值,查询IPv6带宽策略配置【check1】 3、使用/api/v1/qospolicer6接口添加IPv6带宽策略时，配置服务组为多个服务组对象共存，其他参数为任意有效值,查询IPv6带宽策略配置【check1】 4、添加IPv6带宽策略时，配置服务组为空，其他参数为任意有效值,查询IPv6带宽策略配置【check2】 5、添加IPv6带宽策略时，配置服务组为不存在的服务组对象名称，其他参数为任意有效值,查询IPv6带宽策略配置【check2】 6、添加IPv6带宽策略时，配置服务组为any和单个对象同时存在，其他参数为任意有效值,查询IPv6带宽策略配置【check2】 7、添加IPv6带宽策略时，配置服务组为64字节字符串，其他参数为任意有效值,查询IPv6带宽策略配置【check2】 | N119: 【check1】配置成功，使用restful查询带宽策略配置与下发的配置相同。使用etcd查询带宽策略配置，查询的值与配置的值相同 【check2】配置失败，网元无异常。使用etcd查询带宽策略配置与配置前相同 | O119: NGFW_V60R1C00 | P119: J1900,C236,EP | S119: 接口测试 | T119: 是 | W119: P2
F120: 验证添加IPv6带宽策略时时间有效值和无效值测试 | G120: Qos.cfg.policy.post.ptc10 | H120: 2210411 | I120: P1 | L120: 网元正常启动 | M120: 1、使用/api/v1/qospolicer6接口添加IPv6带宽策略时，配置时间为空，其他参数为任意有效值,查询IPv6带宽策略配置【check1】 2、使用/api/v1/qospolicer6接口添加IPv6带宽策略时，配置时间为已存在的时间对象，其他参数为任意有效值,查询IPv6带宽策略配置【check1】 3、添加IPv6带宽策略时，配置时间为不存在的时间对象名称，其他参数为任意有效值,查询IPv6带宽策略配置【check2】 4、添加IPv6带宽策略时，配置时间为64字节字符串，其他参数为任意有效值,查询IPv6带宽策略配置【check2】 | N120: 【check1】配置成功，使用restful查询带宽策略配置与下发的配置相同。使用etcd查询带宽策略配置，查询的值与配置的值相同 【check2】配置失败，网元无异常。使用etcd查询带宽策略配置与配置前相同 | O120: NGFW_V60R1C00 | P120: J1900,C236,EP | S120: 接口测试 | T120: 是 | W120: P2
F121: 验证添加IPv6带宽策略时通道有效值和无效值测试 | G121: Qos.cfg.policy.post.ptc11 | H121: 2210412 | I121: P1 | L121: 网元正常启动 | M121: 1、使用/api/v1/qospolicer6接口添加IPv6带宽策略时，配置通道为已存在的时间对象，其他参数为任意有效值,查询IPv6带宽策略配置【check1】 2、添加IPv6带宽策略时，配置通道为空，其他参数为任意有效值,查询IPv6带宽策略配置【check2】 3、添加IPv6带宽策略时，配置通道为不存在的通道，其他参数为任意有效值,查询IPv6带宽策略配置【check2】 4、添加IPv6带宽策略时，配置通道为64字节字符串，其他参数为任意有效值,查询IPv6带宽策略配置【check2】 | N121: 【check1】配置成功，使用restful查询带宽策略配置与下发的配置相同。使用etcd查询带宽策略配置，查询的值与配置的值相同 【check2】配置失败，网元无异常。使用etcd查询带宽策略配置与配置前相同 | O121: NGFW_V60R1C00 | P121: J1900,C236,EP | S121: 接口测试 | T121: 是 | W121: P2
... F137: 验证IPv6带宽策略批量启用和禁用测试 | G137: Qos.cfg.policy.batch.put.ptc0 | H137: 2210428 | I137: P1 | L137: 1、网元正常启动 | M137: 1、配置大于3条QosIPv6带宽策略 2、使用/api/v1/batch接口启用不存在的QosIPv6带宽策略id。【check1】 3、使用/api/v1/batch接口启用部分存在部分不存在的QOSIPv6带宽策略【check1】 4、使用/api/v1/batch接口启用大于两条存在QoSIPv6带宽策略。【check2】【check3】【check4】 5、使用/api/v1/batch接口禁用不存在的QosIPv6带宽策略id。【check1】 6、使用/api/v1/batch接口禁用部分存在部分不存在的QOSIPv6带宽策略【check1】 7、使用/api/v1/batch接口禁用大于两条存在QoSIPv6带宽策略。【check2】【check3】【check4】 | N137: 【check1】返回修改策略失败，其中有效的ID被修改。查看Qos带宽策略配置中不包含在有效ID中的带宽策略不会被修改 【check2】修改成功，Qos带宽策略配置表中配置与修改后的配置相同。 【check3】使用restful查询Qos带宽策略，对应的带宽策略修改成功 【check4】使用etcd查询Qos带宽策略，带宽策略被修改 | O137: NGFW_V60R1C00 | P137: J1900,C236,EP | S137: 接口测试 | T137: 是 | W137: P2
F138: 验证配置IPv6带宽策略的oplog测试 | G138: Qos.cfg.policy.oplog.ptc0 | H138: 2210430 | I138: P1 | L138: 网元正常启动 | M138: 1、构造创建QosIPv6带宽策略成功后观察Oplog【check1】 2、构造删除QosIPv6带宽策略成功后观察Oplog【check1】 3、构造修改QosIPv6带宽策略成功后观察Oplog【check1】 4、构造创建QosIPv6带宽策略失败后观察Oplog【check2】 5、构造删除QosIPv6带宽策略失败后观察Oplog【check2】 6、构造修改QosIPv6带宽策略失败后观察Oplog【check2】 | N138: 【check1】Oplog记录操作结果为成功,操作对象和参数正确 【check2】Oplog记录操作结果为失败,操作对象和参数正确 | O138: NGFW_V60R1C00 | P138: J1900,C236,EP | S138: 接口测试 | T138: 否
F139: 验证配置IPv6带宽策略时上行保障带宽限制测试 | G139: Qos.cfg.chl.policy.limit.0 | H139: 2210431 | I139: P1 | L139: 1、网元正常启动 | M139: 1、配置多条Qos通道，通道类型包括共享通道和独占通道【check1】 2、添加1条qos策略，引用独占通道，使策略的上行保障带宽大于接口的带宽【check2】 3、添加1条qos策略，引用共享通道，使策略的上行保障带宽大于接口的带宽【check2】 4、配置多条策略，同时引用共享通道和独占通道。【check1】 5、再配置一条策略引用共享通道。该共享通道的上行保障带宽大于接口带宽减改接口所有策略带宽之和。【check1】 6、再配置一条策略引用独占通道。该共享通道的上行保障带宽大于接口带宽减改接口所有策略带宽之和。【check2】 | N139: 【check1】配置成功 【check2】配置失败 | O139: NGFW_V60R1C00 | P139: J1900,C236,EP | S139: 接口测试 | T139: 是 | W139: P2
F140: 验证配置IPv6带宽策略时下行保障带宽限制测试 | G140: Qos.cfg.chl.policy.limit.1 | H140: 2210432 | I140: P1 | L140: 1、网元正常启动 | M140: 1、配置多条Qos通道，通道类型包括共享通道和独占通道【check1】 2、添加1条qos策略，引用独占通道，使策略的下行保障带宽大于接口的带宽【check2】 3、添加1条qos策略，引用共享通道，使策略的下行保障带宽大于接口的带宽【check2】 4、配置多条策略，同时引用共享通道和独占通道。【check1】 5、再配置一条策略引用共享通道。该共享通道的下行保障带宽大于接口带宽减改接口所有策略带宽之和。【check1】 6、再配置一条策略引用独占通道。该共享通道的下行保障带宽大于接口带宽减改接口所有策略带宽之和。【check2】 | N140: 【check1】配置成功 【check2】配置失败 | O140: NGFW_V60R1C00 | P140: J1900,C236,EP | S140: 接口测试 | T140: 是 | W140: P2
F141: 调整IPv6带宽策略优先级时被调整策略ID有效值和无效值测试 | G141: Qos.cfg.chl.policy.pri.put.ptc0 | H141: 2210433 | I141: P1 | L141: 1、网元正常启动 | M141: 1、在网元上配置大于10条IPv6带宽策略 2、使用接口/api/v1/qospolicer6pri调整策略优先级时被调整策略ID为1，其他参数为任意有效值。【check1】 3、使用接口/api/v1/qospolicer6pri调整策略优先级时被调整策略ID为任意存在的ID，其他参数为任意有效值。【check1】 4、使用接口/api/v1/qospolicer6pri调整策略优先级时被调整策略ID为0，其他参数为任意有效值。【check2】 5、使用接口/api/v1/qospolicer6pri调整策略优先级时被调整策略ID为任意不存在的ID，其他参数为任意有效值。【check2】 6、使用接口/api/v1/qospolicer6pri调整策略优先级时被调整策略ID为空，其他参数为任意有效值。【check2】 7、使用接口/api/v1/qospolicer6pri调整策略优先级时被调整策略ID为超长字符串，其他参数为任意有效值。【check2】 | N141: 【check1】操作成功，restful和etcd查询结果与调整预期值相同 【check2】操作失败，restful和etcd查询结果与调整前相同 | O141: NGFW_V60R1C00 | P141: J1900,C236,EP | S141: 接口测试 | T141: 是 | W141: P2
F142: 调整IPv6带宽策略优先级时调整方式有效值和无效值测试 | G142: Qos.cfg.chl.policy.pri.put.ptc1 | H142: 2210434 | I142: P1 | L142: 1、网元正常启动 | M142: 1、在网元上配置大于10条IPv6带宽策略 2、使用接口/api/v1/qospolicer6pri调整策略优先级时调整方式为first-策略最前，其他参数为任意有效值。【check1】 3、使用接口/api/v1/qospolicer6pri调整策略优先级时调整方式为before-策略ID之前，其他参数为任意有效值。【check1】 4、使用接口/api/v1/qospolicer6pri调整策略优先级时调整方式为after-策略ID之后，其他参数为任意有效值。【check1】 5、使用接口/api/v1/qospolicer6pri调整策略优先级时调整方式为last-默认策略之前，其他参数为任意有效值。【check1】 6、使用接口/api/v1/qospolicer6pri调整策略优先级时调整方式为空，其他参数为任意有效值。【check2】 7、使用接口/api/v1/qospolicer6pri调整策略优先级时调整方式为其他任意字符串，其他参数为任意有效值。【check2】 8、使用接口/api/v1/qospolicer6pri调整策略优先级时调整方式为超长字符串，其他参数为任意有效值。【check2】 | N142: 【check1】操作成功，restful和etcd查询结果与调整预期值相同 【check2】操作失败，restful和etcd查询结果与调整前相同 | O142: NGFW_V60R1C00 | P142: J1900,C236,EP | S142: 接口测试 | T142: 是 | W142: P2
F143: 调整IPv6带宽策略优先级时目标策略ID有效值和无效值测试 | G143: Qos.cfg.chl.policy.pri.put.ptc2 | H143: 2210435 | I143: P1 | L143: 1、网元正常启动 | M143: 1、在网元上配置大于10条IPv6带宽策略 2、使用接口/api/v1/qospolicer6pri调整策略优先级时目标策略ID为1，其他参数为任意有效值。【check1】 3、使用接口/api/v1/qospolicer6pri调整策略优先级时目标策略ID为任意不存在的ID，其他参数为任意有效值。【check1】 4、使用接口/api/v1/qospolicer6pri调整策略优先级时目标策略ID为调整方式为first时目标ID为空，其他参数为任意有效值。【check1】 5、使用接口/api/v1/qospolicer6pri调整策略优先级时目标策略ID为调整方式为last时目标ID为空，其他参数为任意有效值。【check1】 6、使用接口/api/v1/qospolicer6pri调整策略优先级时目标策略ID为0，其他参数为任意有效值。【check2】 7、使用接口/api/v1/qospolicer6pri调整策略优先级时目标策略ID为任意存在的ID，其他参数为任意有效值。【check2】 8、使用接口/api/v1/qospolicer6pri调整策略优先级时目标策略ID为与被调整ID相同，其他参数为任意有效值。【check2】 9、使用接口/api/v1/qospolicer6pri调整策略优先级时目标策略ID为调整方式为before时目标ID为空，其他参数为任意有效值。【check2】 10、使用接口/api/v1/qospolicer6pri调整策略优先级时目标策略ID为调整方式为after时目标ID为空，其他参数为任意有效值。【check2】 11、使用接口/api/v1/qospolicer6pri调整策略优先级时目标策略ID为超长字符串，其他参数为任意有效值。【check2】 12、使用接口/api/v1/qospolicer6pri调整策略优先级时目标策略ID为调整方式为first时存在目标策略ID，其他参数为任意有效值。【check2】 13、使用接口/api/v1/qospolicer6pri调整策略优先级时目标策略ID为调整方式为last时存在目标策略ID，其他参数为任意有效值。【check2】 | N143: 【check1】操作成功，restful和etcd查询结果与调整预期值相同 【check2】操作失败，restful和etcd查询结果与调整前相同 | O143: NGFW_V60R1C00 | P143: J1900,C236,EP | S143: 接口测试 | T143: 是 | W143: P2
F144: IPv6带宽策略优先级调整Oplog测试 | G144: Qos.cfg.chl.policy.pri.oplog.ptc0 | H144: 2210436 | I144: P1 | L144: 网元正常启动 | M144: 1、构造修改Qos策略优先级调整成功后观察Oplog【check1】 2、构造修改Qos策略优先级调整失败后观察Oplog【check2】 3、构造添加Qos策略优先级调整失败后观察Oplog【check2】 4、构造删除Qos策略优先级调整失败后观察Oplog【check2】 | N144: 【check1】Oplog记录操作结果为成功,操作对象和参数正确 【check2】Oplog记录操作结果为失败,操作对象和参数正确 | O144: NGFW_V60R1C00 | P144: J1900,C236,EP | S144: 接口测试 | T144: 是 | W144: P2
F145: 配置IPv6带宽策略后验证地址对象配置限制 | G145: Qos.cfg.chl.policy.pri.object.0 | H145: 2210437 | I145: P1 | L145: 网元正常启动 | M145: 1、配置IPv6带宽策略引用地址对象 2、修改该地址对象，查看对象和IPv6带宽策略【check1】 3、查询该地址对象，查看对象和IPv6带宽策略【check1】 4、删除该地址对象，查看对象和IPv6带宽策略【check2】 5、配置IPv6带宽策略取消引用该地址对象后，删除该对象。【check3】 | N145: 【check1】操作成功，对象的引用计数不变。Rest和etcd查询对象和带宽策略配置正确 【check2】操作失败，对象的引用计数不变。Rest和etcd查询对象和带宽策略配置正确 【check3】配置成功 | O145: NGFW_V60R1C00 | P145: J1900,C236,EP | S145: 接口测试 | T145: 是 | W145: P2
F146: 配置IPv6带宽策略后验证地址组对象配置限制 | G146: Qos.cfg.chl.policy.pri.object.1 | H146: 2210438 | I146: P1 | L146: 网元正常启动 | M146: 1、配置IPv6带宽策略引用地址组对象 2、修改该地址组对象，查看对象和IPv6带宽策略【check1】 3、查询该地址组对象，查看对象和IPv6带宽策略【check1】 4、删除该地址组对象，查看对象和IPv6带宽策略【check2】 5、配置IPv6带宽策略取消引用该地址组对象后，删除该对象。【check3】 | N146: 【check1】操作成功，对象的引用计数不变。Rest和etcd查询对象和带宽策略配置正确 【check2】操作失败，对象的引用计数不变。Rest和etcd查询对象和带宽策略配置正确 【check3】配置成功 | O146: NGFW_V60R1C00 | P146: J1900,C236,EP | S146: 接口测试 | T146: 是 | W146: P2
F147: 配置IPv6带宽策略后验证服务对象配置限制 | G147: Qos.cfg.chl.policy.pri.object.2 | H147: 2210439 | I147: P1 | L147: 网元正常启动 | M147: 1、配置IPv6带宽策略引用服务对象 2、修改该服务对象，查看对象和IPv6带宽策略【check1】 3、查询该服务对象，查看对象和IPv6带宽策略【check1】 4、删除该服务对象，查看对象和IPv6带宽策略【check2】 5、配置IPv6带宽策略取消引用该服务对象后，删除该对象。【check3】 | N147: 【check1】操作成功，对象的引用计数不变。Rest和etcd查询对象和带宽策略配置正确 【check2】操作失败，对象的引用计数不变。Rest和etcd查询对象和带宽策略配置正确 【check3】配置成功 | O147: NGFW_V60R1C00 | P147: J1900,C236,EP | S147: 接口测试 | T147: 是 | W147: P2
F148: 配置IPv6带宽策略后验证服务组对象配置限制 | G148: Qos.cfg.chl.policy.pri.object.3 | H148: 2210440 | I148: P1 | L148: 网元正常启动 | M148: 1、配置IPv6带宽策略引用服务组对象 2、修改该服务组对象，查看对象和IPv6带宽策略【check1】 3、查询该服务组对象，查看对象和IPv6带宽策略【check1】 4、删除该服务组对象，查看对象和IPv6带宽策略【check2】 5、配置IPv6带宽策略取消引用该服务组对象后，删除该对象。【check3】 | N148: 【check1】操作成功，对象的引用计数不变。Rest和etcd查询对象和带宽策略配置正确 【check2】操作失败，对象的引用计数不变。Rest和etcd查询对象和带宽策略配置正确 【check3】配置成功 | O148: NGFW_V60R1C00 | P148: J1900,C236,EP | S148: 接口测试 | T148: 是 | W148: P2
F149: 配置IPv6带宽策略后验证时间对象配置限制 | G149: Qos.cfg.chl.policy.pri.object.4 | H149: 2210441 | I149: P1 | L149: 网元正常启动 | M149: 1、配置IPv6带宽策略引用时间对象 2、修改该时间对象，查看对象和IPv6带宽策略【check1】 3、查询该时间对象，查看对象和IPv6带宽策略【check1】 4、删除该时间对象，查看对象和IPv6带宽策略【check2】 5、配置IPv6带宽策略取消引用该时间对象后，删除该对象。【check3】 | N149: 【check1】操作成功，对象的引用计数不变。Rest和etcd查询对象和带宽策略配置正确 【check2】操作失败，对象的引用计数不变。Rest和etcd查询对象和带宽策略配置正确 【check3】配置成功 | O149: NGFW_V60R1C00 | P149: J1900,C236,EP | S149: 接口测试 | T149: 是 | W149: P2
F150: IPv6带宽策略优先级调整接口限制测试 | G150: Qos.cfg.chl.policy.pri.limit.ptc0 | H150: 2210442 | I150: P1 | L150: 1、网元正常启动 | M150: 1、使用put方法配置IPv6带宽策略优先级调整/api/v1/qospolicer6pri接口，参数为任意有效值。【check1】 2、使用post方法配置IPv6带宽策略优先级调整/api/v1/qospolicer6pri接口，参数为任意有效值。【check2】 3、使用delete方法配置IPv6带宽策略优先级调整/api/v1/qospolicer6pri接口，参数为任意有效值。【check2】 | N150: 【check1】配置成功 【check2】配置失败 | O150: NGFW_V60R1C00 | P150: J1900,C236,EP | S150: 接口测试 | T150: 是 | W150: P2
D151: 流量策略
E152: 策略匹配
F153: 验证IPv4带宽策略入接口和出接口不同时策略匹配功能 | G153: Qos.ipv4.match.1p1c.intf.different.ptc0 | H153: 2211101 | I153: P2 | L153: 1、网元正常启动 | M153: 1、在网元上选取任意两个以上的接口（记为port1，port2，port3）配置二层转发或者路由转发 2、在port1和port2上配置IPv4带宽策略，仅匹配接口其他参数均为any，引用Qos通道的上下行限制最大带宽。 3、在Port1和Port2之间双向发送五元组变化的流量，流量大于通道的最大带宽，观察流量。【check1】 4、在Port3与Port1之间双向发送大于通道最大带宽的流量。【check2】 5、在Port3与Port2之间双向发送大于通道最大带宽的流量。【check2】 | N153: 【check1】上行流量按照通道上行最大带宽通过，下行流量按照下行流量的最大带宽通过。 【check2】流量不受影响带宽通道的最大带宽限制。 | O153: NGFW_V60R1C00 | P153: J1900,C236,EP | S153: 功能测试 | T153: 是 | W153: 是
F154: 验证IPv4带宽策略入接口和出接口相同时策略匹配功能 | G154: Qos.ipv4.match.1p1c.intf.same.ptc0 | H154: 2211102 | I154: P2 | L154: 1、网元正常启动 | M154: 1、在网元上选取任意两个接口（记为port1，port2）配置路由转发，其中Port1上配置单臂路由转发 2、在port1配置IPv4带宽策略（出入接口均为port1），仅匹配接口其他参数均为any，引用Qos通道的上下行限制最大带宽。 3、在Port1上内双向发送流量形成单臂转发，流量大于通道的最大带宽，观察流量。【check1】 4、在Port1与Port2之间双向发送大于通道最大带宽的流量。【check2】 | N154: 【check1】上行流量按照通道上行最大带宽通过，下行流量按照下行流量的最大带宽通过。 【check2】流量不受影响带宽通道的最大带宽限制。 | O154: NGFW_V60R1C00 | P154: J1900,C236,EP | S154: 功能测试 | T154: 是 | W154: P3
F155: 验证IPv4带宽策略出入安全域不同时策略匹配功能 | G155: Qos.ipv4.match.1p1c.domain.different.ptc0 | H155: 2211103 | I155: P2 | L155: 1、网元正常启动 | M155: 1、在网元上选取任意1个或多个接口创建两个安全域（记为Domain1、Domain2和Domain3，三个域之间不包含相同的接口）并在安全域内的接口上配置二层转发或者路由转发。选取另外的接口配置安全域 2、在Domain1和Domain2上配置IPv4带宽策略，仅匹配接口其他参数均为any，引用Qos通道的上下行限制最大带宽。 3、在Domain1和Domain2之间双向发送五元组变化的流量，流量大于通道的最大带宽，观察流量。【check1】 4、在Domain3与Domain1之间双向发送大于通道最大带宽的流量。【check2】 5、在Domain3与Domain2之间双向发送大于通道最大带宽的流量。【check2】 | N155: 【check1】上行流量按照通道上行最大带宽通过，下行流量按照下行流量的最大带宽通过。 【check2】流量不受影响带宽通道的最大带宽限制。 | O155: NGFW_V60R1C00 | P155: J1900,C236,EP | S155: 功能测试 | T155: 是 | W155: P3
F156: 验证IPv4带宽策略出入安全域相同时策略匹配功能 | G156: Qos.ipv4.match.1p1c.domain.same.ptc0 | H156: 2211104 | I156: P2 | L156: 1、网元正常启动 | M156: 1、在网元上选取任意接口创建两个安全域（记为Domain1，Domain2）配置路由转发或者二层转发，其中Domain1上存在域内转发（不同接口间的路由转发） 2、在Domain1配置IPv4带宽策略（出入接口均为Domain1），仅匹配接口其他参数均为any，引用Qos通道的上下行限制最大带宽。 3、在Domain1的域内双向发送流量，流量大于通道的最大带宽，观察流量。【check1】 4、在Domain1与Domain2之间双向发送大于通道最大带宽的流量。【check2】 | N156: 【check1】上行流量按照通道上行最大带宽通过，下行流量按照下行流量的最大带宽通过。 【check2】流量不受影响带宽通道的最大带宽限制。 | O156: NGFW_V60R1C00 | P156: J1900,C236,EP | S156: 功能测试 | T156: 是 | W156: P3
F157: 验证IPv4带宽策略出入端分别为安全域和接口时策略匹配功能 | G157: Qos.ipv4.match.1p1c.intf.domain.norelative.ptc0 | H157: 2211105 | I157: P2 | L157: 1、网元正常启动 | M157: 1、在网元上选取任意接口配置安全域（记为Domain1）其他任意两个接口记为Port2，Port3），并在域和接口之间配置二层转发或者路由转发 2、在Domain1（入）和Port2（出）上配置IPv4带宽策略，仅匹配接口其他参数均为any，引用Qos通道的上下行限制最大带宽。 3、在Domain1和Port2之间双向发送五元组变化的流量，流量大于通道的最大带宽，观察流量。【check1】 4、在Port3与Domain1之间双向发送大于通道最大带宽的流量。【check2】 5、在Port3与Port2之间双向发送大于通道最大带宽的流量。【check2】 | N157: 【check1】上行流量按照通道上行最大带宽通过，下行流量按照下行流量的最大带宽通过。 【check2】流量不受影响带宽通道的最大带宽限制。 | O157: NGFW_V60R1C00 | P157: J1900,C236,EP | S157: 功能测试 | T157: 是 | W157: P3
F158: 验证IPv4带宽策略出入端分别为安全域和安全域包含的接口时策略匹配功能 | G158: Qos.ipv4.match.1p1c.intf.domain.contain.ptc0 | H158: 2211106 | I158: P2 | L158: 1、网元正常启动 | M158: 1、在网元上选取任意接口配置安全域（记为Domain1），在域内选取任意接口Port2，域外选取任意接口Port3），并在域和接口之间配置二层转发或者路由转发 2、在Domain1（出）和Port2（入）上配置IPv4带宽策略，仅匹配接口其他参数均为any，引用Qos通道的上下行限制最大带宽。 3、在Domain1和Port2之间双向发送五元组变化的流量，流量大于通道的最大带宽，观察流量。【check1】 4、在Port3与Domain1之间双向发送大于通道最大带宽的流量。【check2】 5、在Port3与Port2之间双向发送大于通道最大带宽的流量。【check2】 | N158: 【check1】上行流量按照通道上行最大带宽通过，下行流量按照下行流量的最大带宽通过。 【check2】流量不受影响带宽通道的最大带宽限制。 | O158: NGFW_V60R1C00 | P158: J1900,C236,EP | S158: 功能测试 | T158: 是 | W158: P3
F159: 验证IPv4带宽策略单策略匹配源地址功能 | G159: Qos.ipv4.match.1p1c.optional.0 | H159: 2211107 | I159: P2 | L159: 1、网元正常启动 | M159: 1、在网元上选取任意两个接口配置二层转发或者路由转发 2、在这两个接口上配置IPv4带宽策略，带宽策略匹配源地址，其他匹配内容全部为any，引用Qos通道的上下行限制最大带宽。 3、在上行发送匹配源地址的流量，流量大于带宽通道上行最大带宽，观察流量。【check1】 4、在下行方向匹配会话的流量（五元组与上行流量相同，源目的和端口互换）的流量，流量大于带宽通道下行方法的最大带宽，观察流量。【check2】 5、在上行发送仅源地址不同其他字段均相同的流量，下行同时发送匹配该会话的流量，双向流量大小大于通道最大带宽，观察流量。【check3】 | N159: 【check1】上行方向匹配流量的按带宽通道上行最大带宽的流量通过。 【check2】下行方向匹配流量的按带宽通道下行最大带宽的流量通过。 【check3】流量不受影响带宽通道的最大带宽限制。 | O159: NGFW_V60R1C00 | P159: J1900,C236,EP | S159: 功能测试 | T159: 是 | W159: 是
F160: 验证IPv4带宽策略单策略匹配源地址组功能 | G160: Qos.ipv4.match.1p1c.optional.1 | H160: 2211108 | I160: P2 | L160: 1、网元正常启动 | M160: 1、在网元上选取任意两个接口配置二层转发或者路由转发 2、在这两个接口上配置IPv4带宽策略，带宽策略匹配源地址组，其他匹配内容全部为any，引用Qos通道的上下行限制最大带宽。 3、在上行发送匹配源地址组的流量，流量大于带宽通道上行最大带宽，观察流量。【check1】 4、在下行方向匹配会话的流量（五元组与上行流量相同，源目的和端口互换）的流量，流量大于带宽通道下行方法的最大带宽，观察流量。【check2】 5、在上行发送仅源地址组不同其他字段均相同的流量，下行同时发送匹配该会话的流量，双向流量大小大于通道最大带宽，观察流量。【check3】 | N160: 【check1】上行方向匹配流量的按带宽通道上行最大带宽的流量通过。 【check2】下行方向匹配流量的按带宽通道下行最大带宽的流量通过。 【check3】流量不受影响带宽通道的最大带宽限制。 | O160: NGFW_V60R1C00 | P160: J1900,C236,EP | S160: 功能测试 | T160: 是 | W160: 是
F161: 验证IPv4带宽策略单策略匹配目的地址功能 | G161: Qos.ipv4.match.1p1c.optional.2 | H161: 2211109 | I161: P2 | L161: 1、网元正常启动 | M161: 1、在网元上选取任意两个接口配置二层转发或者路由转发 2、在这两个接口上配置IPv4带宽策略，带宽策略匹配目的地址，其他匹配内容全部为any，引用Qos通道的上下行限制最大带宽。 3、在上行发送匹配目的地址的流量，流量大于带宽通道上行最大带宽，观察流量。【check1】 4、在下行方向匹配会话的流量（五元组与上行流量相同，源目的和端口互换）的流量，流量大于带宽通道下行方法的最大带宽，观察流量。【check2】 5、在上行发送仅目的地址不同其他字段均相同的流量，下行同时发送匹配该会话的流量，双向流量大小大于通道最大带宽，观察流量。【check3】 | N161: 【check1】上行方向匹配流量的按带宽通道上行最大带宽的流量通过。 【check2】下行方向匹配流量的按带宽通道下行最大带宽的流量通过。 【check3】流量不受影响带宽通道的最大带宽限制。 | O161: NGFW_V60R1C00 | P161: J1900,C236,EP | S161: 功能测试 | T161: 是 | W161: 是
F162: 验证IPv4带宽策略单策略匹配目的地址组功能 | G162: Qos.ipv4.match.1p1c.optional.3 | H162: 2211110 | I162: P2 | L162: 1、网元正常启动 | M162: 1、在网元上选取任意两个接口配置二层转发或者路由转发 2、在这两个接口上配置IPv4带宽策略，带宽策略匹配目的地址组，其他匹配内容全部为any，引用Qos通道的上下行限制最大带宽。 3、在上行发送匹配目的地址组的流量，流量大于带宽通道上行最大带宽，观察流量。【check1】 4、在下行方向匹配会话的流量（五元组与上行流量相同，源目的和端口互换）的流量，流量大于带宽通道下行方法的最大带宽，观察流量。【check2】 5、在上行发送仅目的地址组不同其他字段均相同的流量，下行同时发送匹配该会话的流量，双向流量大小大于通道最大带宽，观察流量。【check3】 | N162: 【check1】上行方向匹配流量的按带宽通道上行最大带宽的流量通过。 【check2】下行方向匹配流量的按带宽通道下行最大带宽的流量通过。 【check3】流量不受影响带宽通道的最大带宽限制。 | O162: NGFW_V60R1C00 | P162: J1900,C236,EP | S162: 功能测试 | T162: 是 | W162: 是
F163: 验证IPv4带宽策略单策略匹配服务功能 | G163: Qos.ipv4.match.1p1c.optional.4 | H163: 2211111 | I163: P2 | L163: 1、网元正常启动 | M163: 1、在网元上选取任意两个接口配置二层转发或者路由转发 2、在这两个接口上配置IPv4带宽策略，带宽策略匹配服务，其他匹配内容全部为any，引用Qos通道的上下行限制最大带宽。 3、在上行发送匹配服务的流量，流量大于带宽通道上行最大带宽，观察流量。【check1】 4、在下行方向匹配会话的流量（五元组与上行流量相同，源目的和端口互换）的流量，流量大于带宽通道下行方法的最大带宽，观察流量。【check2】 5、在上行发送仅服务不同其他字段均相同的流量，下行同时发送匹配该会话的流量，双向流量大小大于通道最大带宽，观察流量。【check3】 | N163: 【check1】上行方向匹配流量的按带宽通道上行最大带宽的流量通过。 【check2】下行方向匹配流量的按带宽通道下行最大带宽的流量通过。 【check3】流量不受影响带宽通道的最大带宽限制。 | O163: NGFW_V60R1C00 | P163: J1900,C236,EP | S163: 功能测试 | T163: 是 | W163: 是
F164: 验证IPv4带宽策略单策略匹配服务组功能 | G164: Qos.ipv4.match.1p1c.optional.5 | H164: 2211112 | I164: P2 | L164: 1、网元正常启动 | M164: 1、在网元上选取任意两个接口配置二层转发或者路由转发 2、在这两个接口上配置IPv4带宽策略，带宽策略匹配服务组，其他匹配内容全部为any，引用Qos通道的上下行限制最大带宽。 3、在上行发送匹配服务组的流量，流量大于带宽通道上行最大带宽，观察流量。【check1】 4、在下行方向匹配会话的流量（五元组与上行流量相同，源目的和端口互换）的流量，流量大于带宽通道下行方法的最大带宽，观察流量。【check2】 5、在上行发送仅服务组不同其他字段均相同的流量，下行同时发送匹配该会话的流量，双向流量大小大于通道最大带宽，观察流量。【check3】 | N164: 【check1】上行方向匹配流量的按带宽通道上行最大带宽的流量通过。 【check2】下行方向匹配流量的按带宽通道下行最大带宽的流量通过。 【check3】流量不受影响带宽通道的最大带宽限制。 | O164: NGFW_V60R1C00 | P164: J1900,C236,EP | S164: 功能测试 | T164: 是 | W164: 是
... F207: 验证多条带宽策略同时匹配多个条件存在交叉关系时的匹配功能 | G207: Qos.match.npnc.cross.ptc0 | H207: 2211155 | I207: P3 | L207: 1、网元正常启动 2、在网元上选取任意两个接口（记为port1，port2）配置二层转发或者路由转发 | M207: 1、在设备上配置两个源地址或者原地组对象C1和C2存在交叉关系，两个目的地址或者目的地址组对象C3和C4存在交叉关系，两个服务或者服务组对象其中C5和C6存在交叉关系。再配置两个带宽通道，上下行最大带宽不相同。 2、在Port1（入接口）和Port2（出接口）上配置两条带宽策略，其中策略P1匹配C1C3C5，另外一跳策略P2匹配C2C4C6，其中匹配P2的优先级高于P1，其他参数均为any，分别引用两个不同的带宽通道。 3、在Port1和Port2之间双向发送匹配P1但不匹配P2的流量，流量带宽大于两个通道的最大带宽，观察流量。【check1】 4、在Port1和Port2之间双向发送匹配P2不匹配P1的流量，流量带宽大于两个通道的最大带宽，观察流量。【check2】 5、在Port1和Port2之间双向发送同时匹配P1和P2的流量，流量带宽大于两个通道的最大带宽，观察流量。【check2】 6、不停止流量调整P1的优先级高于P2，观察流量。【check1】 | N207: 【check1】上下行流量按照P1引用的带宽通道的限速通过 【check2】上下行流量按照P2引用的带宽通道的限速通过 | O207: NGFW_V60R1C00 | P207: J1900,C236,EP | S207: 功能测试 | T207: 是 | W207: P1
F208: 验证IPv4带宽策略单策略匹配非标准服务功能 | G208: Qos.ipv4.match.non.std.srv.1 | H208: 2211156 | I208: P2 | L208: 1、网元正常启动 | M208: 1、在网元上选取任意两个接口配置二层转发或者路由转发 2、在这两个接口上配置带宽策略，带宽策略匹配非标准服务（非TCP和UDP），其他匹配内容全部为any，引用Qos通道的上下行限制最大带宽。 3、在上行发送匹配服务的流量，流量大于带宽通道上行最大带宽，观察流量。【check1】 4、在下行方向匹配会话的流量（五元组与上行流量相同，源目的和端口互换）的流量，流量大于带宽通道下行方法的最大带宽，观察流量。【check2】 5、在上行发送仅服务不同其他字段均相同的流量，下行同时发送匹配该会话的流量，双向流量大小大于通道最大带宽，观察流量。【check3】 | N208: 【check1】上行方向匹配流量的按带宽通道上行最大带宽的流量通过。 【check2】下行方向匹配流量的按带宽通道下行最大带宽的流量通过。 【check3】流量不受影响带宽通道的最大带宽限制。 | O208: NGFW_V60R1C00 | P208: J1900,C236,EP | S208: 功能测试 | T208: 是
F209: 验证IPv6带宽策略单策略匹配非标准服务功能 | G209: Qos.ipv4.match.non.std.srv.2 | H209: 2211157 | I209: P2 | L209: 1、网元正常启动 | M209: 1、在网元上选取任意两个接口配置二层转发或者路由转发 2、在这两个接口上配置带宽策略，带宽策略匹配非标准服务（非TCP和UDP），其他匹配内容全部为any，引用Qos通道的上下行限制最大带宽。 3、在上行发送匹配服务的流量，流量大于带宽通道上行最大带宽，观察流量。【check1】 4、在下行方向匹配会话的流量（五元组与上行流量相同，源目的和端口互换）的流量，流量大于带宽通道下行方法的最大带宽，观察流量。【check2】 5、在上行发送仅服务不同其他字段均相同的流量，下行同时发送匹配该会话的流量，双向流量大小大于通道最大带宽，观察流量。【check3】 | N209: 【check1】上行方向匹配流量的按带宽通道上行最大带宽的流量通过。 【check2】下行方向匹配流量的按带宽通道下行最大带宽的流量通过。 【check3】流量不受影响带宽通道的最大带宽限制。 | O209: NGFW_V60R1C00 | P209: J1900,C236,EP | S209: 功能测试 | T209: 是 | W209: P2
F210: 验证IPv4带宽策略匹配在修改入接口后即时生效 | G210: Qos.match.object.put.0 | H210: 2211158 | I210: P4 | L210: 1、网元正常启动 2、在网元上选取任意两个接口（记为port1，port2）配置二层转发或者路由转发 | M210: 1、在网元上配置接口IP和业务 2、在port1和port2上配置IPv4带宽策略，引用步骤1中配置的入接口，他参数均为any，引用Qos通道的上下行限制最大带宽。 3、在Port1和Port2之间双向发送五元组变化的流量，流量大于通道的最大带宽，观察流量。【check1】 4、不停止流量修改入接口使其不在匹配该流量，观察流量。【check2】 | N210: 【check1】上行流量按照通道上行最大带宽通过，下行流量按照下行流量的最大带宽通过。 【check2】流量不受影响带宽通道的最大带宽限制。 | O210: NGFW_V60R1C00 | P210: J1900,C236,EP | S210: 耦合测试 | T210: 是 | W210: 是
F211: 验证IPv4带宽策略匹配在修改出接口后即时生效 | G211: Qos.match.object.put.1 | H211: 2211159 | I211: P4 | L211: 1、网元正常启动 2、在网元上选取任意两个接口（记为port1，port2）配置二层转发或者路由转发 | M211: 1、在网元上配置接口IP和业务 2、在port1和port2上配置IPv4带宽策略，引用步骤1中配置的出接口，他参数均为any，引用Qos通道的上下行限制最大带宽。 3、在Port1和Port2之间双向发送五元组变化的流量，流量大于通道的最大带宽，观察流量。【check1】 4、不停止流量修改出接口使其不在匹配该流量，观察流量。【check2】 | N211: 【check1】上行流量按照通道上行最大带宽通过，下行流量按照下行流量的最大带宽通过。 【check2】流量不受影响带宽通道的最大带宽限制。 | O211: NGFW_V60R1C00 | P211: J1900,C236,EP | S211: 耦合测试 | T211: 是 | W211: 是
F212: 验证IPv4带宽策略匹配在修改源地址后即时生效 | G212: Qos.match.object.put.2 | H212: 2211160 | I212: P4 | L212: 1、网元正常启动 2、在网元上选取任意两个接口（记为port1，port2）配置二层转发或者路由转发 | M212: 1、在网元上创建源地址 2、在port1和port2上配置IPv4带宽策略，引用步骤1中配置的源地址，他参数均为any，引用Qos通道的上下行限制最大带宽。 3、在Port1和Port2之间双向发送五元组变化的流量，流量大于通道的最大带宽，观察流量。【check1】 4、不停止流量修改源地址使其不在匹配该流量，观察流量。【check2】 | N212: 【check1】上行流量按照通道上行最大带宽通过，下行流量按照下行流量的最大带宽通过。 【check2】流量不受影响带宽通道的最大带宽限制。 | O212: NGFW_V60R1C00 | P212: J1900,C236,EP | S212: 耦合测试 | T212: 是 | W212: 是
F213: 验证IPv4带宽策略匹配在修改源地址组后即时生效 | G213: Qos.match.object.put.3 | H213: 2211161 | I213: P4 | L213: 1、网元正常启动 2、在网元上选取任意两个接口（记为port1，port2）配置二层转发或者路由转发 | M213: 1、在网元上创建源地址组 2、在port1和port2上配置IPv4带宽策略，引用步骤1中配置的源地址组，他参数均为any，引用Qos通道的上下行限制最大带宽。 3、在Port1和Port2之间双向发送五元组变化的流量，流量大于通道的最大带宽，观察流量。【check1】 4、不停止流量修改源地址组使其不在匹配该流量，观察流量。【check2】 | N213: 【check1】上行流量按照通道上行最大带宽通过，下行流量按照下行流量的最大带宽通过。 【check2】流量不受影响带宽通道的最大带宽限制。 | O213: NGFW_V60R1C00 | P213: J1900,C236,EP | S213: 耦合测试 | T213: 是 | W213: 是
F214: 验证IPv4带宽策略匹配在修改目的地址后即时生效 | G214: Qos.match.object.put.4 | H214: 2211162 | I214: P4 | L214: 1、网元正常启动 2、在网元上选取任意两个接口（记为port1，port2）配置二层转发或者路由转发 | M214: 1、在网元上创建目的地址 2、在port1和port2上配置IPv4带宽策略，引用步骤1中配置的目的地址，他参数均为any，引用Qos通道的上下行限制最大带宽。 3、在Port1和Port2之间双向发送五元组变化的流量，流量大于通道的最大带宽，观察流量。【check1】 4、不停止流量修改目的地址使其不在匹配该流量，观察流量。【check2】 | N214: 【check1】上行流量按照通道上行最大带宽通过，下行流量按照下行流量的最大带宽通过。 【check2】流量不受影响带宽通道的最大带宽限制。 | O214: NGFW_V60R1C00 | P214: J1900,C236,EP | S214: 耦合测试 | T214: 是 | W214: 是
F215: 验证IPv4带宽策略匹配在修改目的地址组后即时生效 | G215: Qos.match.object.put.5 | H215: 2211163 | I215: P4 | L215: 1、网元正常启动 2、在网元上选取任意两个接口（记为port1，port2）配置二层转发或者路由转发 | M215: 1、在网元上创建目的地址组 2、在port1和port2上配置IPv4带宽策略，引用步骤1中配置的目的地址组，他参数均为any，引用Qos通道的上下行限制最大带宽。 3、在Port1和Port2之间双向发送五元组变化的流量，流量大于通道的最大带宽，观察流量。【check1】 4、不停止流量修改目的地址组使其不在匹配该流量，观察流量。【check2】 | N215: 【check1】上行流量按照通道上行最大带宽通过，下行流量按照下行流量的最大带宽通过。 【check2】流量不受影响带宽通道的最大带宽限制。 | O215: NGFW_V60R1C00 | P215: J1900,C236,EP | S215: 耦合测试 | T215: 是 | W215: 是
F216: 验证IPv4带宽策略匹配在修改服务后即时生效 | G216: Qos.match.object.put.6 | H216: 2211164 | I216: P4 | L216: 1、网元正常启动 2、在网元上选取任意两个接口（记为port1，port2）配置二层转发或者路由转发 | M216: 1、在网元上创建服务 2、在port1和port2上配置IPv4带宽策略，引用步骤1中配置的服务，他参数均为any，引用Qos通道的上下行限制最大带宽。 3、在Port1和Port2之间双向发送五元组变化的流量，流量大于通道的最大带宽，观察流量。【check1】 4、不停止流量修改服务使其不在匹配该流量，观察流量。【check2】 | N216: 【check1】上行流量按照通道上行最大带宽通过，下行流量按照下行流量的最大带宽通过。 【check2】流量不受影响带宽通道的最大带宽限制。 | O216: NGFW_V60R1C00 | P216: J1900,C236,EP | S216: 耦合测试 | T216: 是 | W216: 是
F217: 验证IPv4带宽策略匹配在修改服务组后即时生效 | G217: Qos.match.object.put.7 | H217: 2211165 | I217: P4 | L217: 1、网元正常启动 2、在网元上选取任意两个接口（记为port1，port2）配置二层转发或者路由转发 | M217: 1、在网元上创建服务组 2、在port1和port2上配置IPv4带宽策略，引用步骤1中配置的服务组，他参数均为any，引用Qos通道的上下行限制最大带宽。 3、在Port1和Port2之间双向发送五元组变化的流量，流量大于通道的最大带宽，观察流量。【check1】 4、不停止流量修改服务组使其不在匹配该流量，观察流量。【check2】 | N217: 【check1】上行流量按照通道上行最大带宽通过，下行流量按照下行流量的最大带宽通过。 【check2】流量不受影响带宽通道的最大带宽限制。 | O217: NGFW_V60R1C00 | P217: J1900,C236,EP | S217: 耦合测试 | T217: 是 | W217: 是
F218: 验证IPv4带宽策略匹配在修改时间对象后即时生效 | G218: Qos.match.time.put.ptc0 | H218: 2211166 | I218: P4 | L218: 1、网元正常启动 2、在网元上选取任意两个接口（记为port1，port2）配置二层转发或者路由转发 | M218: 1、在网元上创建时间对象,系统时间在时间对象的生效范围内 2、在port1和port2上配置IPv4带宽策略，引用步骤1中配置的时间对象，他参数均为any，引用Qos通道的上下行限制最大带宽。 3、在Port1和Port2之间双向发送五元组变化的流量，流量大于通道的最大带宽，观察流量。【check1】 4、不停止流量修改时间对象使系统时间不在生效范围内，观察带宽策略和流量。【check2】 | N218: 【check1】上行流量按照通道上行最大带宽通过，下行流量按照下行流量的最大带宽通过。 【check2】带宽策略被禁用，流量不受影响带宽通道的最大带宽限制。 | O218: NGFW_V60R1C00 | P218: J1900,C236,EP | S218: 耦合测试 | T218: 否
...

Sheet 附录1
A1: 统计信息
A2: 用例级别 | B2: 目标占比 | C2: 实际占比
A3: LEVEL0~1 | B3: <15% | C3: =C$9+C$10 -> #DIV/0!
A4: LEVEL2~3 | B4: >40% | C4: =C$11+C$12 -> #DIV/0!
A5: LEVEL0~3 | B5: >60% | C5: =C$9+C$10+C$11+C$12 -> #DIV/0!
A6: 可自动化率 | B6: =E9/SUM(E9:E10) -> 0.76070529
A7: 详细数据
A8: 用例级别 | B8: 数量 | C8: 占比 | D8: 是否自动化 | E8: 数量
A9: LEVEL0 | B9: =COUNTIF(用例全集!$I:$I,A9) -> 0 | C9: =B9/SUM(B$9:B$15) -> #DIV/0! | D9: 是 | E9: =COUNTIF(用例全集!$T:$T,D9) -> 302
A10: LEVEL1 | B10: =COUNTIF(用例全集!$I:$I,A10) -> 0 | C10: =B10/SUM(B$9:B$15) -> #DIV/0! | D10: 否 | E10: =COUNTIF(用例全集!$T:$T,D10) -> 95
A11: LEVEL2 | B11: =COUNTIF(用例全集!$I:$I,A11) -> 0 | C11: =B11/SUM(B$9:B$15) -> #DIV/0!
A12: LEVEL3 | B12: =COUNTIF(用例全集!$I:$I,A12) -> 0 | C12: =B12/SUM(B$9:B$15) -> #DIV/0!
A13: LEVEL4 | B13: =COUNTIF(用例全集!$I:$I,A13) -> 0 | C13: =B13/SUM(B$9:B$15) -> #DIV/0!
A14: LEVEL5 | B14: =COUNTIF(用例全集!$I:$I,A14) -> 0 | C14: =B14/SUM(B$9:B$15) -> #DIV/0!
A15: LEVEL6 | B15: =COUNTIF(用例全集!$I:$I,A15) -> 0 | C15: =B15/SUM(B$9:B$15) -> #DIV/0!
A16: 总数 | B16: =SUM(B9:B15) -> 0
A19: 用例基线时间点
A20: TR5基线一次 | B20: TR6基线一次
A22: 字段填写说明
A23: 用例编号 | B23: 使用1到4级目录加三位数字，例如SrvQuality.Qos.Classfy.DiffServ001
A24: 用例级别 | B24: 使用LEVEL0~LEVEL6级，定义说明见下表
B25: 用例级别 | C25: 描述 | D25: 应用场景 | E25: 主要作用 | F25: 选取原则 | G25: 特殊要求
B26: P1 | C26: 接口用例 | D26: 【应用场景】API接口级测试 | E26: 【主要作用】验证设备所有功能配置接口可以正常下发，为所有测试活动开展的基础 | F26: 【选取原则】所有API接口测试的用例，不需要组网和仪表即可完成的测试用例 | G26: 【特殊要求】该层级的用例要求100%实现自动化
B27: P2 | C27: 冒烟/预测试用例 | D27: 【应用场景】开发转测前自验证 | E27: 【主要作用】保证代码修改合入不会影响特性基本功能，主要是保障转发测试的入口质量要求 | F27: 【选取原则】保证特性中最核心功能，测试通过后不会出现三分之一的用例阻塞 | G27: 【特殊要求】至少占特性功能用例的5%左右，对于老版本特性需要100%实现自动化
B28: P3 | C28: 接收/回归/必测用例 | D28: 【应用场景】用于版本转发测试评估（接收用例集），用于版本发布必须测试的用例（回归用例集/必测用例集） | E28: 【主要作用】用于版本转发测试评估是否存在阻塞的特性或功能，用于发布版本验证保证发布版本不存在客户必用的功能存在问题和性能不达标等 | F28: 【选取原则】特性中最基本功能、客户必然会使用的功能以及客户可以接受的最低性能要求 | G28: 【特殊要求】验证周期小于2天，占比所有非接口用例xx%以上，对于老版本用例自动化率高于xx%
B29: P4 | C29: 全量测试用例（测试验证，全量验证） | D29: 【应用场景】用于覆盖客户可能存在的使用场景和功能，以及验证产品满足设计规格以及相关的DFX要求 | E29: 【主要作用】验证保障版本发布后能够满足客户的使用，并满足相关的DFX需求 | F29: 【选取原则】全量用例集，包括可靠性、耦合、升级等测试用例 | G29: 【特殊要求】在非特性配置用例中占比低于xx%
B30: LEVEL4 | C30: 特性可靠性 | D30: 包含单特性的可靠性测试用例。包括反复增删单特性配置、复位重启、拔插单板、网线、主备切换等
B31: LEVEL5 | C31: 特性耦合测试 | D31: 包含两特性耦合和多特性耦合测试用例
B32: LEVEL6 | C32: 特性升级 | D32: 单特性的升级测试用例，包括升级前后配置检查、升级后观察业务、增删配置等
A33: 组网描述 | B33: 必须是用英文的逗号分隔。例如Update01,Update02
A34: 组网约束 | B34: 按实际情况填写
A35: 预置条件 | B35: 按实际情况填写
A36: 测试步骤 | B36: 通常一个用例不超过7步
A37: 预期结果 | B37: 使用check点的方式填写
A38: 适用版本 | B38: 必须以英文逗号分隔,必须使用统一的名称:V1R1C00,V1R1C01
A39: 设备类型* | B39: 必须以英文逗号分隔,J1900,C236,EP
A40: 单板类型 | B40: 必须以英文逗号分隔,
A41: 关键词 | B41: 必须以逗号分隔，公共的关键字必须一致，新增关键字找用例管理员申请
A42: 测试类型* | B42: 接口测试:API测试对应P0 功能测试: 可靠性测试:报错容错、容限、疲劳、配置恢复等测试 性能测试: 耦合测试: 安装部署:升级测试,安装测试 配置相关:UI 安全相关:设备安全性
A43: 是否自动化* | B43: "是"或者"否"
A44: 需求编号 | B44: 暂时不填
A45: 备注 | B45: 按实际情况填写 用例生成工具说明: 1、${}形式的测试数据直接替换 2、$[]形式的测试数据会在同一个用例中重复测试步骤
